id,domain,scope,lens,impact,criterion,status
BR-01-01,Brand signal,"identidad, marca y reconocimiento",intent,estratégico,"En identidad, marca y reconocimiento, comprobar que existe una intención verificable y no solo una decisión ornamental. Variante 1: el caso debe tener evidencia visible y no una promesa abstracta.",pendiente de auditoría
BR-01-02,Brand signal,"identidad, marca y reconocimiento",intent,estratégico,"En identidad, marca y reconocimiento, comprobar que existe una intención verificable y no solo una decisión ornamental. Variante 2: el caso debe tener evidencia visible y no una promesa abstracta.",pendiente de auditoría
BR-01-03,Brand signal,"identidad, marca y reconocimiento",intent,estratégico,"En identidad, marca y reconocimiento, comprobar que existe una intención verificable y no solo una decisión ornamental. Variante 3: el caso debe tener evidencia visible y no una promesa abstracta.",pendiente de auditoría
BR-01-04,Brand signal,"identidad, marca y reconocimiento",intent,estratégico,"En identidad, marca y reconocimiento, comprobar que existe una intención verificable y no solo una decisión ornamental. Variante 4: el caso debe tener evidencia visible y no una promesa abstracta.",pendiente de auditoría
BR-01-05,Brand signal,"identidad, marca y reconocimiento",intent,estratégico,"En identidad, marca y reconocimiento, comprobar que existe una intención verificable y no solo una decisión ornamental. Variante 5: el caso debe tener evidencia visible y no una promesa abstracta.",pendiente de auditoría
BR-01-06,Brand signal,"identidad, marca y reconocimiento",intent,estratégico,"En identidad, marca y reconocimiento, comprobar que existe una intención verificable y no solo una decisión ornamental. Variante 6: el caso debe tener evidencia visible y no una promesa abstracta.",pendiente de auditoría
BR-01-07,Brand signal,"identidad, marca y reconocimiento",intent,estratégico,"En identidad, marca y reconocimiento, comprobar que existe una intención verificable y no solo una decisión ornamental. Variante 7: el caso debe tener evidencia visible y no una promesa abstracta.",pendiente de auditoría
BR-01-08,Brand signal,"identidad, marca y reconocimiento",intent,estratégico,"En identidad, marca y reconocimiento, comprobar que existe una intención verificable y no solo una decisión ornamental. Variante 8: el caso debe tener evidencia visible y no una promesa abstracta.",pendiente de auditoría
BR-01-09,Brand signal,"identidad, marca y reconocimiento",intent,estratégico,"En identidad, marca y reconocimiento, comprobar que existe una intención verificable y no solo una decisión ornamental. Variante 9: el caso debe tener evidencia visible y no una promesa abstracta.",pendiente de auditoría
BR-01-10,Brand signal,"identidad, marca y reconocimiento",intent,estratégico,"En identidad, marca y reconocimiento, comprobar que existe una intención verificable y no solo una decisión ornamental. Variante 10: el caso debe tener evidencia visible y no una promesa abstracta.",pendiente de auditoría
BR-02-01,Brand signal,"identidad, marca y reconocimiento",audience,alto,"En identidad, marca y reconocimiento, comprobar que la decisión sirve al público objetivo y al contexto de uso. Variante 1: el caso debe tener evidencia visible y no una promesa abstracta.",pendiente de auditoría
BR-02-02,Brand signal,"identidad, marca y reconocimiento",audience,alto,"En identidad, marca y reconocimiento, comprobar que la decisión sirve al público objetivo y al contexto de uso. Variante 2: el caso debe tener evidencia visible y no una promesa abstracta.",pendiente de auditoría
BR-02-03,Brand signal,"identidad, marca y reconocimiento",audience,alto,"En identidad, marca y reconocimiento, comprobar que la decisión sirve al público objetivo y al contexto de uso. Variante 3: el caso debe tener evidencia visible y no una promesa abstracta.",pendiente de auditoría
BR-02-04,Brand signal,"identidad, marca y reconocimiento",audience,alto,"En identidad, marca y reconocimiento, comprobar que la decisión sirve al público objetivo y al contexto de uso. Variante 4: el caso debe tener evidencia visible y no una promesa abstracta.",pendiente de auditoría
BR-02-05,Brand signal,"identidad, marca y reconocimiento",audience,alto,"En identidad, marca y reconocimiento, comprobar que la decisión sirve al público objetivo y al contexto de uso. Variante 5: el caso debe tener evidencia visible y no una promesa abstracta.",pendiente de auditoría
BR-02-06,Brand signal,"identidad, marca y reconocimiento",audience,alto,"En identidad, marca y reconocimiento, comprobar que la decisión sirve al público objetivo y al contexto de uso. Variante 6: el caso debe tener evidencia visible y no una promesa abstracta.",pendiente de auditoría
BR-02-07,Brand signal,"identidad, marca y reconocimiento",audience,alto,"En identidad, marca y reconocimiento, comprobar que la decisión sirve al público objetivo y al contexto de uso. Variante 7: el caso debe tener evidencia visible y no una promesa abstracta.",pendiente de auditoría
BR-02-08,Brand signal,"identidad, marca y reconocimiento",audience,alto,"En identidad, marca y reconocimiento, comprobar que la decisión sirve al público objetivo y al contexto de uso. Variante 8: el caso debe tener evidencia visible y no una promesa abstracta.",pendiente de auditoría
BR-02-09,Brand signal,"identidad, marca y reconocimiento",audience,alto,"En identidad, marca y reconocimiento, comprobar que la decisión sirve al público objetivo y al contexto de uso. Variante 9: el caso debe tener evidencia visible y no una promesa abstracta.",pendiente de auditoría
BR-02-10,Brand signal,"identidad, marca y reconocimiento",audience,alto,"En identidad, marca y reconocimiento, comprobar que la decisión sirve al público objetivo y al contexto de uso. Variante 10: el caso debe tener evidencia visible y no una promesa abstracta.",pendiente de auditoría
BR-03-01,Brand signal,"identidad, marca y reconocimiento",hierarchy,alto,"En identidad, marca y reconocimiento, comprobar que la jerarquía comunica lo importante antes de lo accesorio. Variante 1: el caso debe tener evidencia visible y no una promesa abstracta.",pendiente de auditoría
BR-03-02,Brand signal,"identidad, marca y reconocimiento",hierarchy,alto,"En identidad, marca y reconocimiento, comprobar que la jerarquía comunica lo importante antes de lo accesorio. Variante 2: el caso debe tener evidencia visible y no una promesa abstracta.",pendiente de auditoría
BR-03-03,Brand signal,"identidad, marca y reconocimiento",hierarchy,alto,"En identidad, marca y reconocimiento, comprobar que la jerarquía comunica lo importante antes de lo accesorio. Variante 3: el caso debe tener evidencia visible y no una promesa abstracta.",pendiente de auditoría
BR-03-04,Brand signal,"identidad, marca y reconocimiento",hierarchy,alto,"En identidad, marca y reconocimiento, comprobar que la jerarquía comunica lo importante antes de lo accesorio. Variante 4: el caso debe tener evidencia visible y no una promesa abstracta.",pendiente de auditoría
BR-03-05,Brand signal,"identidad, marca y reconocimiento",hierarchy,alto,"En identidad, marca y reconocimiento, comprobar que la jerarquía comunica lo importante antes de lo accesorio. Variante 5: el caso debe tener evidencia visible y no una promesa abstracta.",pendiente de auditoría
BR-03-06,Brand signal,"identidad, marca y reconocimiento",hierarchy,alto,"En identidad, marca y reconocimiento, comprobar que la jerarquía comunica lo importante antes de lo accesorio. Variante 6: el caso debe tener evidencia visible y no una promesa abstracta.",pendiente de auditoría
BR-03-07,Brand signal,"identidad, marca y reconocimiento",hierarchy,alto,"En identidad, marca y reconocimiento, comprobar que la jerarquía comunica lo importante antes de lo accesorio. Variante 7: el caso debe tener evidencia visible y no una promesa abstracta.",pendiente de auditoría
BR-03-08,Brand signal,"identidad, marca y reconocimiento",hierarchy,alto,"En identidad, marca y reconocimiento, comprobar que la jerarquía comunica lo importante antes de lo accesorio. Variante 8: el caso debe tener evidencia visible y no una promesa abstracta.",pendiente de auditoría
BR-03-09,Brand signal,"identidad, marca y reconocimiento",hierarchy,alto,"En identidad, marca y reconocimiento, comprobar que la jerarquía comunica lo importante antes de lo accesorio. Variante 9: el caso debe tener evidencia visible y no una promesa abstracta.",pendiente de auditoría
BR-03-10,Brand signal,"identidad, marca y reconocimiento",hierarchy,alto,"En identidad, marca y reconocimiento, comprobar que la jerarquía comunica lo importante antes de lo accesorio. Variante 10: el caso debe tener evidencia visible y no una promesa abstracta.",pendiente de auditoría
BR-04-01,Brand signal,"identidad, marca y reconocimiento",coherence,alto,"En identidad, marca y reconocimiento, comprobar que la ejecución mantiene coherencia con el sistema visual completo. Variante 1: el caso debe tener evidencia visible y no una promesa abstracta.",pendiente de auditoría
BR-04-02,Brand signal,"identidad, marca y reconocimiento",coherence,alto,"En identidad, marca y reconocimiento, comprobar que la ejecución mantiene coherencia con el sistema visual completo. Variante 2: el caso debe tener evidencia visible y no una promesa abstracta.",pendiente de auditoría
BR-04-03,Brand signal,"identidad, marca y reconocimiento",coherence,alto,"En identidad, marca y reconocimiento, comprobar que la ejecución mantiene coherencia con el sistema visual completo. Variante 3: el caso debe tener evidencia visible y no una promesa abstracta.",pendiente de auditoría
BR-04-04,Brand signal,"identidad, marca y reconocimiento",coherence,alto,"En identidad, marca y reconocimiento, comprobar que la ejecución mantiene coherencia con el sistema visual completo. Variante 4: el caso debe tener evidencia visible y no una promesa abstracta.",pendiente de auditoría
BR-04-05,Brand signal,"identidad, marca y reconocimiento",coherence,alto,"En identidad, marca y reconocimiento, comprobar que la ejecución mantiene coherencia con el sistema visual completo. Variante 5: el caso debe tener evidencia visible y no una promesa abstracta.",pendiente de auditoría
BR-04-06,Brand signal,"identidad, marca y reconocimiento",coherence,alto,"En identidad, marca y reconocimiento, comprobar que la ejecución mantiene coherencia con el sistema visual completo. Variante 6: el caso debe tener evidencia visible y no una promesa abstracta.",pendiente de auditoría
BR-04-07,Brand signal,"identidad, marca y reconocimiento",coherence,alto,"En identidad, marca y reconocimiento, comprobar que la ejecución mantiene coherencia con el sistema visual completo. Variante 7: el caso debe tener evidencia visible y no una promesa abstracta.",pendiente de auditoría
BR-04-08,Brand signal,"identidad, marca y reconocimiento",coherence,alto,"En identidad, marca y reconocimiento, comprobar que la ejecución mantiene coherencia con el sistema visual completo. Variante 8: el caso debe tener evidencia visible y no una promesa abstracta.",pendiente de auditoría
BR-04-09,Brand signal,"identidad, marca y reconocimiento",coherence,alto,"En identidad, marca y reconocimiento, comprobar que la ejecución mantiene coherencia con el sistema visual completo. Variante 9: el caso debe tener evidencia visible y no una promesa abstracta.",pendiente de auditoría
BR-04-10,Brand signal,"identidad, marca y reconocimiento",coherence,alto,"En identidad, marca y reconocimiento, comprobar que la ejecución mantiene coherencia con el sistema visual completo. Variante 10: el caso debe tener evidencia visible y no una promesa abstracta.",pendiente de auditoría
BR-05-01,Brand signal,"identidad, marca y reconocimiento",inclusion,crítico,"En identidad, marca y reconocimiento, comprobar que la experiencia funciona sin depender de una única capacidad sensorial. Variante 1: el caso debe tener evidencia visible y no una promesa abstracta.",pendiente de auditoría
BR-05-02,Brand signal,"identidad, marca y reconocimiento",inclusion,crítico,"En identidad, marca y reconocimiento, comprobar que la experiencia funciona sin depender de una única capacidad sensorial. Variante 2: el caso debe tener evidencia visible y no una promesa abstracta.",pendiente de auditoría
BR-05-03,Brand signal,"identidad, marca y reconocimiento",inclusion,crítico,"En identidad, marca y reconocimiento, comprobar que la experiencia funciona sin depender de una única capacidad sensorial. Variante 3: el caso debe tener evidencia visible y no una promesa abstracta.",pendiente de auditoría
BR-05-04,Brand signal,"identidad, marca y reconocimiento",inclusion,crítico,"En identidad, marca y reconocimiento, comprobar que la experiencia funciona sin depender de una única capacidad sensorial. Variante 4: el caso debe tener evidencia visible y no una promesa abstracta.",pendiente de auditoría
BR-05-05,Brand signal,"identidad, marca y reconocimiento",inclusion,crítico,"En identidad, marca y reconocimiento, comprobar que la experiencia funciona sin depender de una única capacidad sensorial. Variante 5: el caso debe tener evidencia visible y no una promesa abstracta.",pendiente de auditoría
BR-05-06,Brand signal,"identidad, marca y reconocimiento",inclusion,crítico,"En identidad, marca y reconocimiento, comprobar que la experiencia funciona sin depender de una única capacidad sensorial. Variante 6: el caso debe tener evidencia visible y no una promesa abstracta.",pendiente de auditoría
BR-05-07,Brand signal,"identidad, marca y reconocimiento",inclusion,crítico,"En identidad, marca y reconocimiento, comprobar que la experiencia funciona sin depender de una única capacidad sensorial. Variante 7: el caso debe tener evidencia visible y no una promesa abstracta.",pendiente de auditoría
BR-05-08,Brand signal,"identidad, marca y reconocimiento",inclusion,crítico,"En identidad, marca y reconocimiento, comprobar que la experiencia funciona sin depender de una única capacidad sensorial. Variante 8: el caso debe tener evidencia visible y no una promesa abstracta.",pendiente de auditoría
BR-05-09,Brand signal,"identidad, marca y reconocimiento",inclusion,crítico,"En identidad, marca y reconocimiento, comprobar que la experiencia funciona sin depender de una única capacidad sensorial. Variante 9: el caso debe tener evidencia visible y no una promesa abstracta.",pendiente de auditoría
BR-05-10,Brand signal,"identidad, marca y reconocimiento",inclusion,crítico,"En identidad, marca y reconocimiento, comprobar que la experiencia funciona sin depender de una única capacidad sensorial. Variante 10: el caso debe tener evidencia visible y no una promesa abstracta.",pendiente de auditoría
BR-06-01,Brand signal,"identidad, marca y reconocimiento",feedback,alto,"En identidad, marca y reconocimiento, comprobar que la respuesta del sistema es clara, reversible y observable. Variante 1: el caso debe tener evidencia visible y no una promesa abstracta.",pendiente de auditoría
BR-06-02,Brand signal,"identidad, marca y reconocimiento",feedback,alto,"En identidad, marca y reconocimiento, comprobar que la respuesta del sistema es clara, reversible y observable. Variante 2: el caso debe tener evidencia visible y no una promesa abstracta.",pendiente de auditoría
BR-06-03,Brand signal,"identidad, marca y reconocimiento",feedback,alto,"En identidad, marca y reconocimiento, comprobar que la respuesta del sistema es clara, reversible y observable. Variante 3: el caso debe tener evidencia visible y no una promesa abstracta.",pendiente de auditoría
BR-06-04,Brand signal,"identidad, marca y reconocimiento",feedback,alto,"En identidad, marca y reconocimiento, comprobar que la respuesta del sistema es clara, reversible y observable. Variante 4: el caso debe tener evidencia visible y no una promesa abstracta.",pendiente de auditoría
BR-06-05,Brand signal,"identidad, marca y reconocimiento",feedback,alto,"En identidad, marca y reconocimiento, comprobar que la respuesta del sistema es clara, reversible y observable. Variante 5: el caso debe tener evidencia visible y no una promesa abstracta.",pendiente de auditoría
BR-06-06,Brand signal,"identidad, marca y reconocimiento",feedback,alto,"En identidad, marca y reconocimiento, comprobar que la respuesta del sistema es clara, reversible y observable. Variante 6: el caso debe tener evidencia visible y no una promesa abstracta.",pendiente de auditoría
BR-06-07,Brand signal,"identidad, marca y reconocimiento",feedback,alto,"En identidad, marca y reconocimiento, comprobar que la respuesta del sistema es clara, reversible y observable. Variante 7: el caso debe tener evidencia visible y no una promesa abstracta.",pendiente de auditoría
BR-06-08,Brand signal,"identidad, marca y reconocimiento",feedback,alto,"En identidad, marca y reconocimiento, comprobar que la respuesta del sistema es clara, reversible y observable. Variante 8: el caso debe tener evidencia visible y no una promesa abstracta.",pendiente de auditoría
BR-06-09,Brand signal,"identidad, marca y reconocimiento",feedback,alto,"En identidad, marca y reconocimiento, comprobar que la respuesta del sistema es clara, reversible y observable. Variante 9: el caso debe tener evidencia visible y no una promesa abstracta.",pendiente de auditoría
BR-06-10,Brand signal,"identidad, marca y reconocimiento",feedback,alto,"En identidad, marca y reconocimiento, comprobar que la respuesta del sistema es clara, reversible y observable. Variante 10: el caso debe tener evidencia visible y no una promesa abstracta.",pendiente de auditoría
BR-07-01,Brand signal,"identidad, marca y reconocimiento",performance,crítico,"En identidad, marca y reconocimiento, comprobar que la decisión conserva rendimiento y no añade fricción innecesaria. Variante 1: el caso debe tener evidencia visible y no una promesa abstracta.",pendiente de auditoría
BR-07-02,Brand signal,"identidad, marca y reconocimiento",performance,crítico,"En identidad, marca y reconocimiento, comprobar que la decisión conserva rendimiento y no añade fricción innecesaria. Variante 2: el caso debe tener evidencia visible y no una promesa abstracta.",pendiente de auditoría
BR-07-03,Brand signal,"identidad, marca y reconocimiento",performance,crítico,"En identidad, marca y reconocimiento, comprobar que la decisión conserva rendimiento y no añade fricción innecesaria. Variante 3: el caso debe tener evidencia visible y no una promesa abstracta.",pendiente de auditoría
BR-07-04,Brand signal,"identidad, marca y reconocimiento",performance,crítico,"En identidad, marca y reconocimiento, comprobar que la decisión conserva rendimiento y no añade fricción innecesaria. Variante 4: el caso debe tener evidencia visible y no una promesa abstracta.",pendiente de auditoría
BR-07-05,Brand signal,"identidad, marca y reconocimiento",performance,crítico,"En identidad, marca y reconocimiento, comprobar que la decisión conserva rendimiento y no añade fricción innecesaria. Variante 5: el caso debe tener evidencia visible y no una promesa abstracta.",pendiente de auditoría
BR-07-06,Brand signal,"identidad, marca y reconocimiento",performance,crítico,"En identidad, marca y reconocimiento, comprobar que la decisión conserva rendimiento y no añade fricción innecesaria. Variante 6: el caso debe tener evidencia visible y no una promesa abstracta.",pendiente de auditoría
BR-07-07,Brand signal,"identidad, marca y reconocimiento",performance,crítico,"En identidad, marca y reconocimiento, comprobar que la decisión conserva rendimiento y no añade fricción innecesaria. Variante 7: el caso debe tener evidencia visible y no una promesa abstracta.",pendiente de auditoría
BR-07-08,Brand signal,"identidad, marca y reconocimiento",performance,crítico,"En identidad, marca y reconocimiento, comprobar que la decisión conserva rendimiento y no añade fricción innecesaria. Variante 8: el caso debe tener evidencia visible y no una promesa abstracta.",pendiente de auditoría
BR-07-09,Brand signal,"identidad, marca y reconocimiento",performance,crítico,"En identidad, marca y reconocimiento, comprobar que la decisión conserva rendimiento y no añade fricción innecesaria. Variante 9: el caso debe tener evidencia visible y no una promesa abstracta.",pendiente de auditoría
BR-07-10,Brand signal,"identidad, marca y reconocimiento",performance,crítico,"En identidad, marca y reconocimiento, comprobar que la decisión conserva rendimiento y no añade fricción innecesaria. Variante 10: el caso debe tener evidencia visible y no una promesa abstracta.",pendiente de auditoría
BR-08-01,Brand signal,"identidad, marca y reconocimiento",responsive,crítico,"En identidad, marca y reconocimiento, comprobar que la implementación se comporta correctamente en distintos tamaños. Variante 1: el caso debe tener evidencia visible y no una promesa abstracta.",pendiente de auditoría
BR-08-02,Brand signal,"identidad, marca y reconocimiento",responsive,crítico,"En identidad, marca y reconocimiento, comprobar que la implementación se comporta correctamente en distintos tamaños. Variante 2: el caso debe tener evidencia visible y no una promesa abstracta.",pendiente de auditoría
BR-08-03,Brand signal,"identidad, marca y reconocimiento",responsive,crítico,"En identidad, marca y reconocimiento, comprobar que la implementación se comporta correctamente en distintos tamaños. Variante 3: el caso debe tener evidencia visible y no una promesa abstracta.",pendiente de auditoría
BR-08-04,Brand signal,"identidad, marca y reconocimiento",responsive,crítico,"En identidad, marca y reconocimiento, comprobar que la implementación se comporta correctamente en distintos tamaños. Variante 4: el caso debe tener evidencia visible y no una promesa abstracta.",pendiente de auditoría
BR-08-05,Brand signal,"identidad, marca y reconocimiento",responsive,crítico,"En identidad, marca y reconocimiento, comprobar que la implementación se comporta correctamente en distintos tamaños. Variante 5: el caso debe tener evidencia visible y no una promesa abstracta.",pendiente de auditoría
BR-08-06,Brand signal,"identidad, marca y reconocimiento",responsive,crítico,"En identidad, marca y reconocimiento, comprobar que la implementación se comporta correctamente en distintos tamaños. Variante 6: el caso debe tener evidencia visible y no una promesa abstracta.",pendiente de auditoría
BR-08-07,Brand signal,"identidad, marca y reconocimiento",responsive,crítico,"En identidad, marca y reconocimiento, comprobar que la implementación se comporta correctamente en distintos tamaños. Variante 7: el caso debe tener evidencia visible y no una promesa abstracta.",pendiente de auditoría
BR-08-08,Brand signal,"identidad, marca y reconocimiento",responsive,crítico,"En identidad, marca y reconocimiento, comprobar que la implementación se comporta correctamente en distintos tamaños. Variante 8: el caso debe tener evidencia visible y no una promesa abstracta.",pendiente de auditoría
BR-08-09,Brand signal,"identidad, marca y reconocimiento",responsive,crítico,"En identidad, marca y reconocimiento, comprobar que la implementación se comporta correctamente en distintos tamaños. Variante 9: el caso debe tener evidencia visible y no una promesa abstracta.",pendiente de auditoría
BR-08-10,Brand signal,"identidad, marca y reconocimiento",responsive,crítico,"En identidad, marca y reconocimiento, comprobar que la implementación se comporta correctamente en distintos tamaños. Variante 10: el caso debe tener evidencia visible y no una promesa abstracta.",pendiente de auditoría
BR-09-01,Brand signal,"identidad, marca y reconocimiento",distinctiveness,alto,"En identidad, marca y reconocimiento, comprobar que la solución es suficientemente propia para ser recordada y defendida. Variante 1: el caso debe tener evidencia visible y no una promesa abstracta.",pendiente de auditoría
BR-09-02,Brand signal,"identidad, marca y reconocimiento",distinctiveness,alto,"En identidad, marca y reconocimiento, comprobar que la solución es suficientemente propia para ser recordada y defendida. Variante 2: el caso debe tener evidencia visible y no una promesa abstracta.",pendiente de auditoría
BR-09-03,Brand signal,"identidad, marca y reconocimiento",distinctiveness,alto,"En identidad, marca y reconocimiento, comprobar que la solución es suficientemente propia para ser recordada y defendida. Variante 3: el caso debe tener evidencia visible y no una promesa abstracta.",pendiente de auditoría
BR-09-04,Brand signal,"identidad, marca y reconocimiento",distinctiveness,alto,"En identidad, marca y reconocimiento, comprobar que la solución es suficientemente propia para ser recordada y defendida. Variante 4: el caso debe tener evidencia visible y no una promesa abstracta.",pendiente de auditoría
BR-09-05,Brand signal,"identidad, marca y reconocimiento",distinctiveness,alto,"En identidad, marca y reconocimiento, comprobar que la solución es suficientemente propia para ser recordada y defendida. Variante 5: el caso debe tener evidencia visible y no una promesa abstracta.",pendiente de auditoría
BR-09-06,Brand signal,"identidad, marca y reconocimiento",distinctiveness,alto,"En identidad, marca y reconocimiento, comprobar que la solución es suficientemente propia para ser recordada y defendida. Variante 6: el caso debe tener evidencia visible y no una promesa abstracta.",pendiente de auditoría
BR-09-07,Brand signal,"identidad, marca y reconocimiento",distinctiveness,alto,"En identidad, marca y reconocimiento, comprobar que la solución es suficientemente propia para ser recordada y defendida. Variante 7: el caso debe tener evidencia visible y no una promesa abstracta.",pendiente de auditoría
BR-09-08,Brand signal,"identidad, marca y reconocimiento",distinctiveness,alto,"En identidad, marca y reconocimiento, comprobar que la solución es suficientemente propia para ser recordada y defendida. Variante 8: el caso debe tener evidencia visible y no una promesa abstracta.",pendiente de auditoría
BR-09-09,Brand signal,"identidad, marca y reconocimiento",distinctiveness,alto,"En identidad, marca y reconocimiento, comprobar que la solución es suficientemente propia para ser recordada y defendida. Variante 9: el caso debe tener evidencia visible y no una promesa abstracta.",pendiente de auditoría
BR-09-10,Brand signal,"identidad, marca y reconocimiento",distinctiveness,alto,"En identidad, marca y reconocimiento, comprobar que la solución es suficientemente propia para ser recordada y defendida. Variante 10: el caso debe tener evidencia visible y no una promesa abstracta.",pendiente de auditoría
BR-10-01,Brand signal,"identidad, marca y reconocimiento",verification,crítico,"En identidad, marca y reconocimiento, comprobar que el resultado puede validarse con una prueba concreta antes de publicarse. Variante 1: el caso debe tener evidencia visible y no una promesa abstracta.",pendiente de auditoría
BR-10-02,Brand signal,"identidad, marca y reconocimiento",verification,crítico,"En identidad, marca y reconocimiento, comprobar que el resultado puede validarse con una prueba concreta antes de publicarse. Variante 2: el caso debe tener evidencia visible y no una promesa abstracta.",pendiente de auditoría
BR-10-03,Brand signal,"identidad, marca y reconocimiento",verification,crítico,"En identidad, marca y reconocimiento, comprobar que el resultado puede validarse con una prueba concreta antes de publicarse. Variante 3: el caso debe tener evidencia visible y no una promesa abstracta.",pendiente de auditoría
BR-10-04,Brand signal,"identidad, marca y reconocimiento",verification,crítico,"En identidad, marca y reconocimiento, comprobar que el resultado puede validarse con una prueba concreta antes de publicarse. Variante 4: el caso debe tener evidencia visible y no una promesa abstracta.",pendiente de auditoría
BR-10-05,Brand signal,"identidad, marca y reconocimiento",verification,crítico,"En identidad, marca y reconocimiento, comprobar que el resultado puede validarse con una prueba concreta antes de publicarse. Variante 5: el caso debe tener evidencia visible y no una promesa abstracta.",pendiente de auditoría
BR-10-06,Brand signal,"identidad, marca y reconocimiento",verification,crítico,"En identidad, marca y reconocimiento, comprobar que el resultado puede validarse con una prueba concreta antes de publicarse. Variante 6: el caso debe tener evidencia visible y no una promesa abstracta.",pendiente de auditoría
BR-10-07,Brand signal,"identidad, marca y reconocimiento",verification,crítico,"En identidad, marca y reconocimiento, comprobar que el resultado puede validarse con una prueba concreta antes de publicarse. Variante 7: el caso debe tener evidencia visible y no una promesa abstracta.",pendiente de auditoría
BR-10-08,Brand signal,"identidad, marca y reconocimiento",verification,crítico,"En identidad, marca y reconocimiento, comprobar que el resultado puede validarse con una prueba concreta antes de publicarse. Variante 8: el caso debe tener evidencia visible y no una promesa abstracta.",pendiente de auditoría
BR-10-09,Brand signal,"identidad, marca y reconocimiento",verification,crítico,"En identidad, marca y reconocimiento, comprobar que el resultado puede validarse con una prueba concreta antes de publicarse. Variante 9: el caso debe tener evidencia visible y no una promesa abstracta.",pendiente de auditoría
BR-10-10,Brand signal,"identidad, marca y reconocimiento",verification,crítico,"En identidad, marca y reconocimiento, comprobar que el resultado puede validarse con una prueba concreta antes de publicarse. Variante 10: el caso debe tener evidencia visible y no una promesa abstracta.",pendiente de auditoría
NA-01-01,Narrative,"narrativa, concepto y punto de vista",intent,estratégico,"En narrativa, concepto y punto de vista, comprobar que existe una intención verificable y no solo una decisión ornamental. Variante 1: el caso debe tener evidencia visible y no una promesa abstracta.",pendiente de auditoría
NA-01-02,Narrative,"narrativa, concepto y punto de vista",intent,estratégico,"En narrativa, concepto y punto de vista, comprobar que existe una intención verificable y no solo una decisión ornamental. Variante 2: el caso debe tener evidencia visible y no una promesa abstracta.",pendiente de auditoría
NA-01-03,Narrative,"narrativa, concepto y punto de vista",intent,estratégico,"En narrativa, concepto y punto de vista, comprobar que existe una intención verificable y no solo una decisión ornamental. Variante 3: el caso debe tener evidencia visible y no una promesa abstracta.",pendiente de auditoría
NA-01-04,Narrative,"narrativa, concepto y punto de vista",intent,estratégico,"En narrativa, concepto y punto de vista, comprobar que existe una intención verificable y no solo una decisión ornamental. Variante 4: el caso debe tener evidencia visible y no una promesa abstracta.",pendiente de auditoría
NA-01-05,Narrative,"narrativa, concepto y punto de vista",intent,estratégico,"En narrativa, concepto y punto de vista, comprobar que existe una intención verificable y no solo una decisión ornamental. Variante 5: el caso debe tener evidencia visible y no una promesa abstracta.",pendiente de auditoría
NA-01-06,Narrative,"narrativa, concepto y punto de vista",intent,estratégico,"En narrativa, concepto y punto de vista, comprobar que existe una intención verificable y no solo una decisión ornamental. Variante 6: el caso debe tener evidencia visible y no una promesa abstracta.",pendiente de auditoría
NA-01-07,Narrative,"narrativa, concepto y punto de vista",intent,estratégico,"En narrativa, concepto y punto de vista, comprobar que existe una intención verificable y no solo una decisión ornamental. Variante 7: el caso debe tener evidencia visible y no una promesa abstracta.",pendiente de auditoría
NA-01-08,Narrative,"narrativa, concepto y punto de vista",intent,estratégico,"En narrativa, concepto y punto de vista, comprobar que existe una intención verificable y no solo una decisión ornamental. Variante 8: el caso debe tener evidencia visible y no una promesa abstracta.",pendiente de auditoría
NA-01-09,Narrative,"narrativa, concepto y punto de vista",intent,estratégico,"En narrativa, concepto y punto de vista, comprobar que existe una intención verificable y no solo una decisión ornamental. Variante 9: el caso debe tener evidencia visible y no una promesa abstracta.",pendiente de auditoría
NA-01-10,Narrative,"narrativa, concepto y punto de vista",intent,estratégico,"En narrativa, concepto y punto de vista, comprobar que existe una intención verificable y no solo una decisión ornamental. Variante 10: el caso debe tener evidencia visible y no una promesa abstracta.",pendiente de auditoría
NA-02-01,Narrative,"narrativa, concepto y punto de vista",audience,alto,"En narrativa, concepto y punto de vista, comprobar que la decisión sirve al público objetivo y al contexto de uso. Variante 1: el caso debe tener evidencia visible y no una promesa abstracta.",pendiente de auditoría
NA-02-02,Narrative,"narrativa, concepto y punto de vista",audience,alto,"En narrativa, concepto y punto de vista, comprobar que la decisión sirve al público objetivo y al contexto de uso. Variante 2: el caso debe tener evidencia visible y no una promesa abstracta.",pendiente de auditoría
NA-02-03,Narrative,"narrativa, concepto y punto de vista",audience,alto,"En narrativa, concepto y punto de vista, comprobar que la decisión sirve al público objetivo y al contexto de uso. Variante 3: el caso debe tener evidencia visible y no una promesa abstracta.",pendiente de auditoría
NA-02-04,Narrative,"narrativa, concepto y punto de vista",audience,alto,"En narrativa, concepto y punto de vista, comprobar que la decisión sirve al público objetivo y al contexto de uso. Variante 4: el caso debe tener evidencia visible y no una promesa abstracta.",pendiente de auditoría
NA-02-05,Narrative,"narrativa, concepto y punto de vista",audience,alto,"En narrativa, concepto y punto de vista, comprobar que la decisión sirve al público objetivo y al contexto de uso. Variante 5: el caso debe tener evidencia visible y no una promesa abstracta.",pendiente de auditoría
NA-02-06,Narrative,"narrativa, concepto y punto de vista",audience,alto,"En narrativa, concepto y punto de vista, comprobar que la decisión sirve al público objetivo y al contexto de uso. Variante 6: el caso debe tener evidencia visible y no una promesa abstracta.",pendiente de auditoría
NA-02-07,Narrative,"narrativa, concepto y punto de vista",audience,alto,"En narrativa, concepto y punto de vista, comprobar que la decisión sirve al público objetivo y al contexto de uso. Variante 7: el caso debe tener evidencia visible y no una promesa abstracta.",pendiente de auditoría
NA-02-08,Narrative,"narrativa, concepto y punto de vista",audience,alto,"En narrativa, concepto y punto de vista, comprobar que la decisión sirve al público objetivo y al contexto de uso. Variante 8: el caso debe tener evidencia visible y no una promesa abstracta.",pendiente de auditoría
NA-02-09,Narrative,"narrativa, concepto y punto de vista",audience,alto,"En narrativa, concepto y punto de vista, comprobar que la decisión sirve al público objetivo y al contexto de uso. Variante 9: el caso debe tener evidencia visible y no una promesa abstracta.",pendiente de auditoría
NA-02-10,Narrative,"narrativa, concepto y punto de vista",audience,alto,"En narrativa, concepto y punto de vista, comprobar que la decisión sirve al público objetivo y al contexto de uso. Variante 10: el caso debe tener evidencia visible y no una promesa abstracta.",pendiente de auditoría
NA-03-01,Narrative,"narrativa, concepto y punto de vista",hierarchy,alto,"En narrativa, concepto y punto de vista, comprobar que la jerarquía comunica lo importante antes de lo accesorio. Variante 1: el caso debe tener evidencia visible y no una promesa abstracta.",pendiente de auditoría
NA-03-02,Narrative,"narrativa, concepto y punto de vista",hierarchy,alto,"En narrativa, concepto y punto de vista, comprobar que la jerarquía comunica lo importante antes de lo accesorio. Variante 2: el caso debe tener evidencia visible y no una promesa abstracta.",pendiente de auditoría
NA-03-03,Narrative,"narrativa, concepto y punto de vista",hierarchy,alto,"En narrativa, concepto y punto de vista, comprobar que la jerarquía comunica lo importante antes de lo accesorio. Variante 3: el caso debe tener evidencia visible y no una promesa abstracta.",pendiente de auditoría
NA-03-04,Narrative,"narrativa, concepto y punto de vista",hierarchy,alto,"En narrativa, concepto y punto de vista, comprobar que la jerarquía comunica lo importante antes de lo accesorio. Variante 4: el caso debe tener evidencia visible y no una promesa abstracta.",pendiente de auditoría
NA-03-05,Narrative,"narrativa, concepto y punto de vista",hierarchy,alto,"En narrativa, concepto y punto de vista, comprobar que la jerarquía comunica lo importante antes de lo accesorio. Variante 5: el caso debe tener evidencia visible y no una promesa abstracta.",pendiente de auditoría
NA-03-06,Narrative,"narrativa, concepto y punto de vista",hierarchy,alto,"En narrativa, concepto y punto de vista, comprobar que la jerarquía comunica lo importante antes de lo accesorio. Variante 6: el caso debe tener evidencia visible y no una promesa abstracta.",pendiente de auditoría
NA-03-07,Narrative,"narrativa, concepto y punto de vista",hierarchy,alto,"En narrativa, concepto y punto de vista, comprobar que la jerarquía comunica lo importante antes de lo accesorio. Variante 7: el caso debe tener evidencia visible y no una promesa abstracta.",pendiente de auditoría
NA-03-08,Narrative,"narrativa, concepto y punto de vista",hierarchy,alto,"En narrativa, concepto y punto de vista, comprobar que la jerarquía comunica lo importante antes de lo accesorio. Variante 8: el caso debe tener evidencia visible y no una promesa abstracta.",pendiente de auditoría
NA-03-09,Narrative,"narrativa, concepto y punto de vista",hierarchy,alto,"En narrativa, concepto y punto de vista, comprobar que la jerarquía comunica lo importante antes de lo accesorio. Variante 9: el caso debe tener evidencia visible y no una promesa abstracta.",pendiente de auditoría
NA-03-10,Narrative,"narrativa, concepto y punto de vista",hierarchy,alto,"En narrativa, concepto y punto de vista, comprobar que la jerarquía comunica lo importante antes de lo accesorio. Variante 10: el caso debe tener evidencia visible y no una promesa abstracta.",pendiente de auditoría
NA-04-01,Narrative,"narrativa, concepto y punto de vista",coherence,alto,"En narrativa, concepto y punto de vista, comprobar que la ejecución mantiene coherencia con el sistema visual completo. Variante 1: el caso debe tener evidencia visible y no una promesa abstracta.",pendiente de auditoría
NA-04-02,Narrative,"narrativa, concepto y punto de vista",coherence,alto,"En narrativa, concepto y punto de vista, comprobar que la ejecución mantiene coherencia con el sistema visual completo. Variante 2: el caso debe tener evidencia visible y no una promesa abstracta.",pendiente de auditoría
NA-04-03,Narrative,"narrativa, concepto y punto de vista",coherence,alto,"En narrativa, concepto y punto de vista, comprobar que la ejecución mantiene coherencia con el sistema visual completo. Variante 3: el caso debe tener evidencia visible y no una promesa abstracta.",pendiente de auditoría
NA-04-04,Narrative,"narrativa, concepto y punto de vista",coherence,alto,"En narrativa, concepto y punto de vista, comprobar que la ejecución mantiene coherencia con el sistema visual completo. Variante 4: el caso debe tener evidencia visible y no una promesa abstracta.",pendiente de auditoría
NA-04-05,Narrative,"narrativa, concepto y punto de vista",coherence,alto,"En narrativa, concepto y punto de vista, comprobar que la ejecución mantiene coherencia con el sistema visual completo. Variante 5: el caso debe tener evidencia visible y no una promesa abstracta.",pendiente de auditoría
NA-04-06,Narrative,"narrativa, concepto y punto de vista",coherence,alto,"En narrativa, concepto y punto de vista, comprobar que la ejecución mantiene coherencia con el sistema visual completo. Variante 6: el caso debe tener evidencia visible y no una promesa abstracta.",pendiente de auditoría
NA-04-07,Narrative,"narrativa, concepto y punto de vista",coherence,alto,"En narrativa, concepto y punto de vista, comprobar que la ejecución mantiene coherencia con el sistema visual completo. Variante 7: el caso debe tener evidencia visible y no una promesa abstracta.",pendiente de auditoría
NA-04-08,Narrative,"narrativa, concepto y punto de vista",coherence,alto,"En narrativa, concepto y punto de vista, comprobar que la ejecución mantiene coherencia con el sistema visual completo. Variante 8: el caso debe tener evidencia visible y no una promesa abstracta.",pendiente de auditoría
NA-04-09,Narrative,"narrativa, concepto y punto de vista",coherence,alto,"En narrativa, concepto y punto de vista, comprobar que la ejecución mantiene coherencia con el sistema visual completo. Variante 9: el caso debe tener evidencia visible y no una promesa abstracta.",pendiente de auditoría
NA-04-10,Narrative,"narrativa, concepto y punto de vista",coherence,alto,"En narrativa, concepto y punto de vista, comprobar que la ejecución mantiene coherencia con el sistema visual completo. Variante 10: el caso debe tener evidencia visible y no una promesa abstracta.",pendiente de auditoría
NA-05-01,Narrative,"narrativa, concepto y punto de vista",inclusion,crítico,"En narrativa, concepto y punto de vista, comprobar que la experiencia funciona sin depender de una única capacidad sensorial. Variante 1: el caso debe tener evidencia visible y no una promesa abstracta.",pendiente de auditoría
NA-05-02,Narrative,"narrativa, concepto y punto de vista",inclusion,crítico,"En narrativa, concepto y punto de vista, comprobar que la experiencia funciona sin depender de una única capacidad sensorial. Variante 2: el caso debe tener evidencia visible y no una promesa abstracta.",pendiente de auditoría
NA-05-03,Narrative,"narrativa, concepto y punto de vista",inclusion,crítico,"En narrativa, concepto y punto de vista, comprobar que la experiencia funciona sin depender de una única capacidad sensorial. Variante 3: el caso debe tener evidencia visible y no una promesa abstracta.",pendiente de auditoría
NA-05-04,Narrative,"narrativa, concepto y punto de vista",inclusion,crítico,"En narrativa, concepto y punto de vista, comprobar que la experiencia funciona sin depender de una única capacidad sensorial. Variante 4: el caso debe tener evidencia visible y no una promesa abstracta.",pendiente de auditoría
NA-05-05,Narrative,"narrativa, concepto y punto de vista",inclusion,crítico,"En narrativa, concepto y punto de vista, comprobar que la experiencia funciona sin depender de una única capacidad sensorial. Variante 5: el caso debe tener evidencia visible y no una promesa abstracta.",pendiente de auditoría
NA-05-06,Narrative,"narrativa, concepto y punto de vista",inclusion,crítico,"En narrativa, concepto y punto de vista, comprobar que la experiencia funciona sin depender de una única capacidad sensorial. Variante 6: el caso debe tener evidencia visible y no una promesa abstracta.",pendiente de auditoría
NA-05-07,Narrative,"narrativa, concepto y punto de vista",inclusion,crítico,"En narrativa, concepto y punto de vista, comprobar que la experiencia funciona sin depender de una única capacidad sensorial. Variante 7: el caso debe tener evidencia visible y no una promesa abstracta.",pendiente de auditoría
NA-05-08,Narrative,"narrativa, concepto y punto de vista",inclusion,crítico,"En narrativa, concepto y punto de vista, comprobar que la experiencia funciona sin depender de una única capacidad sensorial. Variante 8: el caso debe tener evidencia visible y no una promesa abstracta.",pendiente de auditoría
NA-05-09,Narrative,"narrativa, concepto y punto de vista",inclusion,crítico,"En narrativa, concepto y punto de vista, comprobar que la experiencia funciona sin depender de una única capacidad sensorial. Variante 9: el caso debe tener evidencia visible y no una promesa abstracta.",pendiente de auditoría
NA-05-10,Narrative,"narrativa, concepto y punto de vista",inclusion,crítico,"En narrativa, concepto y punto de vista, comprobar que la experiencia funciona sin depender de una única capacidad sensorial. Variante 10: el caso debe tener evidencia visible y no una promesa abstracta.",pendiente de auditoría
NA-06-01,Narrative,"narrativa, concepto y punto de vista",feedback,alto,"En narrativa, concepto y punto de vista, comprobar que la respuesta del sistema es clara, reversible y observable. Variante 1: el caso debe tener evidencia visible y no una promesa abstracta.",pendiente de auditoría
NA-06-02,Narrative,"narrativa, concepto y punto de vista",feedback,alto,"En narrativa, concepto y punto de vista, comprobar que la respuesta del sistema es clara, reversible y observable. Variante 2: el caso debe tener evidencia visible y no una promesa abstracta.",pendiente de auditoría
NA-06-03,Narrative,"narrativa, concepto y punto de vista",feedback,alto,"En narrativa, concepto y punto de vista, comprobar que la respuesta del sistema es clara, reversible y observable. Variante 3: el caso debe tener evidencia visible y no una promesa abstracta.",pendiente de auditoría
NA-06-04,Narrative,"narrativa, concepto y punto de vista",feedback,alto,"En narrativa, concepto y punto de vista, comprobar que la respuesta del sistema es clara, reversible y observable. Variante 4: el caso debe tener evidencia visible y no una promesa abstracta.",pendiente de auditoría
NA-06-05,Narrative,"narrativa, concepto y punto de vista",feedback,alto,"En narrativa, concepto y punto de vista, comprobar que la respuesta del sistema es clara, reversible y observable. Variante 5: el caso debe tener evidencia visible y no una promesa abstracta.",pendiente de auditoría
NA-06-06,Narrative,"narrativa, concepto y punto de vista",feedback,alto,"En narrativa, concepto y punto de vista, comprobar que la respuesta del sistema es clara, reversible y observable. Variante 6: el caso debe tener evidencia visible y no una promesa abstracta.",pendiente de auditoría
NA-06-07,Narrative,"narrativa, concepto y punto de vista",feedback,alto,"En narrativa, concepto y punto de vista, comprobar que la respuesta del sistema es clara, reversible y observable. Variante 7: el caso debe tener evidencia visible y no una promesa abstracta.",pendiente de auditoría
NA-06-08,Narrative,"narrativa, concepto y punto de vista",feedback,alto,"En narrativa, concepto y punto de vista, comprobar que la respuesta del sistema es clara, reversible y observable. Variante 8: el caso debe tener evidencia visible y no una promesa abstracta.",pendiente de auditoría
NA-06-09,Narrative,"narrativa, concepto y punto de vista",feedback,alto,"En narrativa, concepto y punto de vista, comprobar que la respuesta del sistema es clara, reversible y observable. Variante 9: el caso debe tener evidencia visible y no una promesa abstracta.",pendiente de auditoría
NA-06-10,Narrative,"narrativa, concepto y punto de vista",feedback,alto,"En narrativa, concepto y punto de vista, comprobar que la respuesta del sistema es clara, reversible y observable. Variante 10: el caso debe tener evidencia visible y no una promesa abstracta.",pendiente de auditoría
NA-07-01,Narrative,"narrativa, concepto y punto de vista",performance,crítico,"En narrativa, concepto y punto de vista, comprobar que la decisión conserva rendimiento y no añade fricción innecesaria. Variante 1: el caso debe tener evidencia visible y no una promesa abstracta.",pendiente de auditoría
NA-07-02,Narrative,"narrativa, concepto y punto de vista",performance,crítico,"En narrativa, concepto y punto de vista, comprobar que la decisión conserva rendimiento y no añade fricción innecesaria. Variante 2: el caso debe tener evidencia visible y no una promesa abstracta.",pendiente de auditoría
NA-07-03,Narrative,"narrativa, concepto y punto de vista",performance,crítico,"En narrativa, concepto y punto de vista, comprobar que la decisión conserva rendimiento y no añade fricción innecesaria. Variante 3: el caso debe tener evidencia visible y no una promesa abstracta.",pendiente de auditoría
NA-07-04,Narrative,"narrativa, concepto y punto de vista",performance,crítico,"En narrativa, concepto y punto de vista, comprobar que la decisión conserva rendimiento y no añade fricción innecesaria. Variante 4: el caso debe tener evidencia visible y no una promesa abstracta.",pendiente de auditoría
NA-07-05,Narrative,"narrativa, concepto y punto de vista",performance,crítico,"En narrativa, concepto y punto de vista, comprobar que la decisión conserva rendimiento y no añade fricción innecesaria. Variante 5: el caso debe tener evidencia visible y no una promesa abstracta.",pendiente de auditoría
NA-07-06,Narrative,"narrativa, concepto y punto de vista",performance,crítico,"En narrativa, concepto y punto de vista, comprobar que la decisión conserva rendimiento y no añade fricción innecesaria. Variante 6: el caso debe tener evidencia visible y no una promesa abstracta.",pendiente de auditoría
NA-07-07,Narrative,"narrativa, concepto y punto de vista",performance,crítico,"En narrativa, concepto y punto de vista, comprobar que la decisión conserva rendimiento y no añade fricción innecesaria. Variante 7: el caso debe tener evidencia visible y no una promesa abstracta.",pendiente de auditoría
NA-07-08,Narrative,"narrativa, concepto y punto de vista",performance,crítico,"En narrativa, concepto y punto de vista, comprobar que la decisión conserva rendimiento y no añade fricción innecesaria. Variante 8: el caso debe tener evidencia visible y no una promesa abstracta.",pendiente de auditoría
NA-07-09,Narrative,"narrativa, concepto y punto de vista",performance,crítico,"En narrativa, concepto y punto de vista, comprobar que la decisión conserva rendimiento y no añade fricción innecesaria. Variante 9: el caso debe tener evidencia visible y no una promesa abstracta.",pendiente de auditoría
NA-07-10,Narrative,"narrativa, concepto y punto de vista",performance,crítico,"En narrativa, concepto y punto de vista, comprobar que la decisión conserva rendimiento y no añade fricción innecesaria. Variante 10: el caso debe tener evidencia visible y no una promesa abstracta.",pendiente de auditoría
NA-08-01,Narrative,"narrativa, concepto y punto de vista",responsive,crítico,"En narrativa, concepto y punto de vista, comprobar que la implementación se comporta correctamente en distintos tamaños. Variante 1: el caso debe tener evidencia visible y no una promesa abstracta.",pendiente de auditoría
NA-08-02,Narrative,"narrativa, concepto y punto de vista",responsive,crítico,"En narrativa, concepto y punto de vista, comprobar que la implementación se comporta correctamente en distintos tamaños. Variante 2: el caso debe tener evidencia visible y no una promesa abstracta.",pendiente de auditoría
NA-08-03,Narrative,"narrativa, concepto y punto de vista",responsive,crítico,"En narrativa, concepto y punto de vista, comprobar que la implementación se comporta correctamente en distintos tamaños. Variante 3: el caso debe tener evidencia visible y no una promesa abstracta.",pendiente de auditoría
NA-08-04,Narrative,"narrativa, concepto y punto de vista",responsive,crítico,"En narrativa, concepto y punto de vista, comprobar que la implementación se comporta correctamente en distintos tamaños. Variante 4: el caso debe tener evidencia visible y no una promesa abstracta.",pendiente de auditoría
NA-08-05,Narrative,"narrativa, concepto y punto de vista",responsive,crítico,"En narrativa, concepto y punto de vista, comprobar que la implementación se comporta correctamente en distintos tamaños. Variante 5: el caso debe tener evidencia visible y no una promesa abstracta.",pendiente de auditoría
NA-08-06,Narrative,"narrativa, concepto y punto de vista",responsive,crítico,"En narrativa, concepto y punto de vista, comprobar que la implementación se comporta correctamente en distintos tamaños. Variante 6: el caso debe tener evidencia visible y no una promesa abstracta.",pendiente de auditoría
NA-08-07,Narrative,"narrativa, concepto y punto de vista",responsive,crítico,"En narrativa, concepto y punto de vista, comprobar que la implementación se comporta correctamente en distintos tamaños. Variante 7: el caso debe tener evidencia visible y no una promesa abstracta.",pendiente de auditoría
NA-08-08,Narrative,"narrativa, concepto y punto de vista",responsive,crítico,"En narrativa, concepto y punto de vista, comprobar que la implementación se comporta correctamente en distintos tamaños. Variante 8: el caso debe tener evidencia visible y no una promesa abstracta.",pendiente de auditoría
NA-08-09,Narrative,"narrativa, concepto y punto de vista",responsive,crítico,"En narrativa, concepto y punto de vista, comprobar que la implementación se comporta correctamente en distintos tamaños. Variante 9: el caso debe tener evidencia visible y no una promesa abstracta.",pendiente de auditoría
NA-08-10,Narrative,"narrativa, concepto y punto de vista",responsive,crítico,"En narrativa, concepto y punto de vista, comprobar que la implementación se comporta correctamente en distintos tamaños. Variante 10: el caso debe tener evidencia visible y no una promesa abstracta.",pendiente de auditoría
NA-09-01,Narrative,"narrativa, concepto y punto de vista",distinctiveness,alto,"En narrativa, concepto y punto de vista, comprobar que la solución es suficientemente propia para ser recordada y defendida. Variante 1: el caso debe tener evidencia visible y no una promesa abstracta.",pendiente de auditoría
NA-09-02,Narrative,"narrativa, concepto y punto de vista",distinctiveness,alto,"En narrativa, concepto y punto de vista, comprobar que la solución es suficientemente propia para ser recordada y defendida. Variante 2: el caso debe tener evidencia visible y no una promesa abstracta.",pendiente de auditoría
NA-09-03,Narrative,"narrativa, concepto y punto de vista",distinctiveness,alto,"En narrativa, concepto y punto de vista, comprobar que la solución es suficientemente propia para ser recordada y defendida. Variante 3: el caso debe tener evidencia visible y no una promesa abstracta.",pendiente de auditoría
NA-09-04,Narrative,"narrativa, concepto y punto de vista",distinctiveness,alto,"En narrativa, concepto y punto de vista, comprobar que la solución es suficientemente propia para ser recordada y defendida. Variante 4: el caso debe tener evidencia visible y no una promesa abstracta.",pendiente de auditoría
NA-09-05,Narrative,"narrativa, concepto y punto de vista",distinctiveness,alto,"En narrativa, concepto y punto de vista, comprobar que la solución es suficientemente propia para ser recordada y defendida. Variante 5: el caso debe tener evidencia visible y no una promesa abstracta.",pendiente de auditoría
NA-09-06,Narrative,"narrativa, concepto y punto de vista",distinctiveness,alto,"En narrativa, concepto y punto de vista, comprobar que la solución es suficientemente propia para ser recordada y defendida. Variante 6: el caso debe tener evidencia visible y no una promesa abstracta.",pendiente de auditoría
NA-09-07,Narrative,"narrativa, concepto y punto de vista",distinctiveness,alto,"En narrativa, concepto y punto de vista, comprobar que la solución es suficientemente propia para ser recordada y defendida. Variante 7: el caso debe tener evidencia visible y no una promesa abstracta.",pendiente de auditoría
NA-09-08,Narrative,"narrativa, concepto y punto de vista",distinctiveness,alto,"En narrativa, concepto y punto de vista, comprobar que la solución es suficientemente propia para ser recordada y defendida. Variante 8: el caso debe tener evidencia visible y no una promesa abstracta.",pendiente de auditoría
NA-09-09,Narrative,"narrativa, concepto y punto de vista",distinctiveness,alto,"En narrativa, concepto y punto de vista, comprobar que la solución es suficientemente propia para ser recordada y defendida. Variante 9: el caso debe tener evidencia visible y no una promesa abstracta.",pendiente de auditoría
NA-09-10,Narrative,"narrativa, concepto y punto de vista",distinctiveness,alto,"En narrativa, concepto y punto de vista, comprobar que la solución es suficientemente propia para ser recordada y defendida. Variante 10: el caso debe tener evidencia visible y no una promesa abstracta.",pendiente de auditoría
NA-10-01,Narrative,"narrativa, concepto y punto de vista",verification,crítico,"En narrativa, concepto y punto de vista, comprobar que el resultado puede validarse con una prueba concreta antes de publicarse. Variante 1: el caso debe tener evidencia visible y no una promesa abstracta.",pendiente de auditoría
NA-10-02,Narrative,"narrativa, concepto y punto de vista",verification,crítico,"En narrativa, concepto y punto de vista, comprobar que el resultado puede validarse con una prueba concreta antes de publicarse. Variante 2: el caso debe tener evidencia visible y no una promesa abstracta.",pendiente de auditoría
NA-10-03,Narrative,"narrativa, concepto y punto de vista",verification,crítico,"En narrativa, concepto y punto de vista, comprobar que el resultado puede validarse con una prueba concreta antes de publicarse. Variante 3: el caso debe tener evidencia visible y no una promesa abstracta.",pendiente de auditoría
NA-10-04,Narrative,"narrativa, concepto y punto de vista",verification,crítico,"En narrativa, concepto y punto de vista, comprobar que el resultado puede validarse con una prueba concreta antes de publicarse. Variante 4: el caso debe tener evidencia visible y no una promesa abstracta.",pendiente de auditoría
NA-10-05,Narrative,"narrativa, concepto y punto de vista",verification,crítico,"En narrativa, concepto y punto de vista, comprobar que el resultado puede validarse con una prueba concreta antes de publicarse. Variante 5: el caso debe tener evidencia visible y no una promesa abstracta.",pendiente de auditoría
NA-10-06,Narrative,"narrativa, concepto y punto de vista",verification,crítico,"En narrativa, concepto y punto de vista, comprobar que el resultado puede validarse con una prueba concreta antes de publicarse. Variante 6: el caso debe tener evidencia visible y no una promesa abstracta.",pendiente de auditoría
NA-10-07,Narrative,"narrativa, concepto y punto de vista",verification,crítico,"En narrativa, concepto y punto de vista, comprobar que el resultado puede validarse con una prueba concreta antes de publicarse. Variante 7: el caso debe tener evidencia visible y no una promesa abstracta.",pendiente de auditoría
NA-10-08,Narrative,"narrativa, concepto y punto de vista",verification,crítico,"En narrativa, concepto y punto de vista, comprobar que el resultado puede validarse con una prueba concreta antes de publicarse. Variante 8: el caso debe tener evidencia visible y no una promesa abstracta.",pendiente de auditoría
NA-10-09,Narrative,"narrativa, concepto y punto de vista",verification,crítico,"En narrativa, concepto y punto de vista, comprobar que el resultado puede validarse con una prueba concreta antes de publicarse. Variante 9: el caso debe tener evidencia visible y no una promesa abstracta.",pendiente de auditoría
NA-10-10,Narrative,"narrativa, concepto y punto de vista",verification,crítico,"En narrativa, concepto y punto de vista, comprobar que el resultado puede validarse con una prueba concreta antes de publicarse. Variante 10: el caso debe tener evidencia visible y no una promesa abstracta.",pendiente de auditoría
HE-01-01,Hero,"entrada, preloader y primera impresión",intent,estratégico,"En entrada, preloader y primera impresión, comprobar que existe una intención verificable y no solo una decisión ornamental. Variante 1: el caso debe tener evidencia visible y no una promesa abstracta.",pendiente de auditoría
HE-01-02,Hero,"entrada, preloader y primera impresión",intent,estratégico,"En entrada, preloader y primera impresión, comprobar que existe una intención verificable y no solo una decisión ornamental. Variante 2: el caso debe tener evidencia visible y no una promesa abstracta.",pendiente de auditoría
HE-01-03,Hero,"entrada, preloader y primera impresión",intent,estratégico,"En entrada, preloader y primera impresión, comprobar que existe una intención verificable y no solo una decisión ornamental. Variante 3: el caso debe tener evidencia visible y no una promesa abstracta.",pendiente de auditoría
HE-01-04,Hero,"entrada, preloader y primera impresión",intent,estratégico,"En entrada, preloader y primera impresión, comprobar que existe una intención verificable y no solo una decisión ornamental. Variante 4: el caso debe tener evidencia visible y no una promesa abstracta.",pendiente de auditoría
HE-01-05,Hero,"entrada, preloader y primera impresión",intent,estratégico,"En entrada, preloader y primera impresión, comprobar que existe una intención verificable y no solo una decisión ornamental. Variante 5: el caso debe tener evidencia visible y no una promesa abstracta.",pendiente de auditoría
HE-01-06,Hero,"entrada, preloader y primera impresión",intent,estratégico,"En entrada, preloader y primera impresión, comprobar que existe una intención verificable y no solo una decisión ornamental. Variante 6: el caso debe tener evidencia visible y no una promesa abstracta.",pendiente de auditoría
HE-01-07,Hero,"entrada, preloader y primera impresión",intent,estratégico,"En entrada, preloader y primera impresión, comprobar que existe una intención verificable y no solo una decisión ornamental. Variante 7: el caso debe tener evidencia visible y no una promesa abstracta.",pendiente de auditoría
HE-01-08,Hero,"entrada, preloader y primera impresión",intent,estratégico,"En entrada, preloader y primera impresión, comprobar que existe una intención verificable y no solo una decisión ornamental. Variante 8: el caso debe tener evidencia visible y no una promesa abstracta.",pendiente de auditoría
HE-01-09,Hero,"entrada, preloader y primera impresión",intent,estratégico,"En entrada, preloader y primera impresión, comprobar que existe una intención verificable y no solo una decisión ornamental. Variante 9: el caso debe tener evidencia visible y no una promesa abstracta.",pendiente de auditoría
HE-01-10,Hero,"entrada, preloader y primera impresión",intent,estratégico,"En entrada, preloader y primera impresión, comprobar que existe una intención verificable y no solo una decisión ornamental. Variante 10: el caso debe tener evidencia visible y no una promesa abstracta.",pendiente de auditoría
HE-02-01,Hero,"entrada, preloader y primera impresión",audience,alto,"En entrada, preloader y primera impresión, comprobar que la decisión sirve al público objetivo y al contexto de uso. Variante 1: el caso debe tener evidencia visible y no una promesa abstracta.",pendiente de auditoría
HE-02-02,Hero,"entrada, preloader y primera impresión",audience,alto,"En entrada, preloader y primera impresión, comprobar que la decisión sirve al público objetivo y al contexto de uso. Variante 2: el caso debe tener evidencia visible y no una promesa abstracta.",pendiente de auditoría
HE-02-03,Hero,"entrada, preloader y primera impresión",audience,alto,"En entrada, preloader y primera impresión, comprobar que la decisión sirve al público objetivo y al contexto de uso. Variante 3: el caso debe tener evidencia visible y no una promesa abstracta.",pendiente de auditoría
HE-02-04,Hero,"entrada, preloader y primera impresión",audience,alto,"En entrada, preloader y primera impresión, comprobar que la decisión sirve al público objetivo y al contexto de uso. Variante 4: el caso debe tener evidencia visible y no una promesa abstracta.",pendiente de auditoría
HE-02-05,Hero,"entrada, preloader y primera impresión",audience,alto,"En entrada, preloader y primera impresión, comprobar que la decisión sirve al público objetivo y al contexto de uso. Variante 5: el caso debe tener evidencia visible y no una promesa abstracta.",pendiente de auditoría
HE-02-06,Hero,"entrada, preloader y primera impresión",audience,alto,"En entrada, preloader y primera impresión, comprobar que la decisión sirve al público objetivo y al contexto de uso. Variante 6: el caso debe tener evidencia visible y no una promesa abstracta.",pendiente de auditoría
HE-02-07,Hero,"entrada, preloader y primera impresión",audience,alto,"En entrada, preloader y primera impresión, comprobar que la decisión sirve al público objetivo y al contexto de uso. Variante 7: el caso debe tener evidencia visible y no una promesa abstracta.",pendiente de auditoría
HE-02-08,Hero,"entrada, preloader y primera impresión",audience,alto,"En entrada, preloader y primera impresión, comprobar que la decisión sirve al público objetivo y al contexto de uso. Variante 8: el caso debe tener evidencia visible y no una promesa abstracta.",pendiente de auditoría
HE-02-09,Hero,"entrada, preloader y primera impresión",audience,alto,"En entrada, preloader y primera impresión, comprobar que la decisión sirve al público objetivo y al contexto de uso. Variante 9: el caso debe tener evidencia visible y no una promesa abstracta.",pendiente de auditoría
HE-02-10,Hero,"entrada, preloader y primera impresión",audience,alto,"En entrada, preloader y primera impresión, comprobar que la decisión sirve al público objetivo y al contexto de uso. Variante 10: el caso debe tener evidencia visible y no una promesa abstracta.",pendiente de auditoría
HE-03-01,Hero,"entrada, preloader y primera impresión",hierarchy,alto,"En entrada, preloader y primera impresión, comprobar que la jerarquía comunica lo importante antes de lo accesorio. Variante 1: el caso debe tener evidencia visible y no una promesa abstracta.",pendiente de auditoría
HE-03-02,Hero,"entrada, preloader y primera impresión",hierarchy,alto,"En entrada, preloader y primera impresión, comprobar que la jerarquía comunica lo importante antes de lo accesorio. Variante 2: el caso debe tener evidencia visible y no una promesa abstracta.",pendiente de auditoría
HE-03-03,Hero,"entrada, preloader y primera impresión",hierarchy,alto,"En entrada, preloader y primera impresión, comprobar que la jerarquía comunica lo importante antes de lo accesorio. Variante 3: el caso debe tener evidencia visible y no una promesa abstracta.",pendiente de auditoría
HE-03-04,Hero,"entrada, preloader y primera impresión",hierarchy,alto,"En entrada, preloader y primera impresión, comprobar que la jerarquía comunica lo importante antes de lo accesorio. Variante 4: el caso debe tener evidencia visible y no una promesa abstracta.",pendiente de auditoría
HE-03-05,Hero,"entrada, preloader y primera impresión",hierarchy,alto,"En entrada, preloader y primera impresión, comprobar que la jerarquía comunica lo importante antes de lo accesorio. Variante 5: el caso debe tener evidencia visible y no una promesa abstracta.",pendiente de auditoría
HE-03-06,Hero,"entrada, preloader y primera impresión",hierarchy,alto,"En entrada, preloader y primera impresión, comprobar que la jerarquía comunica lo importante antes de lo accesorio. Variante 6: el caso debe tener evidencia visible y no una promesa abstracta.",pendiente de auditoría
HE-03-07,Hero,"entrada, preloader y primera impresión",hierarchy,alto,"En entrada, preloader y primera impresión, comprobar que la jerarquía comunica lo importante antes de lo accesorio. Variante 7: el caso debe tener evidencia visible y no una promesa abstracta.",pendiente de auditoría
HE-03-08,Hero,"entrada, preloader y primera impresión",hierarchy,alto,"En entrada, preloader y primera impresión, comprobar que la jerarquía comunica lo importante antes de lo accesorio. Variante 8: el caso debe tener evidencia visible y no una promesa abstracta.",pendiente de auditoría
HE-03-09,Hero,"entrada, preloader y primera impresión",hierarchy,alto,"En entrada, preloader y primera impresión, comprobar que la jerarquía comunica lo importante antes de lo accesorio. Variante 9: el caso debe tener evidencia visible y no una promesa abstracta.",pendiente de auditoría
HE-03-10,Hero,"entrada, preloader y primera impresión",hierarchy,alto,"En entrada, preloader y primera impresión, comprobar que la jerarquía comunica lo importante antes de lo accesorio. Variante 10: el caso debe tener evidencia visible y no una promesa abstracta.",pendiente de auditoría
HE-04-01,Hero,"entrada, preloader y primera impresión",coherence,alto,"En entrada, preloader y primera impresión, comprobar que la ejecución mantiene coherencia con el sistema visual completo. Variante 1: el caso debe tener evidencia visible y no una promesa abstracta.",pendiente de auditoría
HE-04-02,Hero,"entrada, preloader y primera impresión",coherence,alto,"En entrada, preloader y primera impresión, comprobar que la ejecución mantiene coherencia con el sistema visual completo. Variante 2: el caso debe tener evidencia visible y no una promesa abstracta.",pendiente de auditoría
HE-04-03,Hero,"entrada, preloader y primera impresión",coherence,alto,"En entrada, preloader y primera impresión, comprobar que la ejecución mantiene coherencia con el sistema visual completo. Variante 3: el caso debe tener evidencia visible y no una promesa abstracta.",pendiente de auditoría
HE-04-04,Hero,"entrada, preloader y primera impresión",coherence,alto,"En entrada, preloader y primera impresión, comprobar que la ejecución mantiene coherencia con el sistema visual completo. Variante 4: el caso debe tener evidencia visible y no una promesa abstracta.",pendiente de auditoría
HE-04-05,Hero,"entrada, preloader y primera impresión",coherence,alto,"En entrada, preloader y primera impresión, comprobar que la ejecución mantiene coherencia con el sistema visual completo. Variante 5: el caso debe tener evidencia visible y no una promesa abstracta.",pendiente de auditoría
HE-04-06,Hero,"entrada, preloader y primera impresión",coherence,alto,"En entrada, preloader y primera impresión, comprobar que la ejecución mantiene coherencia con el sistema visual completo. Variante 6: el caso debe tener evidencia visible y no una promesa abstracta.",pendiente de auditoría
HE-04-07,Hero,"entrada, preloader y primera impresión",coherence,alto,"En entrada, preloader y primera impresión, comprobar que la ejecución mantiene coherencia con el sistema visual completo. Variante 7: el caso debe tener evidencia visible y no una promesa abstracta.",pendiente de auditoría
HE-04-08,Hero,"entrada, preloader y primera impresión",coherence,alto,"En entrada, preloader y primera impresión, comprobar que la ejecución mantiene coherencia con el sistema visual completo. Variante 8: el caso debe tener evidencia visible y no una promesa abstracta.",pendiente de auditoría
HE-04-09,Hero,"entrada, preloader y primera impresión",coherence,alto,"En entrada, preloader y primera impresión, comprobar que la ejecución mantiene coherencia con el sistema visual completo. Variante 9: el caso debe tener evidencia visible y no una promesa abstracta.",pendiente de auditoría
HE-04-10,Hero,"entrada, preloader y primera impresión",coherence,alto,"En entrada, preloader y primera impresión, comprobar que la ejecución mantiene coherencia con el sistema visual completo. Variante 10: el caso debe tener evidencia visible y no una promesa abstracta.",pendiente de auditoría
HE-05-01,Hero,"entrada, preloader y primera impresión",inclusion,crítico,"En entrada, preloader y primera impresión, comprobar que la experiencia funciona sin depender de una única capacidad sensorial. Variante 1: el caso debe tener evidencia visible y no una promesa abstracta.",pendiente de auditoría
HE-05-02,Hero,"entrada, preloader y primera impresión",inclusion,crítico,"En entrada, preloader y primera impresión, comprobar que la experiencia funciona sin depender de una única capacidad sensorial. Variante 2: el caso debe tener evidencia visible y no una promesa abstracta.",pendiente de auditoría
HE-05-03,Hero,"entrada, preloader y primera impresión",inclusion,crítico,"En entrada, preloader y primera impresión, comprobar que la experiencia funciona sin depender de una única capacidad sensorial. Variante 3: el caso debe tener evidencia visible y no una promesa abstracta.",pendiente de auditoría
HE-05-04,Hero,"entrada, preloader y primera impresión",inclusion,crítico,"En entrada, preloader y primera impresión, comprobar que la experiencia funciona sin depender de una única capacidad sensorial. Variante 4: el caso debe tener evidencia visible y no una promesa abstracta.",pendiente de auditoría
HE-05-05,Hero,"entrada, preloader y primera impresión",inclusion,crítico,"En entrada, preloader y primera impresión, comprobar que la experiencia funciona sin depender de una única capacidad sensorial. Variante 5: el caso debe tener evidencia visible y no una promesa abstracta.",pendiente de auditoría
HE-05-06,Hero,"entrada, preloader y primera impresión",inclusion,crítico,"En entrada, preloader y primera impresión, comprobar que la experiencia funciona sin depender de una única capacidad sensorial. Variante 6: el caso debe tener evidencia visible y no una promesa abstracta.",pendiente de auditoría
HE-05-07,Hero,"entrada, preloader y primera impresión",inclusion,crítico,"En entrada, preloader y primera impresión, comprobar que la experiencia funciona sin depender de una única capacidad sensorial. Variante 7: el caso debe tener evidencia visible y no una promesa abstracta.",pendiente de auditoría
HE-05-08,Hero,"entrada, preloader y primera impresión",inclusion,crítico,"En entrada, preloader y primera impresión, comprobar que la experiencia funciona sin depender de una única capacidad sensorial. Variante 8: el caso debe tener evidencia visible y no una promesa abstracta.",pendiente de auditoría
HE-05-09,Hero,"entrada, preloader y primera impresión",inclusion,crítico,"En entrada, preloader y primera impresión, comprobar que la experiencia funciona sin depender de una única capacidad sensorial. Variante 9: el caso debe tener evidencia visible y no una promesa abstracta.",pendiente de auditoría
HE-05-10,Hero,"entrada, preloader y primera impresión",inclusion,crítico,"En entrada, preloader y primera impresión, comprobar que la experiencia funciona sin depender de una única capacidad sensorial. Variante 10: el caso debe tener evidencia visible y no una promesa abstracta.",pendiente de auditoría
HE-06-01,Hero,"entrada, preloader y primera impresión",feedback,alto,"En entrada, preloader y primera impresión, comprobar que la respuesta del sistema es clara, reversible y observable. Variante 1: el caso debe tener evidencia visible y no una promesa abstracta.",pendiente de auditoría
HE-06-02,Hero,"entrada, preloader y primera impresión",feedback,alto,"En entrada, preloader y primera impresión, comprobar que la respuesta del sistema es clara, reversible y observable. Variante 2: el caso debe tener evidencia visible y no una promesa abstracta.",pendiente de auditoría
HE-06-03,Hero,"entrada, preloader y primera impresión",feedback,alto,"En entrada, preloader y primera impresión, comprobar que la respuesta del sistema es clara, reversible y observable. Variante 3: el caso debe tener evidencia visible y no una promesa abstracta.",pendiente de auditoría
HE-06-04,Hero,"entrada, preloader y primera impresión",feedback,alto,"En entrada, preloader y primera impresión, comprobar que la respuesta del sistema es clara, reversible y observable. Variante 4: el caso debe tener evidencia visible y no una promesa abstracta.",pendiente de auditoría
HE-06-05,Hero,"entrada, preloader y primera impresión",feedback,alto,"En entrada, preloader y primera impresión, comprobar que la respuesta del sistema es clara, reversible y observable. Variante 5: el caso debe tener evidencia visible y no una promesa abstracta.",pendiente de auditoría
HE-06-06,Hero,"entrada, preloader y primera impresión",feedback,alto,"En entrada, preloader y primera impresión, comprobar que la respuesta del sistema es clara, reversible y observable. Variante 6: el caso debe tener evidencia visible y no una promesa abstracta.",pendiente de auditoría
HE-06-07,Hero,"entrada, preloader y primera impresión",feedback,alto,"En entrada, preloader y primera impresión, comprobar que la respuesta del sistema es clara, reversible y observable. Variante 7: el caso debe tener evidencia visible y no una promesa abstracta.",pendiente de auditoría
HE-06-08,Hero,"entrada, preloader y primera impresión",feedback,alto,"En entrada, preloader y primera impresión, comprobar que la respuesta del sistema es clara, reversible y observable. Variante 8: el caso debe tener evidencia visible y no una promesa abstracta.",pendiente de auditoría
HE-06-09,Hero,"entrada, preloader y primera impresión",feedback,alto,"En entrada, preloader y primera impresión, comprobar que la respuesta del sistema es clara, reversible y observable. Variante 9: el caso debe tener evidencia visible y no una promesa abstracta.",pendiente de auditoría
HE-06-10,Hero,"entrada, preloader y primera impresión",feedback,alto,"En entrada, preloader y primera impresión, comprobar que la respuesta del sistema es clara, reversible y observable. Variante 10: el caso debe tener evidencia visible y no una promesa abstracta.",pendiente de auditoría
HE-07-01,Hero,"entrada, preloader y primera impresión",performance,crítico,"En entrada, preloader y primera impresión, comprobar que la decisión conserva rendimiento y no añade fricción innecesaria. Variante 1: el caso debe tener evidencia visible y no una promesa abstracta.",pendiente de auditoría
HE-07-02,Hero,"entrada, preloader y primera impresión",performance,crítico,"En entrada, preloader y primera impresión, comprobar que la decisión conserva rendimiento y no añade fricción innecesaria. Variante 2: el caso debe tener evidencia visible y no una promesa abstracta.",pendiente de auditoría
HE-07-03,Hero,"entrada, preloader y primera impresión",performance,crítico,"En entrada, preloader y primera impresión, comprobar que la decisión conserva rendimiento y no añade fricción innecesaria. Variante 3: el caso debe tener evidencia visible y no una promesa abstracta.",pendiente de auditoría
HE-07-04,Hero,"entrada, preloader y primera impresión",performance,crítico,"En entrada, preloader y primera impresión, comprobar que la decisión conserva rendimiento y no añade fricción innecesaria. Variante 4: el caso debe tener evidencia visible y no una promesa abstracta.",pendiente de auditoría
HE-07-05,Hero,"entrada, preloader y primera impresión",performance,crítico,"En entrada, preloader y primera impresión, comprobar que la decisión conserva rendimiento y no añade fricción innecesaria. Variante 5: el caso debe tener evidencia visible y no una promesa abstracta.",pendiente de auditoría
HE-07-06,Hero,"entrada, preloader y primera impresión",performance,crítico,"En entrada, preloader y primera impresión, comprobar que la decisión conserva rendimiento y no añade fricción innecesaria. Variante 6: el caso debe tener evidencia visible y no una promesa abstracta.",pendiente de auditoría
HE-07-07,Hero,"entrada, preloader y primera impresión",performance,crítico,"En entrada, preloader y primera impresión, comprobar que la decisión conserva rendimiento y no añade fricción innecesaria. Variante 7: el caso debe tener evidencia visible y no una promesa abstracta.",pendiente de auditoría
HE-07-08,Hero,"entrada, preloader y primera impresión",performance,crítico,"En entrada, preloader y primera impresión, comprobar que la decisión conserva rendimiento y no añade fricción innecesaria. Variante 8: el caso debe tener evidencia visible y no una promesa abstracta.",pendiente de auditoría
HE-07-09,Hero,"entrada, preloader y primera impresión",performance,crítico,"En entrada, preloader y primera impresión, comprobar que la decisión conserva rendimiento y no añade fricción innecesaria. Variante 9: el caso debe tener evidencia visible y no una promesa abstracta.",pendiente de auditoría
HE-07-10,Hero,"entrada, preloader y primera impresión",performance,crítico,"En entrada, preloader y primera impresión, comprobar que la decisión conserva rendimiento y no añade fricción innecesaria. Variante 10: el caso debe tener evidencia visible y no una promesa abstracta.",pendiente de auditoría
HE-08-01,Hero,"entrada, preloader y primera impresión",responsive,crítico,"En entrada, preloader y primera impresión, comprobar que la implementación se comporta correctamente en distintos tamaños. Variante 1: el caso debe tener evidencia visible y no una promesa abstracta.",pendiente de auditoría
HE-08-02,Hero,"entrada, preloader y primera impresión",responsive,crítico,"En entrada, preloader y primera impresión, comprobar que la implementación se comporta correctamente en distintos tamaños. Variante 2: el caso debe tener evidencia visible y no una promesa abstracta.",pendiente de auditoría
HE-08-03,Hero,"entrada, preloader y primera impresión",responsive,crítico,"En entrada, preloader y primera impresión, comprobar que la implementación se comporta correctamente en distintos tamaños. Variante 3: el caso debe tener evidencia visible y no una promesa abstracta.",pendiente de auditoría
HE-08-04,Hero,"entrada, preloader y primera impresión",responsive,crítico,"En entrada, preloader y primera impresión, comprobar que la implementación se comporta correctamente en distintos tamaños. Variante 4: el caso debe tener evidencia visible y no una promesa abstracta.",pendiente de auditoría
HE-08-05,Hero,"entrada, preloader y primera impresión",responsive,crítico,"En entrada, preloader y primera impresión, comprobar que la implementación se comporta correctamente en distintos tamaños. Variante 5: el caso debe tener evidencia visible y no una promesa abstracta.",pendiente de auditoría
HE-08-06,Hero,"entrada, preloader y primera impresión",responsive,crítico,"En entrada, preloader y primera impresión, comprobar que la implementación se comporta correctamente en distintos tamaños. Variante 6: el caso debe tener evidencia visible y no una promesa abstracta.",pendiente de auditoría
HE-08-07,Hero,"entrada, preloader y primera impresión",responsive,crítico,"En entrada, preloader y primera impresión, comprobar que la implementación se comporta correctamente en distintos tamaños. Variante 7: el caso debe tener evidencia visible y no una promesa abstracta.",pendiente de auditoría
HE-08-08,Hero,"entrada, preloader y primera impresión",responsive,crítico,"En entrada, preloader y primera impresión, comprobar que la implementación se comporta correctamente en distintos tamaños. Variante 8: el caso debe tener evidencia visible y no una promesa abstracta.",pendiente de auditoría
HE-08-09,Hero,"entrada, preloader y primera impresión",responsive,crítico,"En entrada, preloader y primera impresión, comprobar que la implementación se comporta correctamente en distintos tamaños. Variante 9: el caso debe tener evidencia visible y no una promesa abstracta.",pendiente de auditoría
HE-08-10,Hero,"entrada, preloader y primera impresión",responsive,crítico,"En entrada, preloader y primera impresión, comprobar que la implementación se comporta correctamente en distintos tamaños. Variante 10: el caso debe tener evidencia visible y no una promesa abstracta.",pendiente de auditoría
HE-09-01,Hero,"entrada, preloader y primera impresión",distinctiveness,alto,"En entrada, preloader y primera impresión, comprobar que la solución es suficientemente propia para ser recordada y defendida. Variante 1: el caso debe tener evidencia visible y no una promesa abstracta.",pendiente de auditoría
HE-09-02,Hero,"entrada, preloader y primera impresión",distinctiveness,alto,"En entrada, preloader y primera impresión, comprobar que la solución es suficientemente propia para ser recordada y defendida. Variante 2: el caso debe tener evidencia visible y no una promesa abstracta.",pendiente de auditoría
HE-09-03,Hero,"entrada, preloader y primera impresión",distinctiveness,alto,"En entrada, preloader y primera impresión, comprobar que la solución es suficientemente propia para ser recordada y defendida. Variante 3: el caso debe tener evidencia visible y no una promesa abstracta.",pendiente de auditoría
HE-09-04,Hero,"entrada, preloader y primera impresión",distinctiveness,alto,"En entrada, preloader y primera impresión, comprobar que la solución es suficientemente propia para ser recordada y defendida. Variante 4: el caso debe tener evidencia visible y no una promesa abstracta.",pendiente de auditoría
HE-09-05,Hero,"entrada, preloader y primera impresión",distinctiveness,alto,"En entrada, preloader y primera impresión, comprobar que la solución es suficientemente propia para ser recordada y defendida. Variante 5: el caso debe tener evidencia visible y no una promesa abstracta.",pendiente de auditoría
HE-09-06,Hero,"entrada, preloader y primera impresión",distinctiveness,alto,"En entrada, preloader y primera impresión, comprobar que la solución es suficientemente propia para ser recordada y defendida. Variante 6: el caso debe tener evidencia visible y no una promesa abstracta.",pendiente de auditoría
HE-09-07,Hero,"entrada, preloader y primera impresión",distinctiveness,alto,"En entrada, preloader y primera impresión, comprobar que la solución es suficientemente propia para ser recordada y defendida. Variante 7: el caso debe tener evidencia visible y no una promesa abstracta.",pendiente de auditoría
HE-09-08,Hero,"entrada, preloader y primera impresión",distinctiveness,alto,"En entrada, preloader y primera impresión, comprobar que la solución es suficientemente propia para ser recordada y defendida. Variante 8: el caso debe tener evidencia visible y no una promesa abstracta.",pendiente de auditoría
HE-09-09,Hero,"entrada, preloader y primera impresión",distinctiveness,alto,"En entrada, preloader y primera impresión, comprobar que la solución es suficientemente propia para ser recordada y defendida. Variante 9: el caso debe tener evidencia visible y no una promesa abstracta.",pendiente de auditoría
HE-09-10,Hero,"entrada, preloader y primera impresión",distinctiveness,alto,"En entrada, preloader y primera impresión, comprobar que la solución es suficientemente propia para ser recordada y defendida. Variante 10: el caso debe tener evidencia visible y no una promesa abstracta.",pendiente de auditoría
HE-10-01,Hero,"entrada, preloader y primera impresión",verification,crítico,"En entrada, preloader y primera impresión, comprobar que el resultado puede validarse con una prueba concreta antes de publicarse. Variante 1: el caso debe tener evidencia visible y no una promesa abstracta.",pendiente de auditoría
HE-10-02,Hero,"entrada, preloader y primera impresión",verification,crítico,"En entrada, preloader y primera impresión, comprobar que el resultado puede validarse con una prueba concreta antes de publicarse. Variante 2: el caso debe tener evidencia visible y no una promesa abstracta.",pendiente de auditoría
HE-10-03,Hero,"entrada, preloader y primera impresión",verification,crítico,"En entrada, preloader y primera impresión, comprobar que el resultado puede validarse con una prueba concreta antes de publicarse. Variante 3: el caso debe tener evidencia visible y no una promesa abstracta.",pendiente de auditoría
HE-10-04,Hero,"entrada, preloader y primera impresión",verification,crítico,"En entrada, preloader y primera impresión, comprobar que el resultado puede validarse con una prueba concreta antes de publicarse. Variante 4: el caso debe tener evidencia visible y no una promesa abstracta.",pendiente de auditoría
HE-10-05,Hero,"entrada, preloader y primera impresión",verification,crítico,"En entrada, preloader y primera impresión, comprobar que el resultado puede validarse con una prueba concreta antes de publicarse. Variante 5: el caso debe tener evidencia visible y no una promesa abstracta.",pendiente de auditoría
HE-10-06,Hero,"entrada, preloader y primera impresión",verification,crítico,"En entrada, preloader y primera impresión, comprobar que el resultado puede validarse con una prueba concreta antes de publicarse. Variante 6: el caso debe tener evidencia visible y no una promesa abstracta.",pendiente de auditoría
HE-10-07,Hero,"entrada, preloader y primera impresión",verification,crítico,"En entrada, preloader y primera impresión, comprobar que el resultado puede validarse con una prueba concreta antes de publicarse. Variante 7: el caso debe tener evidencia visible y no una promesa abstracta.",pendiente de auditoría
HE-10-08,Hero,"entrada, preloader y primera impresión",verification,crítico,"En entrada, preloader y primera impresión, comprobar que el resultado puede validarse con una prueba concreta antes de publicarse. Variante 8: el caso debe tener evidencia visible y no una promesa abstracta.",pendiente de auditoría
HE-10-09,Hero,"entrada, preloader y primera impresión",verification,crítico,"En entrada, preloader y primera impresión, comprobar que el resultado puede validarse con una prueba concreta antes de publicarse. Variante 9: el caso debe tener evidencia visible y no una promesa abstracta.",pendiente de auditoría
HE-10-10,Hero,"entrada, preloader y primera impresión",verification,crítico,"En entrada, preloader y primera impresión, comprobar que el resultado puede validarse con una prueba concreta antes de publicarse. Variante 10: el caso debe tener evidencia visible y no una promesa abstracta.",pendiente de auditoría
TY-01-01,Typography,"tipografía, lectura y jerarquía",intent,estratégico,"En tipografía, lectura y jerarquía, comprobar que existe una intención verificable y no solo una decisión ornamental. Variante 1: el caso debe tener evidencia visible y no una promesa abstracta.",pendiente de auditoría
TY-01-02,Typography,"tipografía, lectura y jerarquía",intent,estratégico,"En tipografía, lectura y jerarquía, comprobar que existe una intención verificable y no solo una decisión ornamental. Variante 2: el caso debe tener evidencia visible y no una promesa abstracta.",pendiente de auditoría
TY-01-03,Typography,"tipografía, lectura y jerarquía",intent,estratégico,"En tipografía, lectura y jerarquía, comprobar que existe una intención verificable y no solo una decisión ornamental. Variante 3: el caso debe tener evidencia visible y no una promesa abstracta.",pendiente de auditoría
TY-01-04,Typography,"tipografía, lectura y jerarquía",intent,estratégico,"En tipografía, lectura y jerarquía, comprobar que existe una intención verificable y no solo una decisión ornamental. Variante 4: el caso debe tener evidencia visible y no una promesa abstracta.",pendiente de auditoría
TY-01-05,Typography,"tipografía, lectura y jerarquía",intent,estratégico,"En tipografía, lectura y jerarquía, comprobar que existe una intención verificable y no solo una decisión ornamental. Variante 5: el caso debe tener evidencia visible y no una promesa abstracta.",pendiente de auditoría
TY-01-06,Typography,"tipografía, lectura y jerarquía",intent,estratégico,"En tipografía, lectura y jerarquía, comprobar que existe una intención verificable y no solo una decisión ornamental. Variante 6: el caso debe tener evidencia visible y no una promesa abstracta.",pendiente de auditoría
TY-01-07,Typography,"tipografía, lectura y jerarquía",intent,estratégico,"En tipografía, lectura y jerarquía, comprobar que existe una intención verificable y no solo una decisión ornamental. Variante 7: el caso debe tener evidencia visible y no una promesa abstracta.",pendiente de auditoría
TY-01-08,Typography,"tipografía, lectura y jerarquía",intent,estratégico,"En tipografía, lectura y jerarquía, comprobar que existe una intención verificable y no solo una decisión ornamental. Variante 8: el caso debe tener evidencia visible y no una promesa abstracta.",pendiente de auditoría
TY-01-09,Typography,"tipografía, lectura y jerarquía",intent,estratégico,"En tipografía, lectura y jerarquía, comprobar que existe una intención verificable y no solo una decisión ornamental. Variante 9: el caso debe tener evidencia visible y no una promesa abstracta.",pendiente de auditoría
TY-01-10,Typography,"tipografía, lectura y jerarquía",intent,estratégico,"En tipografía, lectura y jerarquía, comprobar que existe una intención verificable y no solo una decisión ornamental. Variante 10: el caso debe tener evidencia visible y no una promesa abstracta.",pendiente de auditoría
TY-02-01,Typography,"tipografía, lectura y jerarquía",audience,alto,"En tipografía, lectura y jerarquía, comprobar que la decisión sirve al público objetivo y al contexto de uso. Variante 1: el caso debe tener evidencia visible y no una promesa abstracta.",pendiente de auditoría
TY-02-02,Typography,"tipografía, lectura y jerarquía",audience,alto,"En tipografía, lectura y jerarquía, comprobar que la decisión sirve al público objetivo y al contexto de uso. Variante 2: el caso debe tener evidencia visible y no una promesa abstracta.",pendiente de auditoría
TY-02-03,Typography,"tipografía, lectura y jerarquía",audience,alto,"En tipografía, lectura y jerarquía, comprobar que la decisión sirve al público objetivo y al contexto de uso. Variante 3: el caso debe tener evidencia visible y no una promesa abstracta.",pendiente de auditoría
TY-02-04,Typography,"tipografía, lectura y jerarquía",audience,alto,"En tipografía, lectura y jerarquía, comprobar que la decisión sirve al público objetivo y al contexto de uso. Variante 4: el caso debe tener evidencia visible y no una promesa abstracta.",pendiente de auditoría
TY-02-05,Typography,"tipografía, lectura y jerarquía",audience,alto,"En tipografía, lectura y jerarquía, comprobar que la decisión sirve al público objetivo y al contexto de uso. Variante 5: el caso debe tener evidencia visible y no una promesa abstracta.",pendiente de auditoría
TY-02-06,Typography,"tipografía, lectura y jerarquía",audience,alto,"En tipografía, lectura y jerarquía, comprobar que la decisión sirve al público objetivo y al contexto de uso. Variante 6: el caso debe tener evidencia visible y no una promesa abstracta.",pendiente de auditoría
TY-02-07,Typography,"tipografía, lectura y jerarquía",audience,alto,"En tipografía, lectura y jerarquía, comprobar que la decisión sirve al público objetivo y al contexto de uso. Variante 7: el caso debe tener evidencia visible y no una promesa abstracta.",pendiente de auditoría
TY-02-08,Typography,"tipografía, lectura y jerarquía",audience,alto,"En tipografía, lectura y jerarquía, comprobar que la decisión sirve al público objetivo y al contexto de uso. Variante 8: el caso debe tener evidencia visible y no una promesa abstracta.",pendiente de auditoría
TY-02-09,Typography,"tipografía, lectura y jerarquía",audience,alto,"En tipografía, lectura y jerarquía, comprobar que la decisión sirve al público objetivo y al contexto de uso. Variante 9: el caso debe tener evidencia visible y no una promesa abstracta.",pendiente de auditoría
TY-02-10,Typography,"tipografía, lectura y jerarquía",audience,alto,"En tipografía, lectura y jerarquía, comprobar que la decisión sirve al público objetivo y al contexto de uso. Variante 10: el caso debe tener evidencia visible y no una promesa abstracta.",pendiente de auditoría
TY-03-01,Typography,"tipografía, lectura y jerarquía",hierarchy,alto,"En tipografía, lectura y jerarquía, comprobar que la jerarquía comunica lo importante antes de lo accesorio. Variante 1: el caso debe tener evidencia visible y no una promesa abstracta.",pendiente de auditoría
TY-03-02,Typography,"tipografía, lectura y jerarquía",hierarchy,alto,"En tipografía, lectura y jerarquía, comprobar que la jerarquía comunica lo importante antes de lo accesorio. Variante 2: el caso debe tener evidencia visible y no una promesa abstracta.",pendiente de auditoría
TY-03-03,Typography,"tipografía, lectura y jerarquía",hierarchy,alto,"En tipografía, lectura y jerarquía, comprobar que la jerarquía comunica lo importante antes de lo accesorio. Variante 3: el caso debe tener evidencia visible y no una promesa abstracta.",pendiente de auditoría
TY-03-04,Typography,"tipografía, lectura y jerarquía",hierarchy,alto,"En tipografía, lectura y jerarquía, comprobar que la jerarquía comunica lo importante antes de lo accesorio. Variante 4: el caso debe tener evidencia visible y no una promesa abstracta.",pendiente de auditoría
TY-03-05,Typography,"tipografía, lectura y jerarquía",hierarchy,alto,"En tipografía, lectura y jerarquía, comprobar que la jerarquía comunica lo importante antes de lo accesorio. Variante 5: el caso debe tener evidencia visible y no una promesa abstracta.",pendiente de auditoría
TY-03-06,Typography,"tipografía, lectura y jerarquía",hierarchy,alto,"En tipografía, lectura y jerarquía, comprobar que la jerarquía comunica lo importante antes de lo accesorio. Variante 6: el caso debe tener evidencia visible y no una promesa abstracta.",pendiente de auditoría
TY-03-07,Typography,"tipografía, lectura y jerarquía",hierarchy,alto,"En tipografía, lectura y jerarquía, comprobar que la jerarquía comunica lo importante antes de lo accesorio. Variante 7: el caso debe tener evidencia visible y no una promesa abstracta.",pendiente de auditoría
TY-03-08,Typography,"tipografía, lectura y jerarquía",hierarchy,alto,"En tipografía, lectura y jerarquía, comprobar que la jerarquía comunica lo importante antes de lo accesorio. Variante 8: el caso debe tener evidencia visible y no una promesa abstracta.",pendiente de auditoría
TY-03-09,Typography,"tipografía, lectura y jerarquía",hierarchy,alto,"En tipografía, lectura y jerarquía, comprobar que la jerarquía comunica lo importante antes de lo accesorio. Variante 9: el caso debe tener evidencia visible y no una promesa abstracta.",pendiente de auditoría
TY-03-10,Typography,"tipografía, lectura y jerarquía",hierarchy,alto,"En tipografía, lectura y jerarquía, comprobar que la jerarquía comunica lo importante antes de lo accesorio. Variante 10: el caso debe tener evidencia visible y no una promesa abstracta.",pendiente de auditoría
TY-04-01,Typography,"tipografía, lectura y jerarquía",coherence,alto,"En tipografía, lectura y jerarquía, comprobar que la ejecución mantiene coherencia con el sistema visual completo. Variante 1: el caso debe tener evidencia visible y no una promesa abstracta.",pendiente de auditoría
TY-04-02,Typography,"tipografía, lectura y jerarquía",coherence,alto,"En tipografía, lectura y jerarquía, comprobar que la ejecución mantiene coherencia con el sistema visual completo. Variante 2: el caso debe tener evidencia visible y no una promesa abstracta.",pendiente de auditoría
TY-04-03,Typography,"tipografía, lectura y jerarquía",coherence,alto,"En tipografía, lectura y jerarquía, comprobar que la ejecución mantiene coherencia con el sistema visual completo. Variante 3: el caso debe tener evidencia visible y no una promesa abstracta.",pendiente de auditoría
TY-04-04,Typography,"tipografía, lectura y jerarquía",coherence,alto,"En tipografía, lectura y jerarquía, comprobar que la ejecución mantiene coherencia con el sistema visual completo. Variante 4: el caso debe tener evidencia visible y no una promesa abstracta.",pendiente de auditoría
TY-04-05,Typography,"tipografía, lectura y jerarquía",coherence,alto,"En tipografía, lectura y jerarquía, comprobar que la ejecución mantiene coherencia con el sistema visual completo. Variante 5: el caso debe tener evidencia visible y no una promesa abstracta.",pendiente de auditoría
TY-04-06,Typography,"tipografía, lectura y jerarquía",coherence,alto,"En tipografía, lectura y jerarquía, comprobar que la ejecución mantiene coherencia con el sistema visual completo. Variante 6: el caso debe tener evidencia visible y no una promesa abstracta.",pendiente de auditoría
TY-04-07,Typography,"tipografía, lectura y jerarquía",coherence,alto,"En tipografía, lectura y jerarquía, comprobar que la ejecución mantiene coherencia con el sistema visual completo. Variante 7: el caso debe tener evidencia visible y no una promesa abstracta.",pendiente de auditoría
TY-04-08,Typography,"tipografía, lectura y jerarquía",coherence,alto,"En tipografía, lectura y jerarquía, comprobar que la ejecución mantiene coherencia con el sistema visual completo. Variante 8: el caso debe tener evidencia visible y no una promesa abstracta.",pendiente de auditoría
TY-04-09,Typography,"tipografía, lectura y jerarquía",coherence,alto,"En tipografía, lectura y jerarquía, comprobar que la ejecución mantiene coherencia con el sistema visual completo. Variante 9: el caso debe tener evidencia visible y no una promesa abstracta.",pendiente de auditoría
TY-04-10,Typography,"tipografía, lectura y jerarquía",coherence,alto,"En tipografía, lectura y jerarquía, comprobar que la ejecución mantiene coherencia con el sistema visual completo. Variante 10: el caso debe tener evidencia visible y no una promesa abstracta.",pendiente de auditoría
TY-05-01,Typography,"tipografía, lectura y jerarquía",inclusion,crítico,"En tipografía, lectura y jerarquía, comprobar que la experiencia funciona sin depender de una única capacidad sensorial. Variante 1: el caso debe tener evidencia visible y no una promesa abstracta.",pendiente de auditoría
TY-05-02,Typography,"tipografía, lectura y jerarquía",inclusion,crítico,"En tipografía, lectura y jerarquía, comprobar que la experiencia funciona sin depender de una única capacidad sensorial. Variante 2: el caso debe tener evidencia visible y no una promesa abstracta.",pendiente de auditoría
TY-05-03,Typography,"tipografía, lectura y jerarquía",inclusion,crítico,"En tipografía, lectura y jerarquía, comprobar que la experiencia funciona sin depender de una única capacidad sensorial. Variante 3: el caso debe tener evidencia visible y no una promesa abstracta.",pendiente de auditoría
TY-05-04,Typography,"tipografía, lectura y jerarquía",inclusion,crítico,"En tipografía, lectura y jerarquía, comprobar que la experiencia funciona sin depender de una única capacidad sensorial. Variante 4: el caso debe tener evidencia visible y no una promesa abstracta.",pendiente de auditoría
TY-05-05,Typography,"tipografía, lectura y jerarquía",inclusion,crítico,"En tipografía, lectura y jerarquía, comprobar que la experiencia funciona sin depender de una única capacidad sensorial. Variante 5: el caso debe tener evidencia visible y no una promesa abstracta.",pendiente de auditoría
TY-05-06,Typography,"tipografía, lectura y jerarquía",inclusion,crítico,"En tipografía, lectura y jerarquía, comprobar que la experiencia funciona sin depender de una única capacidad sensorial. Variante 6: el caso debe tener evidencia visible y no una promesa abstracta.",pendiente de auditoría
TY-05-07,Typography,"tipografía, lectura y jerarquía",inclusion,crítico,"En tipografía, lectura y jerarquía, comprobar que la experiencia funciona sin depender de una única capacidad sensorial. Variante 7: el caso debe tener evidencia visible y no una promesa abstracta.",pendiente de auditoría
TY-05-08,Typography,"tipografía, lectura y jerarquía",inclusion,crítico,"En tipografía, lectura y jerarquía, comprobar que la experiencia funciona sin depender de una única capacidad sensorial. Variante 8: el caso debe tener evidencia visible y no una promesa abstracta.",pendiente de auditoría
TY-05-09,Typography,"tipografía, lectura y jerarquía",inclusion,crítico,"En tipografía, lectura y jerarquía, comprobar que la experiencia funciona sin depender de una única capacidad sensorial. Variante 9: el caso debe tener evidencia visible y no una promesa abstracta.",pendiente de auditoría
TY-05-10,Typography,"tipografía, lectura y jerarquía",inclusion,crítico,"En tipografía, lectura y jerarquía, comprobar que la experiencia funciona sin depender de una única capacidad sensorial. Variante 10: el caso debe tener evidencia visible y no una promesa abstracta.",pendiente de auditoría
TY-06-01,Typography,"tipografía, lectura y jerarquía",feedback,alto,"En tipografía, lectura y jerarquía, comprobar que la respuesta del sistema es clara, reversible y observable. Variante 1: el caso debe tener evidencia visible y no una promesa abstracta.",pendiente de auditoría
TY-06-02,Typography,"tipografía, lectura y jerarquía",feedback,alto,"En tipografía, lectura y jerarquía, comprobar que la respuesta del sistema es clara, reversible y observable. Variante 2: el caso debe tener evidencia visible y no una promesa abstracta.",pendiente de auditoría
TY-06-03,Typography,"tipografía, lectura y jerarquía",feedback,alto,"En tipografía, lectura y jerarquía, comprobar que la respuesta del sistema es clara, reversible y observable. Variante 3: el caso debe tener evidencia visible y no una promesa abstracta.",pendiente de auditoría
TY-06-04,Typography,"tipografía, lectura y jerarquía",feedback,alto,"En tipografía, lectura y jerarquía, comprobar que la respuesta del sistema es clara, reversible y observable. Variante 4: el caso debe tener evidencia visible y no una promesa abstracta.",pendiente de auditoría
TY-06-05,Typography,"tipografía, lectura y jerarquía",feedback,alto,"En tipografía, lectura y jerarquía, comprobar que la respuesta del sistema es clara, reversible y observable. Variante 5: el caso debe tener evidencia visible y no una promesa abstracta.",pendiente de auditoría
TY-06-06,Typography,"tipografía, lectura y jerarquía",feedback,alto,"En tipografía, lectura y jerarquía, comprobar que la respuesta del sistema es clara, reversible y observable. Variante 6: el caso debe tener evidencia visible y no una promesa abstracta.",pendiente de auditoría
TY-06-07,Typography,"tipografía, lectura y jerarquía",feedback,alto,"En tipografía, lectura y jerarquía, comprobar que la respuesta del sistema es clara, reversible y observable. Variante 7: el caso debe tener evidencia visible y no una promesa abstracta.",pendiente de auditoría
TY-06-08,Typography,"tipografía, lectura y jerarquía",feedback,alto,"En tipografía, lectura y jerarquía, comprobar que la respuesta del sistema es clara, reversible y observable. Variante 8: el caso debe tener evidencia visible y no una promesa abstracta.",pendiente de auditoría
TY-06-09,Typography,"tipografía, lectura y jerarquía",feedback,alto,"En tipografía, lectura y jerarquía, comprobar que la respuesta del sistema es clara, reversible y observable. Variante 9: el caso debe tener evidencia visible y no una promesa abstracta.",pendiente de auditoría
TY-06-10,Typography,"tipografía, lectura y jerarquía",feedback,alto,"En tipografía, lectura y jerarquía, comprobar que la respuesta del sistema es clara, reversible y observable. Variante 10: el caso debe tener evidencia visible y no una promesa abstracta.",pendiente de auditoría
TY-07-01,Typography,"tipografía, lectura y jerarquía",performance,crítico,"En tipografía, lectura y jerarquía, comprobar que la decisión conserva rendimiento y no añade fricción innecesaria. Variante 1: el caso debe tener evidencia visible y no una promesa abstracta.",pendiente de auditoría
TY-07-02,Typography,"tipografía, lectura y jerarquía",performance,crítico,"En tipografía, lectura y jerarquía, comprobar que la decisión conserva rendimiento y no añade fricción innecesaria. Variante 2: el caso debe tener evidencia visible y no una promesa abstracta.",pendiente de auditoría
TY-07-03,Typography,"tipografía, lectura y jerarquía",performance,crítico,"En tipografía, lectura y jerarquía, comprobar que la decisión conserva rendimiento y no añade fricción innecesaria. Variante 3: el caso debe tener evidencia visible y no una promesa abstracta.",pendiente de auditoría
TY-07-04,Typography,"tipografía, lectura y jerarquía",performance,crítico,"En tipografía, lectura y jerarquía, comprobar que la decisión conserva rendimiento y no añade fricción innecesaria. Variante 4: el caso debe tener evidencia visible y no una promesa abstracta.",pendiente de auditoría
TY-07-05,Typography,"tipografía, lectura y jerarquía",performance,crítico,"En tipografía, lectura y jerarquía, comprobar que la decisión conserva rendimiento y no añade fricción innecesaria. Variante 5: el caso debe tener evidencia visible y no una promesa abstracta.",pendiente de auditoría
TY-07-06,Typography,"tipografía, lectura y jerarquía",performance,crítico,"En tipografía, lectura y jerarquía, comprobar que la decisión conserva rendimiento y no añade fricción innecesaria. Variante 6: el caso debe tener evidencia visible y no una promesa abstracta.",pendiente de auditoría
TY-07-07,Typography,"tipografía, lectura y jerarquía",performance,crítico,"En tipografía, lectura y jerarquía, comprobar que la decisión conserva rendimiento y no añade fricción innecesaria. Variante 7: el caso debe tener evidencia visible y no una promesa abstracta.",pendiente de auditoría
TY-07-08,Typography,"tipografía, lectura y jerarquía",performance,crítico,"En tipografía, lectura y jerarquía, comprobar que la decisión conserva rendimiento y no añade fricción innecesaria. Variante 8: el caso debe tener evidencia visible y no una promesa abstracta.",pendiente de auditoría
TY-07-09,Typography,"tipografía, lectura y jerarquía",performance,crítico,"En tipografía, lectura y jerarquía, comprobar que la decisión conserva rendimiento y no añade fricción innecesaria. Variante 9: el caso debe tener evidencia visible y no una promesa abstracta.",pendiente de auditoría
TY-07-10,Typography,"tipografía, lectura y jerarquía",performance,crítico,"En tipografía, lectura y jerarquía, comprobar que la decisión conserva rendimiento y no añade fricción innecesaria. Variante 10: el caso debe tener evidencia visible y no una promesa abstracta.",pendiente de auditoría
TY-08-01,Typography,"tipografía, lectura y jerarquía",responsive,crítico,"En tipografía, lectura y jerarquía, comprobar que la implementación se comporta correctamente en distintos tamaños. Variante 1: el caso debe tener evidencia visible y no una promesa abstracta.",pendiente de auditoría
TY-08-02,Typography,"tipografía, lectura y jerarquía",responsive,crítico,"En tipografía, lectura y jerarquía, comprobar que la implementación se comporta correctamente en distintos tamaños. Variante 2: el caso debe tener evidencia visible y no una promesa abstracta.",pendiente de auditoría
TY-08-03,Typography,"tipografía, lectura y jerarquía",responsive,crítico,"En tipografía, lectura y jerarquía, comprobar que la implementación se comporta correctamente en distintos tamaños. Variante 3: el caso debe tener evidencia visible y no una promesa abstracta.",pendiente de auditoría
TY-08-04,Typography,"tipografía, lectura y jerarquía",responsive,crítico,"En tipografía, lectura y jerarquía, comprobar que la implementación se comporta correctamente en distintos tamaños. Variante 4: el caso debe tener evidencia visible y no una promesa abstracta.",pendiente de auditoría
TY-08-05,Typography,"tipografía, lectura y jerarquía",responsive,crítico,"En tipografía, lectura y jerarquía, comprobar que la implementación se comporta correctamente en distintos tamaños. Variante 5: el caso debe tener evidencia visible y no una promesa abstracta.",pendiente de auditoría
TY-08-06,Typography,"tipografía, lectura y jerarquía",responsive,crítico,"En tipografía, lectura y jerarquía, comprobar que la implementación se comporta correctamente en distintos tamaños. Variante 6: el caso debe tener evidencia visible y no una promesa abstracta.",pendiente de auditoría
TY-08-07,Typography,"tipografía, lectura y jerarquía",responsive,crítico,"En tipografía, lectura y jerarquía, comprobar que la implementación se comporta correctamente en distintos tamaños. Variante 7: el caso debe tener evidencia visible y no una promesa abstracta.",pendiente de auditoría
TY-08-08,Typography,"tipografía, lectura y jerarquía",responsive,crítico,"En tipografía, lectura y jerarquía, comprobar que la implementación se comporta correctamente en distintos tamaños. Variante 8: el caso debe tener evidencia visible y no una promesa abstracta.",pendiente de auditoría
TY-08-09,Typography,"tipografía, lectura y jerarquía",responsive,crítico,"En tipografía, lectura y jerarquía, comprobar que la implementación se comporta correctamente en distintos tamaños. Variante 9: el caso debe tener evidencia visible y no una promesa abstracta.",pendiente de auditoría
TY-08-10,Typography,"tipografía, lectura y jerarquía",responsive,crítico,"En tipografía, lectura y jerarquía, comprobar que la implementación se comporta correctamente en distintos tamaños. Variante 10: el caso debe tener evidencia visible y no una promesa abstracta.",pendiente de auditoría
TY-09-01,Typography,"tipografía, lectura y jerarquía",distinctiveness,alto,"En tipografía, lectura y jerarquía, comprobar que la solución es suficientemente propia para ser recordada y defendida. Variante 1: el caso debe tener evidencia visible y no una promesa abstracta.",pendiente de auditoría
TY-09-02,Typography,"tipografía, lectura y jerarquía",distinctiveness,alto,"En tipografía, lectura y jerarquía, comprobar que la solución es suficientemente propia para ser recordada y defendida. Variante 2: el caso debe tener evidencia visible y no una promesa abstracta.",pendiente de auditoría
TY-09-03,Typography,"tipografía, lectura y jerarquía",distinctiveness,alto,"En tipografía, lectura y jerarquía, comprobar que la solución es suficientemente propia para ser recordada y defendida. Variante 3: el caso debe tener evidencia visible y no una promesa abstracta.",pendiente de auditoría
TY-09-04,Typography,"tipografía, lectura y jerarquía",distinctiveness,alto,"En tipografía, lectura y jerarquía, comprobar que la solución es suficientemente propia para ser recordada y defendida. Variante 4: el caso debe tener evidencia visible y no una promesa abstracta.",pendiente de auditoría
TY-09-05,Typography,"tipografía, lectura y jerarquía",distinctiveness,alto,"En tipografía, lectura y jerarquía, comprobar que la solución es suficientemente propia para ser recordada y defendida. Variante 5: el caso debe tener evidencia visible y no una promesa abstracta.",pendiente de auditoría
TY-09-06,Typography,"tipografía, lectura y jerarquía",distinctiveness,alto,"En tipografía, lectura y jerarquía, comprobar que la solución es suficientemente propia para ser recordada y defendida. Variante 6: el caso debe tener evidencia visible y no una promesa abstracta.",pendiente de auditoría
TY-09-07,Typography,"tipografía, lectura y jerarquía",distinctiveness,alto,"En tipografía, lectura y jerarquía, comprobar que la solución es suficientemente propia para ser recordada y defendida. Variante 7: el caso debe tener evidencia visible y no una promesa abstracta.",pendiente de auditoría
TY-09-08,Typography,"tipografía, lectura y jerarquía",distinctiveness,alto,"En tipografía, lectura y jerarquía, comprobar que la solución es suficientemente propia para ser recordada y defendida. Variante 8: el caso debe tener evidencia visible y no una promesa abstracta.",pendiente de auditoría
TY-09-09,Typography,"tipografía, lectura y jerarquía",distinctiveness,alto,"En tipografía, lectura y jerarquía, comprobar que la solución es suficientemente propia para ser recordada y defendida. Variante 9: el caso debe tener evidencia visible y no una promesa abstracta.",pendiente de auditoría
TY-09-10,Typography,"tipografía, lectura y jerarquía",distinctiveness,alto,"En tipografía, lectura y jerarquía, comprobar que la solución es suficientemente propia para ser recordada y defendida. Variante 10: el caso debe tener evidencia visible y no una promesa abstracta.",pendiente de auditoría
TY-10-01,Typography,"tipografía, lectura y jerarquía",verification,crítico,"En tipografía, lectura y jerarquía, comprobar que el resultado puede validarse con una prueba concreta antes de publicarse. Variante 1: el caso debe tener evidencia visible y no una promesa abstracta.",pendiente de auditoría
TY-10-02,Typography,"tipografía, lectura y jerarquía",verification,crítico,"En tipografía, lectura y jerarquía, comprobar que el resultado puede validarse con una prueba concreta antes de publicarse. Variante 2: el caso debe tener evidencia visible y no una promesa abstracta.",pendiente de auditoría
TY-10-03,Typography,"tipografía, lectura y jerarquía",verification,crítico,"En tipografía, lectura y jerarquía, comprobar que el resultado puede validarse con una prueba concreta antes de publicarse. Variante 3: el caso debe tener evidencia visible y no una promesa abstracta.",pendiente de auditoría
TY-10-04,Typography,"tipografía, lectura y jerarquía",verification,crítico,"En tipografía, lectura y jerarquía, comprobar que el resultado puede validarse con una prueba concreta antes de publicarse. Variante 4: el caso debe tener evidencia visible y no una promesa abstracta.",pendiente de auditoría
TY-10-05,Typography,"tipografía, lectura y jerarquía",verification,crítico,"En tipografía, lectura y jerarquía, comprobar que el resultado puede validarse con una prueba concreta antes de publicarse. Variante 5: el caso debe tener evidencia visible y no una promesa abstracta.",pendiente de auditoría
TY-10-06,Typography,"tipografía, lectura y jerarquía",verification,crítico,"En tipografía, lectura y jerarquía, comprobar que el resultado puede validarse con una prueba concreta antes de publicarse. Variante 6: el caso debe tener evidencia visible y no una promesa abstracta.",pendiente de auditoría
TY-10-07,Typography,"tipografía, lectura y jerarquía",verification,crítico,"En tipografía, lectura y jerarquía, comprobar que el resultado puede validarse con una prueba concreta antes de publicarse. Variante 7: el caso debe tener evidencia visible y no una promesa abstracta.",pendiente de auditoría
TY-10-08,Typography,"tipografía, lectura y jerarquía",verification,crítico,"En tipografía, lectura y jerarquía, comprobar que el resultado puede validarse con una prueba concreta antes de publicarse. Variante 8: el caso debe tener evidencia visible y no una promesa abstracta.",pendiente de auditoría
TY-10-09,Typography,"tipografía, lectura y jerarquía",verification,crítico,"En tipografía, lectura y jerarquía, comprobar que el resultado puede validarse con una prueba concreta antes de publicarse. Variante 9: el caso debe tener evidencia visible y no una promesa abstracta.",pendiente de auditoría
TY-10-10,Typography,"tipografía, lectura y jerarquía",verification,crítico,"En tipografía, lectura y jerarquía, comprobar que el resultado puede validarse con una prueba concreta antes de publicarse. Variante 10: el caso debe tener evidencia visible y no una promesa abstracta.",pendiente de auditoría
CO-01-01,Color,"paleta, contraste y emoción",intent,estratégico,"En paleta, contraste y emoción, comprobar que existe una intención verificable y no solo una decisión ornamental. Variante 1: el caso debe tener evidencia visible y no una promesa abstracta.",pendiente de auditoría
CO-01-02,Color,"paleta, contraste y emoción",intent,estratégico,"En paleta, contraste y emoción, comprobar que existe una intención verificable y no solo una decisión ornamental. Variante 2: el caso debe tener evidencia visible y no una promesa abstracta.",pendiente de auditoría
CO-01-03,Color,"paleta, contraste y emoción",intent,estratégico,"En paleta, contraste y emoción, comprobar que existe una intención verificable y no solo una decisión ornamental. Variante 3: el caso debe tener evidencia visible y no una promesa abstracta.",pendiente de auditoría
CO-01-04,Color,"paleta, contraste y emoción",intent,estratégico,"En paleta, contraste y emoción, comprobar que existe una intención verificable y no solo una decisión ornamental. Variante 4: el caso debe tener evidencia visible y no una promesa abstracta.",pendiente de auditoría
CO-01-05,Color,"paleta, contraste y emoción",intent,estratégico,"En paleta, contraste y emoción, comprobar que existe una intención verificable y no solo una decisión ornamental. Variante 5: el caso debe tener evidencia visible y no una promesa abstracta.",pendiente de auditoría
CO-01-06,Color,"paleta, contraste y emoción",intent,estratégico,"En paleta, contraste y emoción, comprobar que existe una intención verificable y no solo una decisión ornamental. Variante 6: el caso debe tener evidencia visible y no una promesa abstracta.",pendiente de auditoría
CO-01-07,Color,"paleta, contraste y emoción",intent,estratégico,"En paleta, contraste y emoción, comprobar que existe una intención verificable y no solo una decisión ornamental. Variante 7: el caso debe tener evidencia visible y no una promesa abstracta.",pendiente de auditoría
CO-01-08,Color,"paleta, contraste y emoción",intent,estratégico,"En paleta, contraste y emoción, comprobar que existe una intención verificable y no solo una decisión ornamental. Variante 8: el caso debe tener evidencia visible y no una promesa abstracta.",pendiente de auditoría
CO-01-09,Color,"paleta, contraste y emoción",intent,estratégico,"En paleta, contraste y emoción, comprobar que existe una intención verificable y no solo una decisión ornamental. Variante 9: el caso debe tener evidencia visible y no una promesa abstracta.",pendiente de auditoría
CO-01-10,Color,"paleta, contraste y emoción",intent,estratégico,"En paleta, contraste y emoción, comprobar que existe una intención verificable y no solo una decisión ornamental. Variante 10: el caso debe tener evidencia visible y no una promesa abstracta.",pendiente de auditoría
CO-02-01,Color,"paleta, contraste y emoción",audience,alto,"En paleta, contraste y emoción, comprobar que la decisión sirve al público objetivo y al contexto de uso. Variante 1: el caso debe tener evidencia visible y no una promesa abstracta.",pendiente de auditoría
CO-02-02,Color,"paleta, contraste y emoción",audience,alto,"En paleta, contraste y emoción, comprobar que la decisión sirve al público objetivo y al contexto de uso. Variante 2: el caso debe tener evidencia visible y no una promesa abstracta.",pendiente de auditoría
CO-02-03,Color,"paleta, contraste y emoción",audience,alto,"En paleta, contraste y emoción, comprobar que la decisión sirve al público objetivo y al contexto de uso. Variante 3: el caso debe tener evidencia visible y no una promesa abstracta.",pendiente de auditoría
CO-02-04,Color,"paleta, contraste y emoción",audience,alto,"En paleta, contraste y emoción, comprobar que la decisión sirve al público objetivo y al contexto de uso. Variante 4: el caso debe tener evidencia visible y no una promesa abstracta.",pendiente de auditoría
CO-02-05,Color,"paleta, contraste y emoción",audience,alto,"En paleta, contraste y emoción, comprobar que la decisión sirve al público objetivo y al contexto de uso. Variante 5: el caso debe tener evidencia visible y no una promesa abstracta.",pendiente de auditoría
CO-02-06,Color,"paleta, contraste y emoción",audience,alto,"En paleta, contraste y emoción, comprobar que la decisión sirve al público objetivo y al contexto de uso. Variante 6: el caso debe tener evidencia visible y no una promesa abstracta.",pendiente de auditoría
CO-02-07,Color,"paleta, contraste y emoción",audience,alto,"En paleta, contraste y emoción, comprobar que la decisión sirve al público objetivo y al contexto de uso. Variante 7: el caso debe tener evidencia visible y no una promesa abstracta.",pendiente de auditoría
CO-02-08,Color,"paleta, contraste y emoción",audience,alto,"En paleta, contraste y emoción, comprobar que la decisión sirve al público objetivo y al contexto de uso. Variante 8: el caso debe tener evidencia visible y no una promesa abstracta.",pendiente de auditoría
CO-02-09,Color,"paleta, contraste y emoción",audience,alto,"En paleta, contraste y emoción, comprobar que la decisión sirve al público objetivo y al contexto de uso. Variante 9: el caso debe tener evidencia visible y no una promesa abstracta.",pendiente de auditoría
CO-02-10,Color,"paleta, contraste y emoción",audience,alto,"En paleta, contraste y emoción, comprobar que la decisión sirve al público objetivo y al contexto de uso. Variante 10: el caso debe tener evidencia visible y no una promesa abstracta.",pendiente de auditoría
CO-03-01,Color,"paleta, contraste y emoción",hierarchy,alto,"En paleta, contraste y emoción, comprobar que la jerarquía comunica lo importante antes de lo accesorio. Variante 1: el caso debe tener evidencia visible y no una promesa abstracta.",pendiente de auditoría
CO-03-02,Color,"paleta, contraste y emoción",hierarchy,alto,"En paleta, contraste y emoción, comprobar que la jerarquía comunica lo importante antes de lo accesorio. Variante 2: el caso debe tener evidencia visible y no una promesa abstracta.",pendiente de auditoría
CO-03-03,Color,"paleta, contraste y emoción",hierarchy,alto,"En paleta, contraste y emoción, comprobar que la jerarquía comunica lo importante antes de lo accesorio. Variante 3: el caso debe tener evidencia visible y no una promesa abstracta.",pendiente de auditoría
CO-03-04,Color,"paleta, contraste y emoción",hierarchy,alto,"En paleta, contraste y emoción, comprobar que la jerarquía comunica lo importante antes de lo accesorio. Variante 4: el caso debe tener evidencia visible y no una promesa abstracta.",pendiente de auditoría
CO-03-05,Color,"paleta, contraste y emoción",hierarchy,alto,"En paleta, contraste y emoción, comprobar que la jerarquía comunica lo importante antes de lo accesorio. Variante 5: el caso debe tener evidencia visible y no una promesa abstracta.",pendiente de auditoría
CO-03-06,Color,"paleta, contraste y emoción",hierarchy,alto,"En paleta, contraste y emoción, comprobar que la jerarquía comunica lo importante antes de lo accesorio. Variante 6: el caso debe tener evidencia visible y no una promesa abstracta.",pendiente de auditoría
CO-03-07,Color,"paleta, contraste y emoción",hierarchy,alto,"En paleta, contraste y emoción, comprobar que la jerarquía comunica lo importante antes de lo accesorio. Variante 7: el caso debe tener evidencia visible y no una promesa abstracta.",pendiente de auditoría
CO-03-08,Color,"paleta, contraste y emoción",hierarchy,alto,"En paleta, contraste y emoción, comprobar que la jerarquía comunica lo importante antes de lo accesorio. Variante 8: el caso debe tener evidencia visible y no una promesa abstracta.",pendiente de auditoría
CO-03-09,Color,"paleta, contraste y emoción",hierarchy,alto,"En paleta, contraste y emoción, comprobar que la jerarquía comunica lo importante antes de lo accesorio. Variante 9: el caso debe tener evidencia visible y no una promesa abstracta.",pendiente de auditoría
CO-03-10,Color,"paleta, contraste y emoción",hierarchy,alto,"En paleta, contraste y emoción, comprobar que la jerarquía comunica lo importante antes de lo accesorio. Variante 10: el caso debe tener evidencia visible y no una promesa abstracta.",pendiente de auditoría
CO-04-01,Color,"paleta, contraste y emoción",coherence,alto,"En paleta, contraste y emoción, comprobar que la ejecución mantiene coherencia con el sistema visual completo. Variante 1: el caso debe tener evidencia visible y no una promesa abstracta.",pendiente de auditoría
CO-04-02,Color,"paleta, contraste y emoción",coherence,alto,"En paleta, contraste y emoción, comprobar que la ejecución mantiene coherencia con el sistema visual completo. Variante 2: el caso debe tener evidencia visible y no una promesa abstracta.",pendiente de auditoría
CO-04-03,Color,"paleta, contraste y emoción",coherence,alto,"En paleta, contraste y emoción, comprobar que la ejecución mantiene coherencia con el sistema visual completo. Variante 3: el caso debe tener evidencia visible y no una promesa abstracta.",pendiente de auditoría
CO-04-04,Color,"paleta, contraste y emoción",coherence,alto,"En paleta, contraste y emoción, comprobar que la ejecución mantiene coherencia con el sistema visual completo. Variante 4: el caso debe tener evidencia visible y no una promesa abstracta.",pendiente de auditoría
CO-04-05,Color,"paleta, contraste y emoción",coherence,alto,"En paleta, contraste y emoción, comprobar que la ejecución mantiene coherencia con el sistema visual completo. Variante 5: el caso debe tener evidencia visible y no una promesa abstracta.",pendiente de auditoría
CO-04-06,Color,"paleta, contraste y emoción",coherence,alto,"En paleta, contraste y emoción, comprobar que la ejecución mantiene coherencia con el sistema visual completo. Variante 6: el caso debe tener evidencia visible y no una promesa abstracta.",pendiente de auditoría
CO-04-07,Color,"paleta, contraste y emoción",coherence,alto,"En paleta, contraste y emoción, comprobar que la ejecución mantiene coherencia con el sistema visual completo. Variante 7: el caso debe tener evidencia visible y no una promesa abstracta.",pendiente de auditoría
CO-04-08,Color,"paleta, contraste y emoción",coherence,alto,"En paleta, contraste y emoción, comprobar que la ejecución mantiene coherencia con el sistema visual completo. Variante 8: el caso debe tener evidencia visible y no una promesa abstracta.",pendiente de auditoría
CO-04-09,Color,"paleta, contraste y emoción",coherence,alto,"En paleta, contraste y emoción, comprobar que la ejecución mantiene coherencia con el sistema visual completo. Variante 9: el caso debe tener evidencia visible y no una promesa abstracta.",pendiente de auditoría
CO-04-10,Color,"paleta, contraste y emoción",coherence,alto,"En paleta, contraste y emoción, comprobar que la ejecución mantiene coherencia con el sistema visual completo. Variante 10: el caso debe tener evidencia visible y no una promesa abstracta.",pendiente de auditoría
CO-05-01,Color,"paleta, contraste y emoción",inclusion,crítico,"En paleta, contraste y emoción, comprobar que la experiencia funciona sin depender de una única capacidad sensorial. Variante 1: el caso debe tener evidencia visible y no una promesa abstracta.",pendiente de auditoría
CO-05-02,Color,"paleta, contraste y emoción",inclusion,crítico,"En paleta, contraste y emoción, comprobar que la experiencia funciona sin depender de una única capacidad sensorial. Variante 2: el caso debe tener evidencia visible y no una promesa abstracta.",pendiente de auditoría
CO-05-03,Color,"paleta, contraste y emoción",inclusion,crítico,"En paleta, contraste y emoción, comprobar que la experiencia funciona sin depender de una única capacidad sensorial. Variante 3: el caso debe tener evidencia visible y no una promesa abstracta.",pendiente de auditoría
CO-05-04,Color,"paleta, contraste y emoción",inclusion,crítico,"En paleta, contraste y emoción, comprobar que la experiencia funciona sin depender de una única capacidad sensorial. Variante 4: el caso debe tener evidencia visible y no una promesa abstracta.",pendiente de auditoría
CO-05-05,Color,"paleta, contraste y emoción",inclusion,crítico,"En paleta, contraste y emoción, comprobar que la experiencia funciona sin depender de una única capacidad sensorial. Variante 5: el caso debe tener evidencia visible y no una promesa abstracta.",pendiente de auditoría
CO-05-06,Color,"paleta, contraste y emoción",inclusion,crítico,"En paleta, contraste y emoción, comprobar que la experiencia funciona sin depender de una única capacidad sensorial. Variante 6: el caso debe tener evidencia visible y no una promesa abstracta.",pendiente de auditoría
CO-05-07,Color,"paleta, contraste y emoción",inclusion,crítico,"En paleta, contraste y emoción, comprobar que la experiencia funciona sin depender de una única capacidad sensorial. Variante 7: el caso debe tener evidencia visible y no una promesa abstracta.",pendiente de auditoría
CO-05-08,Color,"paleta, contraste y emoción",inclusion,crítico,"En paleta, contraste y emoción, comprobar que la experiencia funciona sin depender de una única capacidad sensorial. Variante 8: el caso debe tener evidencia visible y no una promesa abstracta.",pendiente de auditoría
CO-05-09,Color,"paleta, contraste y emoción",inclusion,crítico,"En paleta, contraste y emoción, comprobar que la experiencia funciona sin depender de una única capacidad sensorial. Variante 9: el caso debe tener evidencia visible y no una promesa abstracta.",pendiente de auditoría
CO-05-10,Color,"paleta, contraste y emoción",inclusion,crítico,"En paleta, contraste y emoción, comprobar que la experiencia funciona sin depender de una única capacidad sensorial. Variante 10: el caso debe tener evidencia visible y no una promesa abstracta.",pendiente de auditoría
CO-06-01,Color,"paleta, contraste y emoción",feedback,alto,"En paleta, contraste y emoción, comprobar que la respuesta del sistema es clara, reversible y observable. Variante 1: el caso debe tener evidencia visible y no una promesa abstracta.",pendiente de auditoría
CO-06-02,Color,"paleta, contraste y emoción",feedback,alto,"En paleta, contraste y emoción, comprobar que la respuesta del sistema es clara, reversible y observable. Variante 2: el caso debe tener evidencia visible y no una promesa abstracta.",pendiente de auditoría
CO-06-03,Color,"paleta, contraste y emoción",feedback,alto,"En paleta, contraste y emoción, comprobar que la respuesta del sistema es clara, reversible y observable. Variante 3: el caso debe tener evidencia visible y no una promesa abstracta.",pendiente de auditoría
CO-06-04,Color,"paleta, contraste y emoción",feedback,alto,"En paleta, contraste y emoción, comprobar que la respuesta del sistema es clara, reversible y observable. Variante 4: el caso debe tener evidencia visible y no una promesa abstracta.",pendiente de auditoría
CO-06-05,Color,"paleta, contraste y emoción",feedback,alto,"En paleta, contraste y emoción, comprobar que la respuesta del sistema es clara, reversible y observable. Variante 5: el caso debe tener evidencia visible y no una promesa abstracta.",pendiente de auditoría
CO-06-06,Color,"paleta, contraste y emoción",feedback,alto,"En paleta, contraste y emoción, comprobar que la respuesta del sistema es clara, reversible y observable. Variante 6: el caso debe tener evidencia visible y no una promesa abstracta.",pendiente de auditoría
CO-06-07,Color,"paleta, contraste y emoción",feedback,alto,"En paleta, contraste y emoción, comprobar que la respuesta del sistema es clara, reversible y observable. Variante 7: el caso debe tener evidencia visible y no una promesa abstracta.",pendiente de auditoría
CO-06-08,Color,"paleta, contraste y emoción",feedback,alto,"En paleta, contraste y emoción, comprobar que la respuesta del sistema es clara, reversible y observable. Variante 8: el caso debe tener evidencia visible y no una promesa abstracta.",pendiente de auditoría
CO-06-09,Color,"paleta, contraste y emoción",feedback,alto,"En paleta, contraste y emoción, comprobar que la respuesta del sistema es clara, reversible y observable. Variante 9: el caso debe tener evidencia visible y no una promesa abstracta.",pendiente de auditoría
CO-06-10,Color,"paleta, contraste y emoción",feedback,alto,"En paleta, contraste y emoción, comprobar que la respuesta del sistema es clara, reversible y observable. Variante 10: el caso debe tener evidencia visible y no una promesa abstracta.",pendiente de auditoría
CO-07-01,Color,"paleta, contraste y emoción",performance,crítico,"En paleta, contraste y emoción, comprobar que la decisión conserva rendimiento y no añade fricción innecesaria. Variante 1: el caso debe tener evidencia visible y no una promesa abstracta.",pendiente de auditoría
CO-07-02,Color,"paleta, contraste y emoción",performance,crítico,"En paleta, contraste y emoción, comprobar que la decisión conserva rendimiento y no añade fricción innecesaria. Variante 2: el caso debe tener evidencia visible y no una promesa abstracta.",pendiente de auditoría
CO-07-03,Color,"paleta, contraste y emoción",performance,crítico,"En paleta, contraste y emoción, comprobar que la decisión conserva rendimiento y no añade fricción innecesaria. Variante 3: el caso debe tener evidencia visible y no una promesa abstracta.",pendiente de auditoría
CO-07-04,Color,"paleta, contraste y emoción",performance,crítico,"En paleta, contraste y emoción, comprobar que la decisión conserva rendimiento y no añade fricción innecesaria. Variante 4: el caso debe tener evidencia visible y no una promesa abstracta.",pendiente de auditoría
CO-07-05,Color,"paleta, contraste y emoción",performance,crítico,"En paleta, contraste y emoción, comprobar que la decisión conserva rendimiento y no añade fricción innecesaria. Variante 5: el caso debe tener evidencia visible y no una promesa abstracta.",pendiente de auditoría
CO-07-06,Color,"paleta, contraste y emoción",performance,crítico,"En paleta, contraste y emoción, comprobar que la decisión conserva rendimiento y no añade fricción innecesaria. Variante 6: el caso debe tener evidencia visible y no una promesa abstracta.",pendiente de auditoría
CO-07-07,Color,"paleta, contraste y emoción",performance,crítico,"En paleta, contraste y emoción, comprobar que la decisión conserva rendimiento y no añade fricción innecesaria. Variante 7: el caso debe tener evidencia visible y no una promesa abstracta.",pendiente de auditoría
CO-07-08,Color,"paleta, contraste y emoción",performance,crítico,"En paleta, contraste y emoción, comprobar que la decisión conserva rendimiento y no añade fricción innecesaria. Variante 8: el caso debe tener evidencia visible y no una promesa abstracta.",pendiente de auditoría
CO-07-09,Color,"paleta, contraste y emoción",performance,crítico,"En paleta, contraste y emoción, comprobar que la decisión conserva rendimiento y no añade fricción innecesaria. Variante 9: el caso debe tener evidencia visible y no una promesa abstracta.",pendiente de auditoría
CO-07-10,Color,"paleta, contraste y emoción",performance,crítico,"En paleta, contraste y emoción, comprobar que la decisión conserva rendimiento y no añade fricción innecesaria. Variante 10: el caso debe tener evidencia visible y no una promesa abstracta.",pendiente de auditoría
CO-08-01,Color,"paleta, contraste y emoción",responsive,crítico,"En paleta, contraste y emoción, comprobar que la implementación se comporta correctamente en distintos tamaños. Variante 1: el caso debe tener evidencia visible y no una promesa abstracta.",pendiente de auditoría
CO-08-02,Color,"paleta, contraste y emoción",responsive,crítico,"En paleta, contraste y emoción, comprobar que la implementación se comporta correctamente en distintos tamaños. Variante 2: el caso debe tener evidencia visible y no una promesa abstracta.",pendiente de auditoría
CO-08-03,Color,"paleta, contraste y emoción",responsive,crítico,"En paleta, contraste y emoción, comprobar que la implementación se comporta correctamente en distintos tamaños. Variante 3: el caso debe tener evidencia visible y no una promesa abstracta.",pendiente de auditoría
CO-08-04,Color,"paleta, contraste y emoción",responsive,crítico,"En paleta, contraste y emoción, comprobar que la implementación se comporta correctamente en distintos tamaños. Variante 4: el caso debe tener evidencia visible y no una promesa abstracta.",pendiente de auditoría
CO-08-05,Color,"paleta, contraste y emoción",responsive,crítico,"En paleta, contraste y emoción, comprobar que la implementación se comporta correctamente en distintos tamaños. Variante 5: el caso debe tener evidencia visible y no una promesa abstracta.",pendiente de auditoría
CO-08-06,Color,"paleta, contraste y emoción",responsive,crítico,"En paleta, contraste y emoción, comprobar que la implementación se comporta correctamente en distintos tamaños. Variante 6: el caso debe tener evidencia visible y no una promesa abstracta.",pendiente de auditoría
CO-08-07,Color,"paleta, contraste y emoción",responsive,crítico,"En paleta, contraste y emoción, comprobar que la implementación se comporta correctamente en distintos tamaños. Variante 7: el caso debe tener evidencia visible y no una promesa abstracta.",pendiente de auditoría
CO-08-08,Color,"paleta, contraste y emoción",responsive,crítico,"En paleta, contraste y emoción, comprobar que la implementación se comporta correctamente en distintos tamaños. Variante 8: el caso debe tener evidencia visible y no una promesa abstracta.",pendiente de auditoría
CO-08-09,Color,"paleta, contraste y emoción",responsive,crítico,"En paleta, contraste y emoción, comprobar que la implementación se comporta correctamente en distintos tamaños. Variante 9: el caso debe tener evidencia visible y no una promesa abstracta.",pendiente de auditoría
CO-08-10,Color,"paleta, contraste y emoción",responsive,crítico,"En paleta, contraste y emoción, comprobar que la implementación se comporta correctamente en distintos tamaños. Variante 10: el caso debe tener evidencia visible y no una promesa abstracta.",pendiente de auditoría
CO-09-01,Color,"paleta, contraste y emoción",distinctiveness,alto,"En paleta, contraste y emoción, comprobar que la solución es suficientemente propia para ser recordada y defendida. Variante 1: el caso debe tener evidencia visible y no una promesa abstracta.",pendiente de auditoría
CO-09-02,Color,"paleta, contraste y emoción",distinctiveness,alto,"En paleta, contraste y emoción, comprobar que la solución es suficientemente propia para ser recordada y defendida. Variante 2: el caso debe tener evidencia visible y no una promesa abstracta.",pendiente de auditoría
CO-09-03,Color,"paleta, contraste y emoción",distinctiveness,alto,"En paleta, contraste y emoción, comprobar que la solución es suficientemente propia para ser recordada y defendida. Variante 3: el caso debe tener evidencia visible y no una promesa abstracta.",pendiente de auditoría
CO-09-04,Color,"paleta, contraste y emoción",distinctiveness,alto,"En paleta, contraste y emoción, comprobar que la solución es suficientemente propia para ser recordada y defendida. Variante 4: el caso debe tener evidencia visible y no una promesa abstracta.",pendiente de auditoría
CO-09-05,Color,"paleta, contraste y emoción",distinctiveness,alto,"En paleta, contraste y emoción, comprobar que la solución es suficientemente propia para ser recordada y defendida. Variante 5: el caso debe tener evidencia visible y no una promesa abstracta.",pendiente de auditoría
CO-09-06,Color,"paleta, contraste y emoción",distinctiveness,alto,"En paleta, contraste y emoción, comprobar que la solución es suficientemente propia para ser recordada y defendida. Variante 6: el caso debe tener evidencia visible y no una promesa abstracta.",pendiente de auditoría
CO-09-07,Color,"paleta, contraste y emoción",distinctiveness,alto,"En paleta, contraste y emoción, comprobar que la solución es suficientemente propia para ser recordada y defendida. Variante 7: el caso debe tener evidencia visible y no una promesa abstracta.",pendiente de auditoría
CO-09-08,Color,"paleta, contraste y emoción",distinctiveness,alto,"En paleta, contraste y emoción, comprobar que la solución es suficientemente propia para ser recordada y defendida. Variante 8: el caso debe tener evidencia visible y no una promesa abstracta.",pendiente de auditoría
CO-09-09,Color,"paleta, contraste y emoción",distinctiveness,alto,"En paleta, contraste y emoción, comprobar que la solución es suficientemente propia para ser recordada y defendida. Variante 9: el caso debe tener evidencia visible y no una promesa abstracta.",pendiente de auditoría
CO-09-10,Color,"paleta, contraste y emoción",distinctiveness,alto,"En paleta, contraste y emoción, comprobar que la solución es suficientemente propia para ser recordada y defendida. Variante 10: el caso debe tener evidencia visible y no una promesa abstracta.",pendiente de auditoría
CO-10-01,Color,"paleta, contraste y emoción",verification,crítico,"En paleta, contraste y emoción, comprobar que el resultado puede validarse con una prueba concreta antes de publicarse. Variante 1: el caso debe tener evidencia visible y no una promesa abstracta.",pendiente de auditoría
CO-10-02,Color,"paleta, contraste y emoción",verification,crítico,"En paleta, contraste y emoción, comprobar que el resultado puede validarse con una prueba concreta antes de publicarse. Variante 2: el caso debe tener evidencia visible y no una promesa abstracta.",pendiente de auditoría
CO-10-03,Color,"paleta, contraste y emoción",verification,crítico,"En paleta, contraste y emoción, comprobar que el resultado puede validarse con una prueba concreta antes de publicarse. Variante 3: el caso debe tener evidencia visible y no una promesa abstracta.",pendiente de auditoría
CO-10-04,Color,"paleta, contraste y emoción",verification,crítico,"En paleta, contraste y emoción, comprobar que el resultado puede validarse con una prueba concreta antes de publicarse. Variante 4: el caso debe tener evidencia visible y no una promesa abstracta.",pendiente de auditoría
CO-10-05,Color,"paleta, contraste y emoción",verification,crítico,"En paleta, contraste y emoción, comprobar que el resultado puede validarse con una prueba concreta antes de publicarse. Variante 5: el caso debe tener evidencia visible y no una promesa abstracta.",pendiente de auditoría
CO-10-06,Color,"paleta, contraste y emoción",verification,crítico,"En paleta, contraste y emoción, comprobar que el resultado puede validarse con una prueba concreta antes de publicarse. Variante 6: el caso debe tener evidencia visible y no una promesa abstracta.",pendiente de auditoría
CO-10-07,Color,"paleta, contraste y emoción",verification,crítico,"En paleta, contraste y emoción, comprobar que el resultado puede validarse con una prueba concreta antes de publicarse. Variante 7: el caso debe tener evidencia visible y no una promesa abstracta.",pendiente de auditoría
CO-10-08,Color,"paleta, contraste y emoción",verification,crítico,"En paleta, contraste y emoción, comprobar que el resultado puede validarse con una prueba concreta antes de publicarse. Variante 8: el caso debe tener evidencia visible y no una promesa abstracta.",pendiente de auditoría
CO-10-09,Color,"paleta, contraste y emoción",verification,crítico,"En paleta, contraste y emoción, comprobar que el resultado puede validarse con una prueba concreta antes de publicarse. Variante 9: el caso debe tener evidencia visible y no una promesa abstracta.",pendiente de auditoría
CO-10-10,Color,"paleta, contraste y emoción",verification,crítico,"En paleta, contraste y emoción, comprobar que el resultado puede validarse con una prueba concreta antes de publicarse. Variante 10: el caso debe tener evidencia visible y no una promesa abstracta.",pendiente de auditoría
LA-01-01,Layout,"composición, ritmo y espacio",intent,estratégico,"En composición, ritmo y espacio, comprobar que existe una intención verificable y no solo una decisión ornamental. Variante 1: el caso debe tener evidencia visible y no una promesa abstracta.",pendiente de auditoría
LA-01-02,Layout,"composición, ritmo y espacio",intent,estratégico,"En composición, ritmo y espacio, comprobar que existe una intención verificable y no solo una decisión ornamental. Variante 2: el caso debe tener evidencia visible y no una promesa abstracta.",pendiente de auditoría
LA-01-03,Layout,"composición, ritmo y espacio",intent,estratégico,"En composición, ritmo y espacio, comprobar que existe una intención verificable y no solo una decisión ornamental. Variante 3: el caso debe tener evidencia visible y no una promesa abstracta.",pendiente de auditoría
LA-01-04,Layout,"composición, ritmo y espacio",intent,estratégico,"En composición, ritmo y espacio, comprobar que existe una intención verificable y no solo una decisión ornamental. Variante 4: el caso debe tener evidencia visible y no una promesa abstracta.",pendiente de auditoría
LA-01-05,Layout,"composición, ritmo y espacio",intent,estratégico,"En composición, ritmo y espacio, comprobar que existe una intención verificable y no solo una decisión ornamental. Variante 5: el caso debe tener evidencia visible y no una promesa abstracta.",pendiente de auditoría
LA-01-06,Layout,"composición, ritmo y espacio",intent,estratégico,"En composición, ritmo y espacio, comprobar que existe una intención verificable y no solo una decisión ornamental. Variante 6: el caso debe tener evidencia visible y no una promesa abstracta.",pendiente de auditoría
LA-01-07,Layout,"composición, ritmo y espacio",intent,estratégico,"En composición, ritmo y espacio, comprobar que existe una intención verificable y no solo una decisión ornamental. Variante 7: el caso debe tener evidencia visible y no una promesa abstracta.",pendiente de auditoría
LA-01-08,Layout,"composición, ritmo y espacio",intent,estratégico,"En composición, ritmo y espacio, comprobar que existe una intención verificable y no solo una decisión ornamental. Variante 8: el caso debe tener evidencia visible y no una promesa abstracta.",pendiente de auditoría
LA-01-09,Layout,"composición, ritmo y espacio",intent,estratégico,"En composición, ritmo y espacio, comprobar que existe una intención verificable y no solo una decisión ornamental. Variante 9: el caso debe tener evidencia visible y no una promesa abstracta.",pendiente de auditoría
LA-01-10,Layout,"composición, ritmo y espacio",intent,estratégico,"En composición, ritmo y espacio, comprobar que existe una intención verificable y no solo una decisión ornamental. Variante 10: el caso debe tener evidencia visible y no una promesa abstracta.",pendiente de auditoría
LA-02-01,Layout,"composición, ritmo y espacio",audience,alto,"En composición, ritmo y espacio, comprobar que la decisión sirve al público objetivo y al contexto de uso. Variante 1: el caso debe tener evidencia visible y no una promesa abstracta.",pendiente de auditoría
LA-02-02,Layout,"composición, ritmo y espacio",audience,alto,"En composición, ritmo y espacio, comprobar que la decisión sirve al público objetivo y al contexto de uso. Variante 2: el caso debe tener evidencia visible y no una promesa abstracta.",pendiente de auditoría
LA-02-03,Layout,"composición, ritmo y espacio",audience,alto,"En composición, ritmo y espacio, comprobar que la decisión sirve al público objetivo y al contexto de uso. Variante 3: el caso debe tener evidencia visible y no una promesa abstracta.",pendiente de auditoría
LA-02-04,Layout,"composición, ritmo y espacio",audience,alto,"En composición, ritmo y espacio, comprobar que la decisión sirve al público objetivo y al contexto de uso. Variante 4: el caso debe tener evidencia visible y no una promesa abstracta.",pendiente de auditoría
LA-02-05,Layout,"composición, ritmo y espacio",audience,alto,"En composición, ritmo y espacio, comprobar que la decisión sirve al público objetivo y al contexto de uso. Variante 5: el caso debe tener evidencia visible y no una promesa abstracta.",pendiente de auditoría
LA-02-06,Layout,"composición, ritmo y espacio",audience,alto,"En composición, ritmo y espacio, comprobar que la decisión sirve al público objetivo y al contexto de uso. Variante 6: el caso debe tener evidencia visible y no una promesa abstracta.",pendiente de auditoría
LA-02-07,Layout,"composición, ritmo y espacio",audience,alto,"En composición, ritmo y espacio, comprobar que la decisión sirve al público objetivo y al contexto de uso. Variante 7: el caso debe tener evidencia visible y no una promesa abstracta.",pendiente de auditoría
LA-02-08,Layout,"composición, ritmo y espacio",audience,alto,"En composición, ritmo y espacio, comprobar que la decisión sirve al público objetivo y al contexto de uso. Variante 8: el caso debe tener evidencia visible y no una promesa abstracta.",pendiente de auditoría
LA-02-09,Layout,"composición, ritmo y espacio",audience,alto,"En composición, ritmo y espacio, comprobar que la decisión sirve al público objetivo y al contexto de uso. Variante 9: el caso debe tener evidencia visible y no una promesa abstracta.",pendiente de auditoría
LA-02-10,Layout,"composición, ritmo y espacio",audience,alto,"En composición, ritmo y espacio, comprobar que la decisión sirve al público objetivo y al contexto de uso. Variante 10: el caso debe tener evidencia visible y no una promesa abstracta.",pendiente de auditoría
LA-03-01,Layout,"composición, ritmo y espacio",hierarchy,alto,"En composición, ritmo y espacio, comprobar que la jerarquía comunica lo importante antes de lo accesorio. Variante 1: el caso debe tener evidencia visible y no una promesa abstracta.",pendiente de auditoría
LA-03-02,Layout,"composición, ritmo y espacio",hierarchy,alto,"En composición, ritmo y espacio, comprobar que la jerarquía comunica lo importante antes de lo accesorio. Variante 2: el caso debe tener evidencia visible y no una promesa abstracta.",pendiente de auditoría
LA-03-03,Layout,"composición, ritmo y espacio",hierarchy,alto,"En composición, ritmo y espacio, comprobar que la jerarquía comunica lo importante antes de lo accesorio. Variante 3: el caso debe tener evidencia visible y no una promesa abstracta.",pendiente de auditoría
LA-03-04,Layout,"composición, ritmo y espacio",hierarchy,alto,"En composición, ritmo y espacio, comprobar que la jerarquía comunica lo importante antes de lo accesorio. Variante 4: el caso debe tener evidencia visible y no una promesa abstracta.",pendiente de auditoría
LA-03-05,Layout,"composición, ritmo y espacio",hierarchy,alto,"En composición, ritmo y espacio, comprobar que la jerarquía comunica lo importante antes de lo accesorio. Variante 5: el caso debe tener evidencia visible y no una promesa abstracta.",pendiente de auditoría
LA-03-06,Layout,"composición, ritmo y espacio",hierarchy,alto,"En composición, ritmo y espacio, comprobar que la jerarquía comunica lo importante antes de lo accesorio. Variante 6: el caso debe tener evidencia visible y no una promesa abstracta.",pendiente de auditoría
LA-03-07,Layout,"composición, ritmo y espacio",hierarchy,alto,"En composición, ritmo y espacio, comprobar que la jerarquía comunica lo importante antes de lo accesorio. Variante 7: el caso debe tener evidencia visible y no una promesa abstracta.",pendiente de auditoría
LA-03-08,Layout,"composición, ritmo y espacio",hierarchy,alto,"En composición, ritmo y espacio, comprobar que la jerarquía comunica lo importante antes de lo accesorio. Variante 8: el caso debe tener evidencia visible y no una promesa abstracta.",pendiente de auditoría
LA-03-09,Layout,"composición, ritmo y espacio",hierarchy,alto,"En composición, ritmo y espacio, comprobar que la jerarquía comunica lo importante antes de lo accesorio. Variante 9: el caso debe tener evidencia visible y no una promesa abstracta.",pendiente de auditoría
LA-03-10,Layout,"composición, ritmo y espacio",hierarchy,alto,"En composición, ritmo y espacio, comprobar que la jerarquía comunica lo importante antes de lo accesorio. Variante 10: el caso debe tener evidencia visible y no una promesa abstracta.",pendiente de auditoría
LA-04-01,Layout,"composición, ritmo y espacio",coherence,alto,"En composición, ritmo y espacio, comprobar que la ejecución mantiene coherencia con el sistema visual completo. Variante 1: el caso debe tener evidencia visible y no una promesa abstracta.",pendiente de auditoría
LA-04-02,Layout,"composición, ritmo y espacio",coherence,alto,"En composición, ritmo y espacio, comprobar que la ejecución mantiene coherencia con el sistema visual completo. Variante 2: el caso debe tener evidencia visible y no una promesa abstracta.",pendiente de auditoría
LA-04-03,Layout,"composición, ritmo y espacio",coherence,alto,"En composición, ritmo y espacio, comprobar que la ejecución mantiene coherencia con el sistema visual completo. Variante 3: el caso debe tener evidencia visible y no una promesa abstracta.",pendiente de auditoría
LA-04-04,Layout,"composición, ritmo y espacio",coherence,alto,"En composición, ritmo y espacio, comprobar que la ejecución mantiene coherencia con el sistema visual completo. Variante 4: el caso debe tener evidencia visible y no una promesa abstracta.",pendiente de auditoría
LA-04-05,Layout,"composición, ritmo y espacio",coherence,alto,"En composición, ritmo y espacio, comprobar que la ejecución mantiene coherencia con el sistema visual completo. Variante 5: el caso debe tener evidencia visible y no una promesa abstracta.",pendiente de auditoría
LA-04-06,Layout,"composición, ritmo y espacio",coherence,alto,"En composición, ritmo y espacio, comprobar que la ejecución mantiene coherencia con el sistema visual completo. Variante 6: el caso debe tener evidencia visible y no una promesa abstracta.",pendiente de auditoría
LA-04-07,Layout,"composición, ritmo y espacio",coherence,alto,"En composición, ritmo y espacio, comprobar que la ejecución mantiene coherencia con el sistema visual completo. Variante 7: el caso debe tener evidencia visible y no una promesa abstracta.",pendiente de auditoría
LA-04-08,Layout,"composición, ritmo y espacio",coherence,alto,"En composición, ritmo y espacio, comprobar que la ejecución mantiene coherencia con el sistema visual completo. Variante 8: el caso debe tener evidencia visible y no una promesa abstracta.",pendiente de auditoría
LA-04-09,Layout,"composición, ritmo y espacio",coherence,alto,"En composición, ritmo y espacio, comprobar que la ejecución mantiene coherencia con el sistema visual completo. Variante 9: el caso debe tener evidencia visible y no una promesa abstracta.",pendiente de auditoría
LA-04-10,Layout,"composición, ritmo y espacio",coherence,alto,"En composición, ritmo y espacio, comprobar que la ejecución mantiene coherencia con el sistema visual completo. Variante 10: el caso debe tener evidencia visible y no una promesa abstracta.",pendiente de auditoría
LA-05-01,Layout,"composición, ritmo y espacio",inclusion,crítico,"En composición, ritmo y espacio, comprobar que la experiencia funciona sin depender de una única capacidad sensorial. Variante 1: el caso debe tener evidencia visible y no una promesa abstracta.",pendiente de auditoría
LA-05-02,Layout,"composición, ritmo y espacio",inclusion,crítico,"En composición, ritmo y espacio, comprobar que la experiencia funciona sin depender de una única capacidad sensorial. Variante 2: el caso debe tener evidencia visible y no una promesa abstracta.",pendiente de auditoría
LA-05-03,Layout,"composición, ritmo y espacio",inclusion,crítico,"En composición, ritmo y espacio, comprobar que la experiencia funciona sin depender de una única capacidad sensorial. Variante 3: el caso debe tener evidencia visible y no una promesa abstracta.",pendiente de auditoría
LA-05-04,Layout,"composición, ritmo y espacio",inclusion,crítico,"En composición, ritmo y espacio, comprobar que la experiencia funciona sin depender de una única capacidad sensorial. Variante 4: el caso debe tener evidencia visible y no una promesa abstracta.",pendiente de auditoría
LA-05-05,Layout,"composición, ritmo y espacio",inclusion,crítico,"En composición, ritmo y espacio, comprobar que la experiencia funciona sin depender de una única capacidad sensorial. Variante 5: el caso debe tener evidencia visible y no una promesa abstracta.",pendiente de auditoría
LA-05-06,Layout,"composición, ritmo y espacio",inclusion,crítico,"En composición, ritmo y espacio, comprobar que la experiencia funciona sin depender de una única capacidad sensorial. Variante 6: el caso debe tener evidencia visible y no una promesa abstracta.",pendiente de auditoría
LA-05-07,Layout,"composición, ritmo y espacio",inclusion,crítico,"En composición, ritmo y espacio, comprobar que la experiencia funciona sin depender de una única capacidad sensorial. Variante 7: el caso debe tener evidencia visible y no una promesa abstracta.",pendiente de auditoría
LA-05-08,Layout,"composición, ritmo y espacio",inclusion,crítico,"En composición, ritmo y espacio, comprobar que la experiencia funciona sin depender de una única capacidad sensorial. Variante 8: el caso debe tener evidencia visible y no una promesa abstracta.",pendiente de auditoría
LA-05-09,Layout,"composición, ritmo y espacio",inclusion,crítico,"En composición, ritmo y espacio, comprobar que la experiencia funciona sin depender de una única capacidad sensorial. Variante 9: el caso debe tener evidencia visible y no una promesa abstracta.",pendiente de auditoría
LA-05-10,Layout,"composición, ritmo y espacio",inclusion,crítico,"En composición, ritmo y espacio, comprobar que la experiencia funciona sin depender de una única capacidad sensorial. Variante 10: el caso debe tener evidencia visible y no una promesa abstracta.",pendiente de auditoría
LA-06-01,Layout,"composición, ritmo y espacio",feedback,alto,"En composición, ritmo y espacio, comprobar que la respuesta del sistema es clara, reversible y observable. Variante 1: el caso debe tener evidencia visible y no una promesa abstracta.",pendiente de auditoría
LA-06-02,Layout,"composición, ritmo y espacio",feedback,alto,"En composición, ritmo y espacio, comprobar que la respuesta del sistema es clara, reversible y observable. Variante 2: el caso debe tener evidencia visible y no una promesa abstracta.",pendiente de auditoría
LA-06-03,Layout,"composición, ritmo y espacio",feedback,alto,"En composición, ritmo y espacio, comprobar que la respuesta del sistema es clara, reversible y observable. Variante 3: el caso debe tener evidencia visible y no una promesa abstracta.",pendiente de auditoría
LA-06-04,Layout,"composición, ritmo y espacio",feedback,alto,"En composición, ritmo y espacio, comprobar que la respuesta del sistema es clara, reversible y observable. Variante 4: el caso debe tener evidencia visible y no una promesa abstracta.",pendiente de auditoría
LA-06-05,Layout,"composición, ritmo y espacio",feedback,alto,"En composición, ritmo y espacio, comprobar que la respuesta del sistema es clara, reversible y observable. Variante 5: el caso debe tener evidencia visible y no una promesa abstracta.",pendiente de auditoría
LA-06-06,Layout,"composición, ritmo y espacio",feedback,alto,"En composición, ritmo y espacio, comprobar que la respuesta del sistema es clara, reversible y observable. Variante 6: el caso debe tener evidencia visible y no una promesa abstracta.",pendiente de auditoría
LA-06-07,Layout,"composición, ritmo y espacio",feedback,alto,"En composición, ritmo y espacio, comprobar que la respuesta del sistema es clara, reversible y observable. Variante 7: el caso debe tener evidencia visible y no una promesa abstracta.",pendiente de auditoría
LA-06-08,Layout,"composición, ritmo y espacio",feedback,alto,"En composición, ritmo y espacio, comprobar que la respuesta del sistema es clara, reversible y observable. Variante 8: el caso debe tener evidencia visible y no una promesa abstracta.",pendiente de auditoría
LA-06-09,Layout,"composición, ritmo y espacio",feedback,alto,"En composición, ritmo y espacio, comprobar que la respuesta del sistema es clara, reversible y observable. Variante 9: el caso debe tener evidencia visible y no una promesa abstracta.",pendiente de auditoría
LA-06-10,Layout,"composición, ritmo y espacio",feedback,alto,"En composición, ritmo y espacio, comprobar que la respuesta del sistema es clara, reversible y observable. Variante 10: el caso debe tener evidencia visible y no una promesa abstracta.",pendiente de auditoría
LA-07-01,Layout,"composición, ritmo y espacio",performance,crítico,"En composición, ritmo y espacio, comprobar que la decisión conserva rendimiento y no añade fricción innecesaria. Variante 1: el caso debe tener evidencia visible y no una promesa abstracta.",pendiente de auditoría
LA-07-02,Layout,"composición, ritmo y espacio",performance,crítico,"En composición, ritmo y espacio, comprobar que la decisión conserva rendimiento y no añade fricción innecesaria. Variante 2: el caso debe tener evidencia visible y no una promesa abstracta.",pendiente de auditoría
LA-07-03,Layout,"composición, ritmo y espacio",performance,crítico,"En composición, ritmo y espacio, comprobar que la decisión conserva rendimiento y no añade fricción innecesaria. Variante 3: el caso debe tener evidencia visible y no una promesa abstracta.",pendiente de auditoría
LA-07-04,Layout,"composición, ritmo y espacio",performance,crítico,"En composición, ritmo y espacio, comprobar que la decisión conserva rendimiento y no añade fricción innecesaria. Variante 4: el caso debe tener evidencia visible y no una promesa abstracta.",pendiente de auditoría
LA-07-05,Layout,"composición, ritmo y espacio",performance,crítico,"En composición, ritmo y espacio, comprobar que la decisión conserva rendimiento y no añade fricción innecesaria. Variante 5: el caso debe tener evidencia visible y no una promesa abstracta.",pendiente de auditoría
LA-07-06,Layout,"composición, ritmo y espacio",performance,crítico,"En composición, ritmo y espacio, comprobar que la decisión conserva rendimiento y no añade fricción innecesaria. Variante 6: el caso debe tener evidencia visible y no una promesa abstracta.",pendiente de auditoría
LA-07-07,Layout,"composición, ritmo y espacio",performance,crítico,"En composición, ritmo y espacio, comprobar que la decisión conserva rendimiento y no añade fricción innecesaria. Variante 7: el caso debe tener evidencia visible y no una promesa abstracta.",pendiente de auditoría
LA-07-08,Layout,"composición, ritmo y espacio",performance,crítico,"En composición, ritmo y espacio, comprobar que la decisión conserva rendimiento y no añade fricción innecesaria. Variante 8: el caso debe tener evidencia visible y no una promesa abstracta.",pendiente de auditoría
LA-07-09,Layout,"composición, ritmo y espacio",performance,crítico,"En composición, ritmo y espacio, comprobar que la decisión conserva rendimiento y no añade fricción innecesaria. Variante 9: el caso debe tener evidencia visible y no una promesa abstracta.",pendiente de auditoría
LA-07-10,Layout,"composición, ritmo y espacio",performance,crítico,"En composición, ritmo y espacio, comprobar que la decisión conserva rendimiento y no añade fricción innecesaria. Variante 10: el caso debe tener evidencia visible y no una promesa abstracta.",pendiente de auditoría
LA-08-01,Layout,"composición, ritmo y espacio",responsive,crítico,"En composición, ritmo y espacio, comprobar que la implementación se comporta correctamente en distintos tamaños. Variante 1: el caso debe tener evidencia visible y no una promesa abstracta.",pendiente de auditoría
LA-08-02,Layout,"composición, ritmo y espacio",responsive,crítico,"En composición, ritmo y espacio, comprobar que la implementación se comporta correctamente en distintos tamaños. Variante 2: el caso debe tener evidencia visible y no una promesa abstracta.",pendiente de auditoría
LA-08-03,Layout,"composición, ritmo y espacio",responsive,crítico,"En composición, ritmo y espacio, comprobar que la implementación se comporta correctamente en distintos tamaños. Variante 3: el caso debe tener evidencia visible y no una promesa abstracta.",pendiente de auditoría
LA-08-04,Layout,"composición, ritmo y espacio",responsive,crítico,"En composición, ritmo y espacio, comprobar que la implementación se comporta correctamente en distintos tamaños. Variante 4: el caso debe tener evidencia visible y no una promesa abstracta.",pendiente de auditoría
LA-08-05,Layout,"composición, ritmo y espacio",responsive,crítico,"En composición, ritmo y espacio, comprobar que la implementación se comporta correctamente en distintos tamaños. Variante 5: el caso debe tener evidencia visible y no una promesa abstracta.",pendiente de auditoría
LA-08-06,Layout,"composición, ritmo y espacio",responsive,crítico,"En composición, ritmo y espacio, comprobar que la implementación se comporta correctamente en distintos tamaños. Variante 6: el caso debe tener evidencia visible y no una promesa abstracta.",pendiente de auditoría
LA-08-07,Layout,"composición, ritmo y espacio",responsive,crítico,"En composición, ritmo y espacio, comprobar que la implementación se comporta correctamente en distintos tamaños. Variante 7: el caso debe tener evidencia visible y no una promesa abstracta.",pendiente de auditoría
LA-08-08,Layout,"composición, ritmo y espacio",responsive,crítico,"En composición, ritmo y espacio, comprobar que la implementación se comporta correctamente en distintos tamaños. Variante 8: el caso debe tener evidencia visible y no una promesa abstracta.",pendiente de auditoría
LA-08-09,Layout,"composición, ritmo y espacio",responsive,crítico,"En composición, ritmo y espacio, comprobar que la implementación se comporta correctamente en distintos tamaños. Variante 9: el caso debe tener evidencia visible y no una promesa abstracta.",pendiente de auditoría
LA-08-10,Layout,"composición, ritmo y espacio",responsive,crítico,"En composición, ritmo y espacio, comprobar que la implementación se comporta correctamente en distintos tamaños. Variante 10: el caso debe tener evidencia visible y no una promesa abstracta.",pendiente de auditoría
LA-09-01,Layout,"composición, ritmo y espacio",distinctiveness,alto,"En composición, ritmo y espacio, comprobar que la solución es suficientemente propia para ser recordada y defendida. Variante 1: el caso debe tener evidencia visible y no una promesa abstracta.",pendiente de auditoría
LA-09-02,Layout,"composición, ritmo y espacio",distinctiveness,alto,"En composición, ritmo y espacio, comprobar que la solución es suficientemente propia para ser recordada y defendida. Variante 2: el caso debe tener evidencia visible y no una promesa abstracta.",pendiente de auditoría
LA-09-03,Layout,"composición, ritmo y espacio",distinctiveness,alto,"En composición, ritmo y espacio, comprobar que la solución es suficientemente propia para ser recordada y defendida. Variante 3: el caso debe tener evidencia visible y no una promesa abstracta.",pendiente de auditoría
LA-09-04,Layout,"composición, ritmo y espacio",distinctiveness,alto,"En composición, ritmo y espacio, comprobar que la solución es suficientemente propia para ser recordada y defendida. Variante 4: el caso debe tener evidencia visible y no una promesa abstracta.",pendiente de auditoría
LA-09-05,Layout,"composición, ritmo y espacio",distinctiveness,alto,"En composición, ritmo y espacio, comprobar que la solución es suficientemente propia para ser recordada y defendida. Variante 5: el caso debe tener evidencia visible y no una promesa abstracta.",pendiente de auditoría
LA-09-06,Layout,"composición, ritmo y espacio",distinctiveness,alto,"En composición, ritmo y espacio, comprobar que la solución es suficientemente propia para ser recordada y defendida. Variante 6: el caso debe tener evidencia visible y no una promesa abstracta.",pendiente de auditoría
LA-09-07,Layout,"composición, ritmo y espacio",distinctiveness,alto,"En composición, ritmo y espacio, comprobar que la solución es suficientemente propia para ser recordada y defendida. Variante 7: el caso debe tener evidencia visible y no una promesa abstracta.",pendiente de auditoría
LA-09-08,Layout,"composición, ritmo y espacio",distinctiveness,alto,"En composición, ritmo y espacio, comprobar que la solución es suficientemente propia para ser recordada y defendida. Variante 8: el caso debe tener evidencia visible y no una promesa abstracta.",pendiente de auditoría
LA-09-09,Layout,"composición, ritmo y espacio",distinctiveness,alto,"En composición, ritmo y espacio, comprobar que la solución es suficientemente propia para ser recordada y defendida. Variante 9: el caso debe tener evidencia visible y no una promesa abstracta.",pendiente de auditoría
LA-09-10,Layout,"composición, ritmo y espacio",distinctiveness,alto,"En composición, ritmo y espacio, comprobar que la solución es suficientemente propia para ser recordada y defendida. Variante 10: el caso debe tener evidencia visible y no una promesa abstracta.",pendiente de auditoría
LA-10-01,Layout,"composición, ritmo y espacio",verification,crítico,"En composición, ritmo y espacio, comprobar que el resultado puede validarse con una prueba concreta antes de publicarse. Variante 1: el caso debe tener evidencia visible y no una promesa abstracta.",pendiente de auditoría
LA-10-02,Layout,"composición, ritmo y espacio",verification,crítico,"En composición, ritmo y espacio, comprobar que el resultado puede validarse con una prueba concreta antes de publicarse. Variante 2: el caso debe tener evidencia visible y no una promesa abstracta.",pendiente de auditoría
LA-10-03,Layout,"composición, ritmo y espacio",verification,crítico,"En composición, ritmo y espacio, comprobar que el resultado puede validarse con una prueba concreta antes de publicarse. Variante 3: el caso debe tener evidencia visible y no una promesa abstracta.",pendiente de auditoría
LA-10-04,Layout,"composición, ritmo y espacio",verification,crítico,"En composición, ritmo y espacio, comprobar que el resultado puede validarse con una prueba concreta antes de publicarse. Variante 4: el caso debe tener evidencia visible y no una promesa abstracta.",pendiente de auditoría
LA-10-05,Layout,"composición, ritmo y espacio",verification,crítico,"En composición, ritmo y espacio, comprobar que el resultado puede validarse con una prueba concreta antes de publicarse. Variante 5: el caso debe tener evidencia visible y no una promesa abstracta.",pendiente de auditoría
LA-10-06,Layout,"composición, ritmo y espacio",verification,crítico,"En composición, ritmo y espacio, comprobar que el resultado puede validarse con una prueba concreta antes de publicarse. Variante 6: el caso debe tener evidencia visible y no una promesa abstracta.",pendiente de auditoría
LA-10-07,Layout,"composición, ritmo y espacio",verification,crítico,"En composición, ritmo y espacio, comprobar que el resultado puede validarse con una prueba concreta antes de publicarse. Variante 7: el caso debe tener evidencia visible y no una promesa abstracta.",pendiente de auditoría
LA-10-08,Layout,"composición, ritmo y espacio",verification,crítico,"En composición, ritmo y espacio, comprobar que el resultado puede validarse con una prueba concreta antes de publicarse. Variante 8: el caso debe tener evidencia visible y no una promesa abstracta.",pendiente de auditoría
LA-10-09,Layout,"composición, ritmo y espacio",verification,crítico,"En composición, ritmo y espacio, comprobar que el resultado puede validarse con una prueba concreta antes de publicarse. Variante 9: el caso debe tener evidencia visible y no una promesa abstracta.",pendiente de auditoría
LA-10-10,Layout,"composición, ritmo y espacio",verification,crítico,"En composición, ritmo y espacio, comprobar que el resultado puede validarse con una prueba concreta antes de publicarse. Variante 10: el caso debe tener evidencia visible y no una promesa abstracta.",pendiente de auditoría
MO-01-01,Motion,"animación, tiempo y transición",intent,estratégico,"En animación, tiempo y transición, comprobar que existe una intención verificable y no solo una decisión ornamental. Variante 1: el caso debe tener evidencia visible y no una promesa abstracta.",pendiente de auditoría
MO-01-02,Motion,"animación, tiempo y transición",intent,estratégico,"En animación, tiempo y transición, comprobar que existe una intención verificable y no solo una decisión ornamental. Variante 2: el caso debe tener evidencia visible y no una promesa abstracta.",pendiente de auditoría
MO-01-03,Motion,"animación, tiempo y transición",intent,estratégico,"En animación, tiempo y transición, comprobar que existe una intención verificable y no solo una decisión ornamental. Variante 3: el caso debe tener evidencia visible y no una promesa abstracta.",pendiente de auditoría
MO-01-04,Motion,"animación, tiempo y transición",intent,estratégico,"En animación, tiempo y transición, comprobar que existe una intención verificable y no solo una decisión ornamental. Variante 4: el caso debe tener evidencia visible y no una promesa abstracta.",pendiente de auditoría
MO-01-05,Motion,"animación, tiempo y transición",intent,estratégico,"En animación, tiempo y transición, comprobar que existe una intención verificable y no solo una decisión ornamental. Variante 5: el caso debe tener evidencia visible y no una promesa abstracta.",pendiente de auditoría
MO-01-06,Motion,"animación, tiempo y transición",intent,estratégico,"En animación, tiempo y transición, comprobar que existe una intención verificable y no solo una decisión ornamental. Variante 6: el caso debe tener evidencia visible y no una promesa abstracta.",pendiente de auditoría
MO-01-07,Motion,"animación, tiempo y transición",intent,estratégico,"En animación, tiempo y transición, comprobar que existe una intención verificable y no solo una decisión ornamental. Variante 7: el caso debe tener evidencia visible y no una promesa abstracta.",pendiente de auditoría
MO-01-08,Motion,"animación, tiempo y transición",intent,estratégico,"En animación, tiempo y transición, comprobar que existe una intención verificable y no solo una decisión ornamental. Variante 8: el caso debe tener evidencia visible y no una promesa abstracta.",pendiente de auditoría
MO-01-09,Motion,"animación, tiempo y transición",intent,estratégico,"En animación, tiempo y transición, comprobar que existe una intención verificable y no solo una decisión ornamental. Variante 9: el caso debe tener evidencia visible y no una promesa abstracta.",pendiente de auditoría
MO-01-10,Motion,"animación, tiempo y transición",intent,estratégico,"En animación, tiempo y transición, comprobar que existe una intención verificable y no solo una decisión ornamental. Variante 10: el caso debe tener evidencia visible y no una promesa abstracta.",pendiente de auditoría
MO-02-01,Motion,"animación, tiempo y transición",audience,alto,"En animación, tiempo y transición, comprobar que la decisión sirve al público objetivo y al contexto de uso. Variante 1: el caso debe tener evidencia visible y no una promesa abstracta.",pendiente de auditoría
MO-02-02,Motion,"animación, tiempo y transición",audience,alto,"En animación, tiempo y transición, comprobar que la decisión sirve al público objetivo y al contexto de uso. Variante 2: el caso debe tener evidencia visible y no una promesa abstracta.",pendiente de auditoría
MO-02-03,Motion,"animación, tiempo y transición",audience,alto,"En animación, tiempo y transición, comprobar que la decisión sirve al público objetivo y al contexto de uso. Variante 3: el caso debe tener evidencia visible y no una promesa abstracta.",pendiente de auditoría
MO-02-04,Motion,"animación, tiempo y transición",audience,alto,"En animación, tiempo y transición, comprobar que la decisión sirve al público objetivo y al contexto de uso. Variante 4: el caso debe tener evidencia visible y no una promesa abstracta.",pendiente de auditoría
MO-02-05,Motion,"animación, tiempo y transición",audience,alto,"En animación, tiempo y transición, comprobar que la decisión sirve al público objetivo y al contexto de uso. Variante 5: el caso debe tener evidencia visible y no una promesa abstracta.",pendiente de auditoría
MO-02-06,Motion,"animación, tiempo y transición",audience,alto,"En animación, tiempo y transición, comprobar que la decisión sirve al público objetivo y al contexto de uso. Variante 6: el caso debe tener evidencia visible y no una promesa abstracta.",pendiente de auditoría
MO-02-07,Motion,"animación, tiempo y transición",audience,alto,"En animación, tiempo y transición, comprobar que la decisión sirve al público objetivo y al contexto de uso. Variante 7: el caso debe tener evidencia visible y no una promesa abstracta.",pendiente de auditoría
MO-02-08,Motion,"animación, tiempo y transición",audience,alto,"En animación, tiempo y transición, comprobar que la decisión sirve al público objetivo y al contexto de uso. Variante 8: el caso debe tener evidencia visible y no una promesa abstracta.",pendiente de auditoría
MO-02-09,Motion,"animación, tiempo y transición",audience,alto,"En animación, tiempo y transición, comprobar que la decisión sirve al público objetivo y al contexto de uso. Variante 9: el caso debe tener evidencia visible y no una promesa abstracta.",pendiente de auditoría
MO-02-10,Motion,"animación, tiempo y transición",audience,alto,"En animación, tiempo y transición, comprobar que la decisión sirve al público objetivo y al contexto de uso. Variante 10: el caso debe tener evidencia visible y no una promesa abstracta.",pendiente de auditoría
MO-03-01,Motion,"animación, tiempo y transición",hierarchy,alto,"En animación, tiempo y transición, comprobar que la jerarquía comunica lo importante antes de lo accesorio. Variante 1: el caso debe tener evidencia visible y no una promesa abstracta.",pendiente de auditoría
MO-03-02,Motion,"animación, tiempo y transición",hierarchy,alto,"En animación, tiempo y transición, comprobar que la jerarquía comunica lo importante antes de lo accesorio. Variante 2: el caso debe tener evidencia visible y no una promesa abstracta.",pendiente de auditoría
MO-03-03,Motion,"animación, tiempo y transición",hierarchy,alto,"En animación, tiempo y transición, comprobar que la jerarquía comunica lo importante antes de lo accesorio. Variante 3: el caso debe tener evidencia visible y no una promesa abstracta.",pendiente de auditoría
MO-03-04,Motion,"animación, tiempo y transición",hierarchy,alto,"En animación, tiempo y transición, comprobar que la jerarquía comunica lo importante antes de lo accesorio. Variante 4: el caso debe tener evidencia visible y no una promesa abstracta.",pendiente de auditoría
MO-03-05,Motion,"animación, tiempo y transición",hierarchy,alto,"En animación, tiempo y transición, comprobar que la jerarquía comunica lo importante antes de lo accesorio. Variante 5: el caso debe tener evidencia visible y no una promesa abstracta.",pendiente de auditoría
MO-03-06,Motion,"animación, tiempo y transición",hierarchy,alto,"En animación, tiempo y transición, comprobar que la jerarquía comunica lo importante antes de lo accesorio. Variante 6: el caso debe tener evidencia visible y no una promesa abstracta.",pendiente de auditoría
MO-03-07,Motion,"animación, tiempo y transición",hierarchy,alto,"En animación, tiempo y transición, comprobar que la jerarquía comunica lo importante antes de lo accesorio. Variante 7: el caso debe tener evidencia visible y no una promesa abstracta.",pendiente de auditoría
MO-03-08,Motion,"animación, tiempo y transición",hierarchy,alto,"En animación, tiempo y transición, comprobar que la jerarquía comunica lo importante antes de lo accesorio. Variante 8: el caso debe tener evidencia visible y no una promesa abstracta.",pendiente de auditoría
MO-03-09,Motion,"animación, tiempo y transición",hierarchy,alto,"En animación, tiempo y transición, comprobar que la jerarquía comunica lo importante antes de lo accesorio. Variante 9: el caso debe tener evidencia visible y no una promesa abstracta.",pendiente de auditoría
MO-03-10,Motion,"animación, tiempo y transición",hierarchy,alto,"En animación, tiempo y transición, comprobar que la jerarquía comunica lo importante antes de lo accesorio. Variante 10: el caso debe tener evidencia visible y no una promesa abstracta.",pendiente de auditoría
MO-04-01,Motion,"animación, tiempo y transición",coherence,alto,"En animación, tiempo y transición, comprobar que la ejecución mantiene coherencia con el sistema visual completo. Variante 1: el caso debe tener evidencia visible y no una promesa abstracta.",pendiente de auditoría
MO-04-02,Motion,"animación, tiempo y transición",coherence,alto,"En animación, tiempo y transición, comprobar que la ejecución mantiene coherencia con el sistema visual completo. Variante 2: el caso debe tener evidencia visible y no una promesa abstracta.",pendiente de auditoría
MO-04-03,Motion,"animación, tiempo y transición",coherence,alto,"En animación, tiempo y transición, comprobar que la ejecución mantiene coherencia con el sistema visual completo. Variante 3: el caso debe tener evidencia visible y no una promesa abstracta.",pendiente de auditoría
MO-04-04,Motion,"animación, tiempo y transición",coherence,alto,"En animación, tiempo y transición, comprobar que la ejecución mantiene coherencia con el sistema visual completo. Variante 4: el caso debe tener evidencia visible y no una promesa abstracta.",pendiente de auditoría
MO-04-05,Motion,"animación, tiempo y transición",coherence,alto,"En animación, tiempo y transición, comprobar que la ejecución mantiene coherencia con el sistema visual completo. Variante 5: el caso debe tener evidencia visible y no una promesa abstracta.",pendiente de auditoría
MO-04-06,Motion,"animación, tiempo y transición",coherence,alto,"En animación, tiempo y transición, comprobar que la ejecución mantiene coherencia con el sistema visual completo. Variante 6: el caso debe tener evidencia visible y no una promesa abstracta.",pendiente de auditoría
MO-04-07,Motion,"animación, tiempo y transición",coherence,alto,"En animación, tiempo y transición, comprobar que la ejecución mantiene coherencia con el sistema visual completo. Variante 7: el caso debe tener evidencia visible y no una promesa abstracta.",pendiente de auditoría
MO-04-08,Motion,"animación, tiempo y transición",coherence,alto,"En animación, tiempo y transición, comprobar que la ejecución mantiene coherencia con el sistema visual completo. Variante 8: el caso debe tener evidencia visible y no una promesa abstracta.",pendiente de auditoría
MO-04-09,Motion,"animación, tiempo y transición",coherence,alto,"En animación, tiempo y transición, comprobar que la ejecución mantiene coherencia con el sistema visual completo. Variante 9: el caso debe tener evidencia visible y no una promesa abstracta.",pendiente de auditoría
MO-04-10,Motion,"animación, tiempo y transición",coherence,alto,"En animación, tiempo y transición, comprobar que la ejecución mantiene coherencia con el sistema visual completo. Variante 10: el caso debe tener evidencia visible y no una promesa abstracta.",pendiente de auditoría
MO-05-01,Motion,"animación, tiempo y transición",inclusion,crítico,"En animación, tiempo y transición, comprobar que la experiencia funciona sin depender de una única capacidad sensorial. Variante 1: el caso debe tener evidencia visible y no una promesa abstracta.",pendiente de auditoría
MO-05-02,Motion,"animación, tiempo y transición",inclusion,crítico,"En animación, tiempo y transición, comprobar que la experiencia funciona sin depender de una única capacidad sensorial. Variante 2: el caso debe tener evidencia visible y no una promesa abstracta.",pendiente de auditoría
MO-05-03,Motion,"animación, tiempo y transición",inclusion,crítico,"En animación, tiempo y transición, comprobar que la experiencia funciona sin depender de una única capacidad sensorial. Variante 3: el caso debe tener evidencia visible y no una promesa abstracta.",pendiente de auditoría
MO-05-04,Motion,"animación, tiempo y transición",inclusion,crítico,"En animación, tiempo y transición, comprobar que la experiencia funciona sin depender de una única capacidad sensorial. Variante 4: el caso debe tener evidencia visible y no una promesa abstracta.",pendiente de auditoría
MO-05-05,Motion,"animación, tiempo y transición",inclusion,crítico,"En animación, tiempo y transición, comprobar que la experiencia funciona sin depender de una única capacidad sensorial. Variante 5: el caso debe tener evidencia visible y no una promesa abstracta.",pendiente de auditoría
MO-05-06,Motion,"animación, tiempo y transición",inclusion,crítico,"En animación, tiempo y transición, comprobar que la experiencia funciona sin depender de una única capacidad sensorial. Variante 6: el caso debe tener evidencia visible y no una promesa abstracta.",pendiente de auditoría
MO-05-07,Motion,"animación, tiempo y transición",inclusion,crítico,"En animación, tiempo y transición, comprobar que la experiencia funciona sin depender de una única capacidad sensorial. Variante 7: el caso debe tener evidencia visible y no una promesa abstracta.",pendiente de auditoría
MO-05-08,Motion,"animación, tiempo y transición",inclusion,crítico,"En animación, tiempo y transición, comprobar que la experiencia funciona sin depender de una única capacidad sensorial. Variante 8: el caso debe tener evidencia visible y no una promesa abstracta.",pendiente de auditoría
MO-05-09,Motion,"animación, tiempo y transición",inclusion,crítico,"En animación, tiempo y transición, comprobar que la experiencia funciona sin depender de una única capacidad sensorial. Variante 9: el caso debe tener evidencia visible y no una promesa abstracta.",pendiente de auditoría
MO-05-10,Motion,"animación, tiempo y transición",inclusion,crítico,"En animación, tiempo y transición, comprobar que la experiencia funciona sin depender de una única capacidad sensorial. Variante 10: el caso debe tener evidencia visible y no una promesa abstracta.",pendiente de auditoría
MO-06-01,Motion,"animación, tiempo y transición",feedback,alto,"En animación, tiempo y transición, comprobar que la respuesta del sistema es clara, reversible y observable. Variante 1: el caso debe tener evidencia visible y no una promesa abstracta.",pendiente de auditoría
MO-06-02,Motion,"animación, tiempo y transición",feedback,alto,"En animación, tiempo y transición, comprobar que la respuesta del sistema es clara, reversible y observable. Variante 2: el caso debe tener evidencia visible y no una promesa abstracta.",pendiente de auditoría
MO-06-03,Motion,"animación, tiempo y transición",feedback,alto,"En animación, tiempo y transición, comprobar que la respuesta del sistema es clara, reversible y observable. Variante 3: el caso debe tener evidencia visible y no una promesa abstracta.",pendiente de auditoría
MO-06-04,Motion,"animación, tiempo y transición",feedback,alto,"En animación, tiempo y transición, comprobar que la respuesta del sistema es clara, reversible y observable. Variante 4: el caso debe tener evidencia visible y no una promesa abstracta.",pendiente de auditoría
MO-06-05,Motion,"animación, tiempo y transición",feedback,alto,"En animación, tiempo y transición, comprobar que la respuesta del sistema es clara, reversible y observable. Variante 5: el caso debe tener evidencia visible y no una promesa abstracta.",pendiente de auditoría
MO-06-06,Motion,"animación, tiempo y transición",feedback,alto,"En animación, tiempo y transición, comprobar que la respuesta del sistema es clara, reversible y observable. Variante 6: el caso debe tener evidencia visible y no una promesa abstracta.",pendiente de auditoría
MO-06-07,Motion,"animación, tiempo y transición",feedback,alto,"En animación, tiempo y transición, comprobar que la respuesta del sistema es clara, reversible y observable. Variante 7: el caso debe tener evidencia visible y no una promesa abstracta.",pendiente de auditoría
MO-06-08,Motion,"animación, tiempo y transición",feedback,alto,"En animación, tiempo y transición, comprobar que la respuesta del sistema es clara, reversible y observable. Variante 8: el caso debe tener evidencia visible y no una promesa abstracta.",pendiente de auditoría
MO-06-09,Motion,"animación, tiempo y transición",feedback,alto,"En animación, tiempo y transición, comprobar que la respuesta del sistema es clara, reversible y observable. Variante 9: el caso debe tener evidencia visible y no una promesa abstracta.",pendiente de auditoría
MO-06-10,Motion,"animación, tiempo y transición",feedback,alto,"En animación, tiempo y transición, comprobar que la respuesta del sistema es clara, reversible y observable. Variante 10: el caso debe tener evidencia visible y no una promesa abstracta.",pendiente de auditoría
MO-07-01,Motion,"animación, tiempo y transición",performance,crítico,"En animación, tiempo y transición, comprobar que la decisión conserva rendimiento y no añade fricción innecesaria. Variante 1: el caso debe tener evidencia visible y no una promesa abstracta.",pendiente de auditoría
MO-07-02,Motion,"animación, tiempo y transición",performance,crítico,"En animación, tiempo y transición, comprobar que la decisión conserva rendimiento y no añade fricción innecesaria. Variante 2: el caso debe tener evidencia visible y no una promesa abstracta.",pendiente de auditoría
MO-07-03,Motion,"animación, tiempo y transición",performance,crítico,"En animación, tiempo y transición, comprobar que la decisión conserva rendimiento y no añade fricción innecesaria. Variante 3: el caso debe tener evidencia visible y no una promesa abstracta.",pendiente de auditoría
MO-07-04,Motion,"animación, tiempo y transición",performance,crítico,"En animación, tiempo y transición, comprobar que la decisión conserva rendimiento y no añade fricción innecesaria. Variante 4: el caso debe tener evidencia visible y no una promesa abstracta.",pendiente de auditoría
MO-07-05,Motion,"animación, tiempo y transición",performance,crítico,"En animación, tiempo y transición, comprobar que la decisión conserva rendimiento y no añade fricción innecesaria. Variante 5: el caso debe tener evidencia visible y no una promesa abstracta.",pendiente de auditoría
MO-07-06,Motion,"animación, tiempo y transición",performance,crítico,"En animación, tiempo y transición, comprobar que la decisión conserva rendimiento y no añade fricción innecesaria. Variante 6: el caso debe tener evidencia visible y no una promesa abstracta.",pendiente de auditoría
MO-07-07,Motion,"animación, tiempo y transición",performance,crítico,"En animación, tiempo y transición, comprobar que la decisión conserva rendimiento y no añade fricción innecesaria. Variante 7: el caso debe tener evidencia visible y no una promesa abstracta.",pendiente de auditoría
MO-07-08,Motion,"animación, tiempo y transición",performance,crítico,"En animación, tiempo y transición, comprobar que la decisión conserva rendimiento y no añade fricción innecesaria. Variante 8: el caso debe tener evidencia visible y no una promesa abstracta.",pendiente de auditoría
MO-07-09,Motion,"animación, tiempo y transición",performance,crítico,"En animación, tiempo y transición, comprobar que la decisión conserva rendimiento y no añade fricción innecesaria. Variante 9: el caso debe tener evidencia visible y no una promesa abstracta.",pendiente de auditoría
MO-07-10,Motion,"animación, tiempo y transición",performance,crítico,"En animación, tiempo y transición, comprobar que la decisión conserva rendimiento y no añade fricción innecesaria. Variante 10: el caso debe tener evidencia visible y no una promesa abstracta.",pendiente de auditoría
MO-08-01,Motion,"animación, tiempo y transición",responsive,crítico,"En animación, tiempo y transición, comprobar que la implementación se comporta correctamente en distintos tamaños. Variante 1: el caso debe tener evidencia visible y no una promesa abstracta.",pendiente de auditoría
MO-08-02,Motion,"animación, tiempo y transición",responsive,crítico,"En animación, tiempo y transición, comprobar que la implementación se comporta correctamente en distintos tamaños. Variante 2: el caso debe tener evidencia visible y no una promesa abstracta.",pendiente de auditoría
MO-08-03,Motion,"animación, tiempo y transición",responsive,crítico,"En animación, tiempo y transición, comprobar que la implementación se comporta correctamente en distintos tamaños. Variante 3: el caso debe tener evidencia visible y no una promesa abstracta.",pendiente de auditoría
MO-08-04,Motion,"animación, tiempo y transición",responsive,crítico,"En animación, tiempo y transición, comprobar que la implementación se comporta correctamente en distintos tamaños. Variante 4: el caso debe tener evidencia visible y no una promesa abstracta.",pendiente de auditoría
MO-08-05,Motion,"animación, tiempo y transición",responsive,crítico,"En animación, tiempo y transición, comprobar que la implementación se comporta correctamente en distintos tamaños. Variante 5: el caso debe tener evidencia visible y no una promesa abstracta.",pendiente de auditoría
MO-08-06,Motion,"animación, tiempo y transición",responsive,crítico,"En animación, tiempo y transición, comprobar que la implementación se comporta correctamente en distintos tamaños. Variante 6: el caso debe tener evidencia visible y no una promesa abstracta.",pendiente de auditoría
MO-08-07,Motion,"animación, tiempo y transición",responsive,crítico,"En animación, tiempo y transición, comprobar que la implementación se comporta correctamente en distintos tamaños. Variante 7: el caso debe tener evidencia visible y no una promesa abstracta.",pendiente de auditoría
MO-08-08,Motion,"animación, tiempo y transición",responsive,crítico,"En animación, tiempo y transición, comprobar que la implementación se comporta correctamente en distintos tamaños. Variante 8: el caso debe tener evidencia visible y no una promesa abstracta.",pendiente de auditoría
MO-08-09,Motion,"animación, tiempo y transición",responsive,crítico,"En animación, tiempo y transición, comprobar que la implementación se comporta correctamente en distintos tamaños. Variante 9: el caso debe tener evidencia visible y no una promesa abstracta.",pendiente de auditoría
MO-08-10,Motion,"animación, tiempo y transición",responsive,crítico,"En animación, tiempo y transición, comprobar que la implementación se comporta correctamente en distintos tamaños. Variante 10: el caso debe tener evidencia visible y no una promesa abstracta.",pendiente de auditoría
MO-09-01,Motion,"animación, tiempo y transición",distinctiveness,alto,"En animación, tiempo y transición, comprobar que la solución es suficientemente propia para ser recordada y defendida. Variante 1: el caso debe tener evidencia visible y no una promesa abstracta.",pendiente de auditoría
MO-09-02,Motion,"animación, tiempo y transición",distinctiveness,alto,"En animación, tiempo y transición, comprobar que la solución es suficientemente propia para ser recordada y defendida. Variante 2: el caso debe tener evidencia visible y no una promesa abstracta.",pendiente de auditoría
MO-09-03,Motion,"animación, tiempo y transición",distinctiveness,alto,"En animación, tiempo y transición, comprobar que la solución es suficientemente propia para ser recordada y defendida. Variante 3: el caso debe tener evidencia visible y no una promesa abstracta.",pendiente de auditoría
MO-09-04,Motion,"animación, tiempo y transición",distinctiveness,alto,"En animación, tiempo y transición, comprobar que la solución es suficientemente propia para ser recordada y defendida. Variante 4: el caso debe tener evidencia visible y no una promesa abstracta.",pendiente de auditoría
MO-09-05,Motion,"animación, tiempo y transición",distinctiveness,alto,"En animación, tiempo y transición, comprobar que la solución es suficientemente propia para ser recordada y defendida. Variante 5: el caso debe tener evidencia visible y no una promesa abstracta.",pendiente de auditoría
MO-09-06,Motion,"animación, tiempo y transición",distinctiveness,alto,"En animación, tiempo y transición, comprobar que la solución es suficientemente propia para ser recordada y defendida. Variante 6: el caso debe tener evidencia visible y no una promesa abstracta.",pendiente de auditoría
MO-09-07,Motion,"animación, tiempo y transición",distinctiveness,alto,"En animación, tiempo y transición, comprobar que la solución es suficientemente propia para ser recordada y defendida. Variante 7: el caso debe tener evidencia visible y no una promesa abstracta.",pendiente de auditoría
MO-09-08,Motion,"animación, tiempo y transición",distinctiveness,alto,"En animación, tiempo y transición, comprobar que la solución es suficientemente propia para ser recordada y defendida. Variante 8: el caso debe tener evidencia visible y no una promesa abstracta.",pendiente de auditoría
MO-09-09,Motion,"animación, tiempo y transición",distinctiveness,alto,"En animación, tiempo y transición, comprobar que la solución es suficientemente propia para ser recordada y defendida. Variante 9: el caso debe tener evidencia visible y no una promesa abstracta.",pendiente de auditoría
MO-09-10,Motion,"animación, tiempo y transición",distinctiveness,alto,"En animación, tiempo y transición, comprobar que la solución es suficientemente propia para ser recordada y defendida. Variante 10: el caso debe tener evidencia visible y no una promesa abstracta.",pendiente de auditoría
MO-10-01,Motion,"animación, tiempo y transición",verification,crítico,"En animación, tiempo y transición, comprobar que el resultado puede validarse con una prueba concreta antes de publicarse. Variante 1: el caso debe tener evidencia visible y no una promesa abstracta.",pendiente de auditoría
MO-10-02,Motion,"animación, tiempo y transición",verification,crítico,"En animación, tiempo y transición, comprobar que el resultado puede validarse con una prueba concreta antes de publicarse. Variante 2: el caso debe tener evidencia visible y no una promesa abstracta.",pendiente de auditoría
MO-10-03,Motion,"animación, tiempo y transición",verification,crítico,"En animación, tiempo y transición, comprobar que el resultado puede validarse con una prueba concreta antes de publicarse. Variante 3: el caso debe tener evidencia visible y no una promesa abstracta.",pendiente de auditoría
MO-10-04,Motion,"animación, tiempo y transición",verification,crítico,"En animación, tiempo y transición, comprobar que el resultado puede validarse con una prueba concreta antes de publicarse. Variante 4: el caso debe tener evidencia visible y no una promesa abstracta.",pendiente de auditoría
MO-10-05,Motion,"animación, tiempo y transición",verification,crítico,"En animación, tiempo y transición, comprobar que el resultado puede validarse con una prueba concreta antes de publicarse. Variante 5: el caso debe tener evidencia visible y no una promesa abstracta.",pendiente de auditoría
MO-10-06,Motion,"animación, tiempo y transición",verification,crítico,"En animación, tiempo y transición, comprobar que el resultado puede validarse con una prueba concreta antes de publicarse. Variante 6: el caso debe tener evidencia visible y no una promesa abstracta.",pendiente de auditoría
MO-10-07,Motion,"animación, tiempo y transición",verification,crítico,"En animación, tiempo y transición, comprobar que el resultado puede validarse con una prueba concreta antes de publicarse. Variante 7: el caso debe tener evidencia visible y no una promesa abstracta.",pendiente de auditoría
MO-10-08,Motion,"animación, tiempo y transición",verification,crítico,"En animación, tiempo y transición, comprobar que el resultado puede validarse con una prueba concreta antes de publicarse. Variante 8: el caso debe tener evidencia visible y no una promesa abstracta.",pendiente de auditoría
MO-10-09,Motion,"animación, tiempo y transición",verification,crítico,"En animación, tiempo y transición, comprobar que el resultado puede validarse con una prueba concreta antes de publicarse. Variante 9: el caso debe tener evidencia visible y no una promesa abstracta.",pendiente de auditoría
MO-10-10,Motion,"animación, tiempo y transición",verification,crítico,"En animación, tiempo y transición, comprobar que el resultado puede validarse con una prueba concreta antes de publicarse. Variante 10: el caso debe tener evidencia visible y no una promesa abstracta.",pendiente de auditoría
IN-01-01,Interaction,"feedback, controles y participación",intent,estratégico,"En feedback, controles y participación, comprobar que existe una intención verificable y no solo una decisión ornamental. Variante 1: el caso debe tener evidencia visible y no una promesa abstracta.",pendiente de auditoría
IN-01-02,Interaction,"feedback, controles y participación",intent,estratégico,"En feedback, controles y participación, comprobar que existe una intención verificable y no solo una decisión ornamental. Variante 2: el caso debe tener evidencia visible y no una promesa abstracta.",pendiente de auditoría
IN-01-03,Interaction,"feedback, controles y participación",intent,estratégico,"En feedback, controles y participación, comprobar que existe una intención verificable y no solo una decisión ornamental. Variante 3: el caso debe tener evidencia visible y no una promesa abstracta.",pendiente de auditoría
IN-01-04,Interaction,"feedback, controles y participación",intent,estratégico,"En feedback, controles y participación, comprobar que existe una intención verificable y no solo una decisión ornamental. Variante 4: el caso debe tener evidencia visible y no una promesa abstracta.",pendiente de auditoría
IN-01-05,Interaction,"feedback, controles y participación",intent,estratégico,"En feedback, controles y participación, comprobar que existe una intención verificable y no solo una decisión ornamental. Variante 5: el caso debe tener evidencia visible y no una promesa abstracta.",pendiente de auditoría
IN-01-06,Interaction,"feedback, controles y participación",intent,estratégico,"En feedback, controles y participación, comprobar que existe una intención verificable y no solo una decisión ornamental. Variante 6: el caso debe tener evidencia visible y no una promesa abstracta.",pendiente de auditoría
IN-01-07,Interaction,"feedback, controles y participación",intent,estratégico,"En feedback, controles y participación, comprobar que existe una intención verificable y no solo una decisión ornamental. Variante 7: el caso debe tener evidencia visible y no una promesa abstracta.",pendiente de auditoría
IN-01-08,Interaction,"feedback, controles y participación",intent,estratégico,"En feedback, controles y participación, comprobar que existe una intención verificable y no solo una decisión ornamental. Variante 8: el caso debe tener evidencia visible y no una promesa abstracta.",pendiente de auditoría
IN-01-09,Interaction,"feedback, controles y participación",intent,estratégico,"En feedback, controles y participación, comprobar que existe una intención verificable y no solo una decisión ornamental. Variante 9: el caso debe tener evidencia visible y no una promesa abstracta.",pendiente de auditoría
IN-01-10,Interaction,"feedback, controles y participación",intent,estratégico,"En feedback, controles y participación, comprobar que existe una intención verificable y no solo una decisión ornamental. Variante 10: el caso debe tener evidencia visible y no una promesa abstracta.",pendiente de auditoría
IN-02-01,Interaction,"feedback, controles y participación",audience,alto,"En feedback, controles y participación, comprobar que la decisión sirve al público objetivo y al contexto de uso. Variante 1: el caso debe tener evidencia visible y no una promesa abstracta.",pendiente de auditoría
IN-02-02,Interaction,"feedback, controles y participación",audience,alto,"En feedback, controles y participación, comprobar que la decisión sirve al público objetivo y al contexto de uso. Variante 2: el caso debe tener evidencia visible y no una promesa abstracta.",pendiente de auditoría
IN-02-03,Interaction,"feedback, controles y participación",audience,alto,"En feedback, controles y participación, comprobar que la decisión sirve al público objetivo y al contexto de uso. Variante 3: el caso debe tener evidencia visible y no una promesa abstracta.",pendiente de auditoría
IN-02-04,Interaction,"feedback, controles y participación",audience,alto,"En feedback, controles y participación, comprobar que la decisión sirve al público objetivo y al contexto de uso. Variante 4: el caso debe tener evidencia visible y no una promesa abstracta.",pendiente de auditoría
IN-02-05,Interaction,"feedback, controles y participación",audience,alto,"En feedback, controles y participación, comprobar que la decisión sirve al público objetivo y al contexto de uso. Variante 5: el caso debe tener evidencia visible y no una promesa abstracta.",pendiente de auditoría
IN-02-06,Interaction,"feedback, controles y participación",audience,alto,"En feedback, controles y participación, comprobar que la decisión sirve al público objetivo y al contexto de uso. Variante 6: el caso debe tener evidencia visible y no una promesa abstracta.",pendiente de auditoría
IN-02-07,Interaction,"feedback, controles y participación",audience,alto,"En feedback, controles y participación, comprobar que la decisión sirve al público objetivo y al contexto de uso. Variante 7: el caso debe tener evidencia visible y no una promesa abstracta.",pendiente de auditoría
IN-02-08,Interaction,"feedback, controles y participación",audience,alto,"En feedback, controles y participación, comprobar que la decisión sirve al público objetivo y al contexto de uso. Variante 8: el caso debe tener evidencia visible y no una promesa abstracta.",pendiente de auditoría
IN-02-09,Interaction,"feedback, controles y participación",audience,alto,"En feedback, controles y participación, comprobar que la decisión sirve al público objetivo y al contexto de uso. Variante 9: el caso debe tener evidencia visible y no una promesa abstracta.",pendiente de auditoría
IN-02-10,Interaction,"feedback, controles y participación",audience,alto,"En feedback, controles y participación, comprobar que la decisión sirve al público objetivo y al contexto de uso. Variante 10: el caso debe tener evidencia visible y no una promesa abstracta.",pendiente de auditoría
IN-03-01,Interaction,"feedback, controles y participación",hierarchy,alto,"En feedback, controles y participación, comprobar que la jerarquía comunica lo importante antes de lo accesorio. Variante 1: el caso debe tener evidencia visible y no una promesa abstracta.",pendiente de auditoría
IN-03-02,Interaction,"feedback, controles y participación",hierarchy,alto,"En feedback, controles y participación, comprobar que la jerarquía comunica lo importante antes de lo accesorio. Variante 2: el caso debe tener evidencia visible y no una promesa abstracta.",pendiente de auditoría
IN-03-03,Interaction,"feedback, controles y participación",hierarchy,alto,"En feedback, controles y participación, comprobar que la jerarquía comunica lo importante antes de lo accesorio. Variante 3: el caso debe tener evidencia visible y no una promesa abstracta.",pendiente de auditoría
IN-03-04,Interaction,"feedback, controles y participación",hierarchy,alto,"En feedback, controles y participación, comprobar que la jerarquía comunica lo importante antes de lo accesorio. Variante 4: el caso debe tener evidencia visible y no una promesa abstracta.",pendiente de auditoría
IN-03-05,Interaction,"feedback, controles y participación",hierarchy,alto,"En feedback, controles y participación, comprobar que la jerarquía comunica lo importante antes de lo accesorio. Variante 5: el caso debe tener evidencia visible y no una promesa abstracta.",pendiente de auditoría
IN-03-06,Interaction,"feedback, controles y participación",hierarchy,alto,"En feedback, controles y participación, comprobar que la jerarquía comunica lo importante antes de lo accesorio. Variante 6: el caso debe tener evidencia visible y no una promesa abstracta.",pendiente de auditoría
IN-03-07,Interaction,"feedback, controles y participación",hierarchy,alto,"En feedback, controles y participación, comprobar que la jerarquía comunica lo importante antes de lo accesorio. Variante 7: el caso debe tener evidencia visible y no una promesa abstracta.",pendiente de auditoría
IN-03-08,Interaction,"feedback, controles y participación",hierarchy,alto,"En feedback, controles y participación, comprobar que la jerarquía comunica lo importante antes de lo accesorio. Variante 8: el caso debe tener evidencia visible y no una promesa abstracta.",pendiente de auditoría
IN-03-09,Interaction,"feedback, controles y participación",hierarchy,alto,"En feedback, controles y participación, comprobar que la jerarquía comunica lo importante antes de lo accesorio. Variante 9: el caso debe tener evidencia visible y no una promesa abstracta.",pendiente de auditoría
IN-03-10,Interaction,"feedback, controles y participación",hierarchy,alto,"En feedback, controles y participación, comprobar que la jerarquía comunica lo importante antes de lo accesorio. Variante 10: el caso debe tener evidencia visible y no una promesa abstracta.",pendiente de auditoría
IN-04-01,Interaction,"feedback, controles y participación",coherence,alto,"En feedback, controles y participación, comprobar que la ejecución mantiene coherencia con el sistema visual completo. Variante 1: el caso debe tener evidencia visible y no una promesa abstracta.",pendiente de auditoría
IN-04-02,Interaction,"feedback, controles y participación",coherence,alto,"En feedback, controles y participación, comprobar que la ejecución mantiene coherencia con el sistema visual completo. Variante 2: el caso debe tener evidencia visible y no una promesa abstracta.",pendiente de auditoría
IN-04-03,Interaction,"feedback, controles y participación",coherence,alto,"En feedback, controles y participación, comprobar que la ejecución mantiene coherencia con el sistema visual completo. Variante 3: el caso debe tener evidencia visible y no una promesa abstracta.",pendiente de auditoría
IN-04-04,Interaction,"feedback, controles y participación",coherence,alto,"En feedback, controles y participación, comprobar que la ejecución mantiene coherencia con el sistema visual completo. Variante 4: el caso debe tener evidencia visible y no una promesa abstracta.",pendiente de auditoría
IN-04-05,Interaction,"feedback, controles y participación",coherence,alto,"En feedback, controles y participación, comprobar que la ejecución mantiene coherencia con el sistema visual completo. Variante 5: el caso debe tener evidencia visible y no una promesa abstracta.",pendiente de auditoría
IN-04-06,Interaction,"feedback, controles y participación",coherence,alto,"En feedback, controles y participación, comprobar que la ejecución mantiene coherencia con el sistema visual completo. Variante 6: el caso debe tener evidencia visible y no una promesa abstracta.",pendiente de auditoría
IN-04-07,Interaction,"feedback, controles y participación",coherence,alto,"En feedback, controles y participación, comprobar que la ejecución mantiene coherencia con el sistema visual completo. Variante 7: el caso debe tener evidencia visible y no una promesa abstracta.",pendiente de auditoría
IN-04-08,Interaction,"feedback, controles y participación",coherence,alto,"En feedback, controles y participación, comprobar que la ejecución mantiene coherencia con el sistema visual completo. Variante 8: el caso debe tener evidencia visible y no una promesa abstracta.",pendiente de auditoría
IN-04-09,Interaction,"feedback, controles y participación",coherence,alto,"En feedback, controles y participación, comprobar que la ejecución mantiene coherencia con el sistema visual completo. Variante 9: el caso debe tener evidencia visible y no una promesa abstracta.",pendiente de auditoría
IN-04-10,Interaction,"feedback, controles y participación",coherence,alto,"En feedback, controles y participación, comprobar que la ejecución mantiene coherencia con el sistema visual completo. Variante 10: el caso debe tener evidencia visible y no una promesa abstracta.",pendiente de auditoría
IN-05-01,Interaction,"feedback, controles y participación",inclusion,crítico,"En feedback, controles y participación, comprobar que la experiencia funciona sin depender de una única capacidad sensorial. Variante 1: el caso debe tener evidencia visible y no una promesa abstracta.",pendiente de auditoría
IN-05-02,Interaction,"feedback, controles y participación",inclusion,crítico,"En feedback, controles y participación, comprobar que la experiencia funciona sin depender de una única capacidad sensorial. Variante 2: el caso debe tener evidencia visible y no una promesa abstracta.",pendiente de auditoría
IN-05-03,Interaction,"feedback, controles y participación",inclusion,crítico,"En feedback, controles y participación, comprobar que la experiencia funciona sin depender de una única capacidad sensorial. Variante 3: el caso debe tener evidencia visible y no una promesa abstracta.",pendiente de auditoría
IN-05-04,Interaction,"feedback, controles y participación",inclusion,crítico,"En feedback, controles y participación, comprobar que la experiencia funciona sin depender de una única capacidad sensorial. Variante 4: el caso debe tener evidencia visible y no una promesa abstracta.",pendiente de auditoría
IN-05-05,Interaction,"feedback, controles y participación",inclusion,crítico,"En feedback, controles y participación, comprobar que la experiencia funciona sin depender de una única capacidad sensorial. Variante 5: el caso debe tener evidencia visible y no una promesa abstracta.",pendiente de auditoría
IN-05-06,Interaction,"feedback, controles y participación",inclusion,crítico,"En feedback, controles y participación, comprobar que la experiencia funciona sin depender de una única capacidad sensorial. Variante 6: el caso debe tener evidencia visible y no una promesa abstracta.",pendiente de auditoría
IN-05-07,Interaction,"feedback, controles y participación",inclusion,crítico,"En feedback, controles y participación, comprobar que la experiencia funciona sin depender de una única capacidad sensorial. Variante 7: el caso debe tener evidencia visible y no una promesa abstracta.",pendiente de auditoría
IN-05-08,Interaction,"feedback, controles y participación",inclusion,crítico,"En feedback, controles y participación, comprobar que la experiencia funciona sin depender de una única capacidad sensorial. Variante 8: el caso debe tener evidencia visible y no una promesa abstracta.",pendiente de auditoría
IN-05-09,Interaction,"feedback, controles y participación",inclusion,crítico,"En feedback, controles y participación, comprobar que la experiencia funciona sin depender de una única capacidad sensorial. Variante 9: el caso debe tener evidencia visible y no una promesa abstracta.",pendiente de auditoría
IN-05-10,Interaction,"feedback, controles y participación",inclusion,crítico,"En feedback, controles y participación, comprobar que la experiencia funciona sin depender de una única capacidad sensorial. Variante 10: el caso debe tener evidencia visible y no una promesa abstracta.",pendiente de auditoría
IN-06-01,Interaction,"feedback, controles y participación",feedback,alto,"En feedback, controles y participación, comprobar que la respuesta del sistema es clara, reversible y observable. Variante 1: el caso debe tener evidencia visible y no una promesa abstracta.",pendiente de auditoría
IN-06-02,Interaction,"feedback, controles y participación",feedback,alto,"En feedback, controles y participación, comprobar que la respuesta del sistema es clara, reversible y observable. Variante 2: el caso debe tener evidencia visible y no una promesa abstracta.",pendiente de auditoría
IN-06-03,Interaction,"feedback, controles y participación",feedback,alto,"En feedback, controles y participación, comprobar que la respuesta del sistema es clara, reversible y observable. Variante 3: el caso debe tener evidencia visible y no una promesa abstracta.",pendiente de auditoría
IN-06-04,Interaction,"feedback, controles y participación",feedback,alto,"En feedback, controles y participación, comprobar que la respuesta del sistema es clara, reversible y observable. Variante 4: el caso debe tener evidencia visible y no una promesa abstracta.",pendiente de auditoría
IN-06-05,Interaction,"feedback, controles y participación",feedback,alto,"En feedback, controles y participación, comprobar que la respuesta del sistema es clara, reversible y observable. Variante 5: el caso debe tener evidencia visible y no una promesa abstracta.",pendiente de auditoría
IN-06-06,Interaction,"feedback, controles y participación",feedback,alto,"En feedback, controles y participación, comprobar que la respuesta del sistema es clara, reversible y observable. Variante 6: el caso debe tener evidencia visible y no una promesa abstracta.",pendiente de auditoría
IN-06-07,Interaction,"feedback, controles y participación",feedback,alto,"En feedback, controles y participación, comprobar que la respuesta del sistema es clara, reversible y observable. Variante 7: el caso debe tener evidencia visible y no una promesa abstracta.",pendiente de auditoría
IN-06-08,Interaction,"feedback, controles y participación",feedback,alto,"En feedback, controles y participación, comprobar que la respuesta del sistema es clara, reversible y observable. Variante 8: el caso debe tener evidencia visible y no una promesa abstracta.",pendiente de auditoría
IN-06-09,Interaction,"feedback, controles y participación",feedback,alto,"En feedback, controles y participación, comprobar que la respuesta del sistema es clara, reversible y observable. Variante 9: el caso debe tener evidencia visible y no una promesa abstracta.",pendiente de auditoría
IN-06-10,Interaction,"feedback, controles y participación",feedback,alto,"En feedback, controles y participación, comprobar que la respuesta del sistema es clara, reversible y observable. Variante 10: el caso debe tener evidencia visible y no una promesa abstracta.",pendiente de auditoría
IN-07-01,Interaction,"feedback, controles y participación",performance,crítico,"En feedback, controles y participación, comprobar que la decisión conserva rendimiento y no añade fricción innecesaria. Variante 1: el caso debe tener evidencia visible y no una promesa abstracta.",pendiente de auditoría
IN-07-02,Interaction,"feedback, controles y participación",performance,crítico,"En feedback, controles y participación, comprobar que la decisión conserva rendimiento y no añade fricción innecesaria. Variante 2: el caso debe tener evidencia visible y no una promesa abstracta.",pendiente de auditoría
IN-07-03,Interaction,"feedback, controles y participación",performance,crítico,"En feedback, controles y participación, comprobar que la decisión conserva rendimiento y no añade fricción innecesaria. Variante 3: el caso debe tener evidencia visible y no una promesa abstracta.",pendiente de auditoría
IN-07-04,Interaction,"feedback, controles y participación",performance,crítico,"En feedback, controles y participación, comprobar que la decisión conserva rendimiento y no añade fricción innecesaria. Variante 4: el caso debe tener evidencia visible y no una promesa abstracta.",pendiente de auditoría
IN-07-05,Interaction,"feedback, controles y participación",performance,crítico,"En feedback, controles y participación, comprobar que la decisión conserva rendimiento y no añade fricción innecesaria. Variante 5: el caso debe tener evidencia visible y no una promesa abstracta.",pendiente de auditoría
IN-07-06,Interaction,"feedback, controles y participación",performance,crítico,"En feedback, controles y participación, comprobar que la decisión conserva rendimiento y no añade fricción innecesaria. Variante 6: el caso debe tener evidencia visible y no una promesa abstracta.",pendiente de auditoría
IN-07-07,Interaction,"feedback, controles y participación",performance,crítico,"En feedback, controles y participación, comprobar que la decisión conserva rendimiento y no añade fricción innecesaria. Variante 7: el caso debe tener evidencia visible y no una promesa abstracta.",pendiente de auditoría
IN-07-08,Interaction,"feedback, controles y participación",performance,crítico,"En feedback, controles y participación, comprobar que la decisión conserva rendimiento y no añade fricción innecesaria. Variante 8: el caso debe tener evidencia visible y no una promesa abstracta.",pendiente de auditoría
IN-07-09,Interaction,"feedback, controles y participación",performance,crítico,"En feedback, controles y participación, comprobar que la decisión conserva rendimiento y no añade fricción innecesaria. Variante 9: el caso debe tener evidencia visible y no una promesa abstracta.",pendiente de auditoría
IN-07-10,Interaction,"feedback, controles y participación",performance,crítico,"En feedback, controles y participación, comprobar que la decisión conserva rendimiento y no añade fricción innecesaria. Variante 10: el caso debe tener evidencia visible y no una promesa abstracta.",pendiente de auditoría
IN-08-01,Interaction,"feedback, controles y participación",responsive,crítico,"En feedback, controles y participación, comprobar que la implementación se comporta correctamente en distintos tamaños. Variante 1: el caso debe tener evidencia visible y no una promesa abstracta.",pendiente de auditoría
IN-08-02,Interaction,"feedback, controles y participación",responsive,crítico,"En feedback, controles y participación, comprobar que la implementación se comporta correctamente en distintos tamaños. Variante 2: el caso debe tener evidencia visible y no una promesa abstracta.",pendiente de auditoría
IN-08-03,Interaction,"feedback, controles y participación",responsive,crítico,"En feedback, controles y participación, comprobar que la implementación se comporta correctamente en distintos tamaños. Variante 3: el caso debe tener evidencia visible y no una promesa abstracta.",pendiente de auditoría
IN-08-04,Interaction,"feedback, controles y participación",responsive,crítico,"En feedback, controles y participación, comprobar que la implementación se comporta correctamente en distintos tamaños. Variante 4: el caso debe tener evidencia visible y no una promesa abstracta.",pendiente de auditoría
IN-08-05,Interaction,"feedback, controles y participación",responsive,crítico,"En feedback, controles y participación, comprobar que la implementación se comporta correctamente en distintos tamaños. Variante 5: el caso debe tener evidencia visible y no una promesa abstracta.",pendiente de auditoría
IN-08-06,Interaction,"feedback, controles y participación",responsive,crítico,"En feedback, controles y participación, comprobar que la implementación se comporta correctamente en distintos tamaños. Variante 6: el caso debe tener evidencia visible y no una promesa abstracta.",pendiente de auditoría
IN-08-07,Interaction,"feedback, controles y participación",responsive,crítico,"En feedback, controles y participación, comprobar que la implementación se comporta correctamente en distintos tamaños. Variante 7: el caso debe tener evidencia visible y no una promesa abstracta.",pendiente de auditoría
IN-08-08,Interaction,"feedback, controles y participación",responsive,crítico,"En feedback, controles y participación, comprobar que la implementación se comporta correctamente en distintos tamaños. Variante 8: el caso debe tener evidencia visible y no una promesa abstracta.",pendiente de auditoría
IN-08-09,Interaction,"feedback, controles y participación",responsive,crítico,"En feedback, controles y participación, comprobar que la implementación se comporta correctamente en distintos tamaños. Variante 9: el caso debe tener evidencia visible y no una promesa abstracta.",pendiente de auditoría
IN-08-10,Interaction,"feedback, controles y participación",responsive,crítico,"En feedback, controles y participación, comprobar que la implementación se comporta correctamente en distintos tamaños. Variante 10: el caso debe tener evidencia visible y no una promesa abstracta.",pendiente de auditoría
IN-09-01,Interaction,"feedback, controles y participación",distinctiveness,alto,"En feedback, controles y participación, comprobar que la solución es suficientemente propia para ser recordada y defendida. Variante 1: el caso debe tener evidencia visible y no una promesa abstracta.",pendiente de auditoría
IN-09-02,Interaction,"feedback, controles y participación",distinctiveness,alto,"En feedback, controles y participación, comprobar que la solución es suficientemente propia para ser recordada y defendida. Variante 2: el caso debe tener evidencia visible y no una promesa abstracta.",pendiente de auditoría
IN-09-03,Interaction,"feedback, controles y participación",distinctiveness,alto,"En feedback, controles y participación, comprobar que la solución es suficientemente propia para ser recordada y defendida. Variante 3: el caso debe tener evidencia visible y no una promesa abstracta.",pendiente de auditoría
IN-09-04,Interaction,"feedback, controles y participación",distinctiveness,alto,"En feedback, controles y participación, comprobar que la solución es suficientemente propia para ser recordada y defendida. Variante 4: el caso debe tener evidencia visible y no una promesa abstracta.",pendiente de auditoría
IN-09-05,Interaction,"feedback, controles y participación",distinctiveness,alto,"En feedback, controles y participación, comprobar que la solución es suficientemente propia para ser recordada y defendida. Variante 5: el caso debe tener evidencia visible y no una promesa abstracta.",pendiente de auditoría
IN-09-06,Interaction,"feedback, controles y participación",distinctiveness,alto,"En feedback, controles y participación, comprobar que la solución es suficientemente propia para ser recordada y defendida. Variante 6: el caso debe tener evidencia visible y no una promesa abstracta.",pendiente de auditoría
IN-09-07,Interaction,"feedback, controles y participación",distinctiveness,alto,"En feedback, controles y participación, comprobar que la solución es suficientemente propia para ser recordada y defendida. Variante 7: el caso debe tener evidencia visible y no una promesa abstracta.",pendiente de auditoría
IN-09-08,Interaction,"feedback, controles y participación",distinctiveness,alto,"En feedback, controles y participación, comprobar que la solución es suficientemente propia para ser recordada y defendida. Variante 8: el caso debe tener evidencia visible y no una promesa abstracta.",pendiente de auditoría
IN-09-09,Interaction,"feedback, controles y participación",distinctiveness,alto,"En feedback, controles y participación, comprobar que la solución es suficientemente propia para ser recordada y defendida. Variante 9: el caso debe tener evidencia visible y no una promesa abstracta.",pendiente de auditoría
IN-09-10,Interaction,"feedback, controles y participación",distinctiveness,alto,"En feedback, controles y participación, comprobar que la solución es suficientemente propia para ser recordada y defendida. Variante 10: el caso debe tener evidencia visible y no una promesa abstracta.",pendiente de auditoría
IN-10-01,Interaction,"feedback, controles y participación",verification,crítico,"En feedback, controles y participación, comprobar que el resultado puede validarse con una prueba concreta antes de publicarse. Variante 1: el caso debe tener evidencia visible y no una promesa abstracta.",pendiente de auditoría
IN-10-02,Interaction,"feedback, controles y participación",verification,crítico,"En feedback, controles y participación, comprobar que el resultado puede validarse con una prueba concreta antes de publicarse. Variante 2: el caso debe tener evidencia visible y no una promesa abstracta.",pendiente de auditoría
IN-10-03,Interaction,"feedback, controles y participación",verification,crítico,"En feedback, controles y participación, comprobar que el resultado puede validarse con una prueba concreta antes de publicarse. Variante 3: el caso debe tener evidencia visible y no una promesa abstracta.",pendiente de auditoría
IN-10-04,Interaction,"feedback, controles y participación",verification,crítico,"En feedback, controles y participación, comprobar que el resultado puede validarse con una prueba concreta antes de publicarse. Variante 4: el caso debe tener evidencia visible y no una promesa abstracta.",pendiente de auditoría
IN-10-05,Interaction,"feedback, controles y participación",verification,crítico,"En feedback, controles y participación, comprobar que el resultado puede validarse con una prueba concreta antes de publicarse. Variante 5: el caso debe tener evidencia visible y no una promesa abstracta.",pendiente de auditoría
IN-10-06,Interaction,"feedback, controles y participación",verification,crítico,"En feedback, controles y participación, comprobar que el resultado puede validarse con una prueba concreta antes de publicarse. Variante 6: el caso debe tener evidencia visible y no una promesa abstracta.",pendiente de auditoría
IN-10-07,Interaction,"feedback, controles y participación",verification,crítico,"En feedback, controles y participación, comprobar que el resultado puede validarse con una prueba concreta antes de publicarse. Variante 7: el caso debe tener evidencia visible y no una promesa abstracta.",pendiente de auditoría
IN-10-08,Interaction,"feedback, controles y participación",verification,crítico,"En feedback, controles y participación, comprobar que el resultado puede validarse con una prueba concreta antes de publicarse. Variante 8: el caso debe tener evidencia visible y no una promesa abstracta.",pendiente de auditoría
IN-10-09,Interaction,"feedback, controles y participación",verification,crítico,"En feedback, controles y participación, comprobar que el resultado puede validarse con una prueba concreta antes de publicarse. Variante 9: el caso debe tener evidencia visible y no una promesa abstracta.",pendiente de auditoría
IN-10-10,Interaction,"feedback, controles y participación",verification,crítico,"En feedback, controles y participación, comprobar que el resultado puede validarse con una prueba concreta antes de publicarse. Variante 10: el caso debe tener evidencia visible y no una promesa abstracta.",pendiente de auditoría
NV-01-01,Navigation,"estructura, orientación y descubrimiento",intent,estratégico,"En estructura, orientación y descubrimiento, comprobar que existe una intención verificable y no solo una decisión ornamental. Variante 1: el caso debe tener evidencia visible y no una promesa abstracta.",pendiente de auditoría
NV-01-02,Navigation,"estructura, orientación y descubrimiento",intent,estratégico,"En estructura, orientación y descubrimiento, comprobar que existe una intención verificable y no solo una decisión ornamental. Variante 2: el caso debe tener evidencia visible y no una promesa abstracta.",pendiente de auditoría
NV-01-03,Navigation,"estructura, orientación y descubrimiento",intent,estratégico,"En estructura, orientación y descubrimiento, comprobar que existe una intención verificable y no solo una decisión ornamental. Variante 3: el caso debe tener evidencia visible y no una promesa abstracta.",pendiente de auditoría
NV-01-04,Navigation,"estructura, orientación y descubrimiento",intent,estratégico,"En estructura, orientación y descubrimiento, comprobar que existe una intención verificable y no solo una decisión ornamental. Variante 4: el caso debe tener evidencia visible y no una promesa abstracta.",pendiente de auditoría
NV-01-05,Navigation,"estructura, orientación y descubrimiento",intent,estratégico,"En estructura, orientación y descubrimiento, comprobar que existe una intención verificable y no solo una decisión ornamental. Variante 5: el caso debe tener evidencia visible y no una promesa abstracta.",pendiente de auditoría
NV-01-06,Navigation,"estructura, orientación y descubrimiento",intent,estratégico,"En estructura, orientación y descubrimiento, comprobar que existe una intención verificable y no solo una decisión ornamental. Variante 6: el caso debe tener evidencia visible y no una promesa abstracta.",pendiente de auditoría
NV-01-07,Navigation,"estructura, orientación y descubrimiento",intent,estratégico,"En estructura, orientación y descubrimiento, comprobar que existe una intención verificable y no solo una decisión ornamental. Variante 7: el caso debe tener evidencia visible y no una promesa abstracta.",pendiente de auditoría
NV-01-08,Navigation,"estructura, orientación y descubrimiento",intent,estratégico,"En estructura, orientación y descubrimiento, comprobar que existe una intención verificable y no solo una decisión ornamental. Variante 8: el caso debe tener evidencia visible y no una promesa abstracta.",pendiente de auditoría
NV-01-09,Navigation,"estructura, orientación y descubrimiento",intent,estratégico,"En estructura, orientación y descubrimiento, comprobar que existe una intención verificable y no solo una decisión ornamental. Variante 9: el caso debe tener evidencia visible y no una promesa abstracta.",pendiente de auditoría
NV-01-10,Navigation,"estructura, orientación y descubrimiento",intent,estratégico,"En estructura, orientación y descubrimiento, comprobar que existe una intención verificable y no solo una decisión ornamental. Variante 10: el caso debe tener evidencia visible y no una promesa abstracta.",pendiente de auditoría
NV-02-01,Navigation,"estructura, orientación y descubrimiento",audience,alto,"En estructura, orientación y descubrimiento, comprobar que la decisión sirve al público objetivo y al contexto de uso. Variante 1: el caso debe tener evidencia visible y no una promesa abstracta.",pendiente de auditoría
NV-02-02,Navigation,"estructura, orientación y descubrimiento",audience,alto,"En estructura, orientación y descubrimiento, comprobar que la decisión sirve al público objetivo y al contexto de uso. Variante 2: el caso debe tener evidencia visible y no una promesa abstracta.",pendiente de auditoría
NV-02-03,Navigation,"estructura, orientación y descubrimiento",audience,alto,"En estructura, orientación y descubrimiento, comprobar que la decisión sirve al público objetivo y al contexto de uso. Variante 3: el caso debe tener evidencia visible y no una promesa abstracta.",pendiente de auditoría
NV-02-04,Navigation,"estructura, orientación y descubrimiento",audience,alto,"En estructura, orientación y descubrimiento, comprobar que la decisión sirve al público objetivo y al contexto de uso. Variante 4: el caso debe tener evidencia visible y no una promesa abstracta.",pendiente de auditoría
NV-02-05,Navigation,"estructura, orientación y descubrimiento",audience,alto,"En estructura, orientación y descubrimiento, comprobar que la decisión sirve al público objetivo y al contexto de uso. Variante 5: el caso debe tener evidencia visible y no una promesa abstracta.",pendiente de auditoría
NV-02-06,Navigation,"estructura, orientación y descubrimiento",audience,alto,"En estructura, orientación y descubrimiento, comprobar que la decisión sirve al público objetivo y al contexto de uso. Variante 6: el caso debe tener evidencia visible y no una promesa abstracta.",pendiente de auditoría
NV-02-07,Navigation,"estructura, orientación y descubrimiento",audience,alto,"En estructura, orientación y descubrimiento, comprobar que la decisión sirve al público objetivo y al contexto de uso. Variante 7: el caso debe tener evidencia visible y no una promesa abstracta.",pendiente de auditoría
NV-02-08,Navigation,"estructura, orientación y descubrimiento",audience,alto,"En estructura, orientación y descubrimiento, comprobar que la decisión sirve al público objetivo y al contexto de uso. Variante 8: el caso debe tener evidencia visible y no una promesa abstracta.",pendiente de auditoría
NV-02-09,Navigation,"estructura, orientación y descubrimiento",audience,alto,"En estructura, orientación y descubrimiento, comprobar que la decisión sirve al público objetivo y al contexto de uso. Variante 9: el caso debe tener evidencia visible y no una promesa abstracta.",pendiente de auditoría
NV-02-10,Navigation,"estructura, orientación y descubrimiento",audience,alto,"En estructura, orientación y descubrimiento, comprobar que la decisión sirve al público objetivo y al contexto de uso. Variante 10: el caso debe tener evidencia visible y no una promesa abstracta.",pendiente de auditoría
NV-03-01,Navigation,"estructura, orientación y descubrimiento",hierarchy,alto,"En estructura, orientación y descubrimiento, comprobar que la jerarquía comunica lo importante antes de lo accesorio. Variante 1: el caso debe tener evidencia visible y no una promesa abstracta.",pendiente de auditoría
NV-03-02,Navigation,"estructura, orientación y descubrimiento",hierarchy,alto,"En estructura, orientación y descubrimiento, comprobar que la jerarquía comunica lo importante antes de lo accesorio. Variante 2: el caso debe tener evidencia visible y no una promesa abstracta.",pendiente de auditoría
NV-03-03,Navigation,"estructura, orientación y descubrimiento",hierarchy,alto,"En estructura, orientación y descubrimiento, comprobar que la jerarquía comunica lo importante antes de lo accesorio. Variante 3: el caso debe tener evidencia visible y no una promesa abstracta.",pendiente de auditoría
NV-03-04,Navigation,"estructura, orientación y descubrimiento",hierarchy,alto,"En estructura, orientación y descubrimiento, comprobar que la jerarquía comunica lo importante antes de lo accesorio. Variante 4: el caso debe tener evidencia visible y no una promesa abstracta.",pendiente de auditoría
NV-03-05,Navigation,"estructura, orientación y descubrimiento",hierarchy,alto,"En estructura, orientación y descubrimiento, comprobar que la jerarquía comunica lo importante antes de lo accesorio. Variante 5: el caso debe tener evidencia visible y no una promesa abstracta.",pendiente de auditoría
NV-03-06,Navigation,"estructura, orientación y descubrimiento",hierarchy,alto,"En estructura, orientación y descubrimiento, comprobar que la jerarquía comunica lo importante antes de lo accesorio. Variante 6: el caso debe tener evidencia visible y no una promesa abstracta.",pendiente de auditoría
NV-03-07,Navigation,"estructura, orientación y descubrimiento",hierarchy,alto,"En estructura, orientación y descubrimiento, comprobar que la jerarquía comunica lo importante antes de lo accesorio. Variante 7: el caso debe tener evidencia visible y no una promesa abstracta.",pendiente de auditoría
NV-03-08,Navigation,"estructura, orientación y descubrimiento",hierarchy,alto,"En estructura, orientación y descubrimiento, comprobar que la jerarquía comunica lo importante antes de lo accesorio. Variante 8: el caso debe tener evidencia visible y no una promesa abstracta.",pendiente de auditoría
NV-03-09,Navigation,"estructura, orientación y descubrimiento",hierarchy,alto,"En estructura, orientación y descubrimiento, comprobar que la jerarquía comunica lo importante antes de lo accesorio. Variante 9: el caso debe tener evidencia visible y no una promesa abstracta.",pendiente de auditoría
NV-03-10,Navigation,"estructura, orientación y descubrimiento",hierarchy,alto,"En estructura, orientación y descubrimiento, comprobar que la jerarquía comunica lo importante antes de lo accesorio. Variante 10: el caso debe tener evidencia visible y no una promesa abstracta.",pendiente de auditoría
NV-04-01,Navigation,"estructura, orientación y descubrimiento",coherence,alto,"En estructura, orientación y descubrimiento, comprobar que la ejecución mantiene coherencia con el sistema visual completo. Variante 1: el caso debe tener evidencia visible y no una promesa abstracta.",pendiente de auditoría
NV-04-02,Navigation,"estructura, orientación y descubrimiento",coherence,alto,"En estructura, orientación y descubrimiento, comprobar que la ejecución mantiene coherencia con el sistema visual completo. Variante 2: el caso debe tener evidencia visible y no una promesa abstracta.",pendiente de auditoría
NV-04-03,Navigation,"estructura, orientación y descubrimiento",coherence,alto,"En estructura, orientación y descubrimiento, comprobar que la ejecución mantiene coherencia con el sistema visual completo. Variante 3: el caso debe tener evidencia visible y no una promesa abstracta.",pendiente de auditoría
NV-04-04,Navigation,"estructura, orientación y descubrimiento",coherence,alto,"En estructura, orientación y descubrimiento, comprobar que la ejecución mantiene coherencia con el sistema visual completo. Variante 4: el caso debe tener evidencia visible y no una promesa abstracta.",pendiente de auditoría
NV-04-05,Navigation,"estructura, orientación y descubrimiento",coherence,alto,"En estructura, orientación y descubrimiento, comprobar que la ejecución mantiene coherencia con el sistema visual completo. Variante 5: el caso debe tener evidencia visible y no una promesa abstracta.",pendiente de auditoría
NV-04-06,Navigation,"estructura, orientación y descubrimiento",coherence,alto,"En estructura, orientación y descubrimiento, comprobar que la ejecución mantiene coherencia con el sistema visual completo. Variante 6: el caso debe tener evidencia visible y no una promesa abstracta.",pendiente de auditoría
NV-04-07,Navigation,"estructura, orientación y descubrimiento",coherence,alto,"En estructura, orientación y descubrimiento, comprobar que la ejecución mantiene coherencia con el sistema visual completo. Variante 7: el caso debe tener evidencia visible y no una promesa abstracta.",pendiente de auditoría
NV-04-08,Navigation,"estructura, orientación y descubrimiento",coherence,alto,"En estructura, orientación y descubrimiento, comprobar que la ejecución mantiene coherencia con el sistema visual completo. Variante 8: el caso debe tener evidencia visible y no una promesa abstracta.",pendiente de auditoría
NV-04-09,Navigation,"estructura, orientación y descubrimiento",coherence,alto,"En estructura, orientación y descubrimiento, comprobar que la ejecución mantiene coherencia con el sistema visual completo. Variante 9: el caso debe tener evidencia visible y no una promesa abstracta.",pendiente de auditoría
NV-04-10,Navigation,"estructura, orientación y descubrimiento",coherence,alto,"En estructura, orientación y descubrimiento, comprobar que la ejecución mantiene coherencia con el sistema visual completo. Variante 10: el caso debe tener evidencia visible y no una promesa abstracta.",pendiente de auditoría
NV-05-01,Navigation,"estructura, orientación y descubrimiento",inclusion,crítico,"En estructura, orientación y descubrimiento, comprobar que la experiencia funciona sin depender de una única capacidad sensorial. Variante 1: el caso debe tener evidencia visible y no una promesa abstracta.",pendiente de auditoría
NV-05-02,Navigation,"estructura, orientación y descubrimiento",inclusion,crítico,"En estructura, orientación y descubrimiento, comprobar que la experiencia funciona sin depender de una única capacidad sensorial. Variante 2: el caso debe tener evidencia visible y no una promesa abstracta.",pendiente de auditoría
NV-05-03,Navigation,"estructura, orientación y descubrimiento",inclusion,crítico,"En estructura, orientación y descubrimiento, comprobar que la experiencia funciona sin depender de una única capacidad sensorial. Variante 3: el caso debe tener evidencia visible y no una promesa abstracta.",pendiente de auditoría
NV-05-04,Navigation,"estructura, orientación y descubrimiento",inclusion,crítico,"En estructura, orientación y descubrimiento, comprobar que la experiencia funciona sin depender de una única capacidad sensorial. Variante 4: el caso debe tener evidencia visible y no una promesa abstracta.",pendiente de auditoría
NV-05-05,Navigation,"estructura, orientación y descubrimiento",inclusion,crítico,"En estructura, orientación y descubrimiento, comprobar que la experiencia funciona sin depender de una única capacidad sensorial. Variante 5: el caso debe tener evidencia visible y no una promesa abstracta.",pendiente de auditoría
NV-05-06,Navigation,"estructura, orientación y descubrimiento",inclusion,crítico,"En estructura, orientación y descubrimiento, comprobar que la experiencia funciona sin depender de una única capacidad sensorial. Variante 6: el caso debe tener evidencia visible y no una promesa abstracta.",pendiente de auditoría
NV-05-07,Navigation,"estructura, orientación y descubrimiento",inclusion,crítico,"En estructura, orientación y descubrimiento, comprobar que la experiencia funciona sin depender de una única capacidad sensorial. Variante 7: el caso debe tener evidencia visible y no una promesa abstracta.",pendiente de auditoría
NV-05-08,Navigation,"estructura, orientación y descubrimiento",inclusion,crítico,"En estructura, orientación y descubrimiento, comprobar que la experiencia funciona sin depender de una única capacidad sensorial. Variante 8: el caso debe tener evidencia visible y no una promesa abstracta.",pendiente de auditoría
NV-05-09,Navigation,"estructura, orientación y descubrimiento",inclusion,crítico,"En estructura, orientación y descubrimiento, comprobar que la experiencia funciona sin depender de una única capacidad sensorial. Variante 9: el caso debe tener evidencia visible y no una promesa abstracta.",pendiente de auditoría
NV-05-10,Navigation,"estructura, orientación y descubrimiento",inclusion,crítico,"En estructura, orientación y descubrimiento, comprobar que la experiencia funciona sin depender de una única capacidad sensorial. Variante 10: el caso debe tener evidencia visible y no una promesa abstracta.",pendiente de auditoría
NV-06-01,Navigation,"estructura, orientación y descubrimiento",feedback,alto,"En estructura, orientación y descubrimiento, comprobar que la respuesta del sistema es clara, reversible y observable. Variante 1: el caso debe tener evidencia visible y no una promesa abstracta.",pendiente de auditoría
NV-06-02,Navigation,"estructura, orientación y descubrimiento",feedback,alto,"En estructura, orientación y descubrimiento, comprobar que la respuesta del sistema es clara, reversible y observable. Variante 2: el caso debe tener evidencia visible y no una promesa abstracta.",pendiente de auditoría
NV-06-03,Navigation,"estructura, orientación y descubrimiento",feedback,alto,"En estructura, orientación y descubrimiento, comprobar que la respuesta del sistema es clara, reversible y observable. Variante 3: el caso debe tener evidencia visible y no una promesa abstracta.",pendiente de auditoría
NV-06-04,Navigation,"estructura, orientación y descubrimiento",feedback,alto,"En estructura, orientación y descubrimiento, comprobar que la respuesta del sistema es clara, reversible y observable. Variante 4: el caso debe tener evidencia visible y no una promesa abstracta.",pendiente de auditoría
NV-06-05,Navigation,"estructura, orientación y descubrimiento",feedback,alto,"En estructura, orientación y descubrimiento, comprobar que la respuesta del sistema es clara, reversible y observable. Variante 5: el caso debe tener evidencia visible y no una promesa abstracta.",pendiente de auditoría
NV-06-06,Navigation,"estructura, orientación y descubrimiento",feedback,alto,"En estructura, orientación y descubrimiento, comprobar que la respuesta del sistema es clara, reversible y observable. Variante 6: el caso debe tener evidencia visible y no una promesa abstracta.",pendiente de auditoría
NV-06-07,Navigation,"estructura, orientación y descubrimiento",feedback,alto,"En estructura, orientación y descubrimiento, comprobar que la respuesta del sistema es clara, reversible y observable. Variante 7: el caso debe tener evidencia visible y no una promesa abstracta.",pendiente de auditoría
NV-06-08,Navigation,"estructura, orientación y descubrimiento",feedback,alto,"En estructura, orientación y descubrimiento, comprobar que la respuesta del sistema es clara, reversible y observable. Variante 8: el caso debe tener evidencia visible y no una promesa abstracta.",pendiente de auditoría
NV-06-09,Navigation,"estructura, orientación y descubrimiento",feedback,alto,"En estructura, orientación y descubrimiento, comprobar que la respuesta del sistema es clara, reversible y observable. Variante 9: el caso debe tener evidencia visible y no una promesa abstracta.",pendiente de auditoría
NV-06-10,Navigation,"estructura, orientación y descubrimiento",feedback,alto,"En estructura, orientación y descubrimiento, comprobar que la respuesta del sistema es clara, reversible y observable. Variante 10: el caso debe tener evidencia visible y no una promesa abstracta.",pendiente de auditoría
NV-07-01,Navigation,"estructura, orientación y descubrimiento",performance,crítico,"En estructura, orientación y descubrimiento, comprobar que la decisión conserva rendimiento y no añade fricción innecesaria. Variante 1: el caso debe tener evidencia visible y no una promesa abstracta.",pendiente de auditoría
NV-07-02,Navigation,"estructura, orientación y descubrimiento",performance,crítico,"En estructura, orientación y descubrimiento, comprobar que la decisión conserva rendimiento y no añade fricción innecesaria. Variante 2: el caso debe tener evidencia visible y no una promesa abstracta.",pendiente de auditoría
NV-07-03,Navigation,"estructura, orientación y descubrimiento",performance,crítico,"En estructura, orientación y descubrimiento, comprobar que la decisión conserva rendimiento y no añade fricción innecesaria. Variante 3: el caso debe tener evidencia visible y no una promesa abstracta.",pendiente de auditoría
NV-07-04,Navigation,"estructura, orientación y descubrimiento",performance,crítico,"En estructura, orientación y descubrimiento, comprobar que la decisión conserva rendimiento y no añade fricción innecesaria. Variante 4: el caso debe tener evidencia visible y no una promesa abstracta.",pendiente de auditoría
NV-07-05,Navigation,"estructura, orientación y descubrimiento",performance,crítico,"En estructura, orientación y descubrimiento, comprobar que la decisión conserva rendimiento y no añade fricción innecesaria. Variante 5: el caso debe tener evidencia visible y no una promesa abstracta.",pendiente de auditoría
NV-07-06,Navigation,"estructura, orientación y descubrimiento",performance,crítico,"En estructura, orientación y descubrimiento, comprobar que la decisión conserva rendimiento y no añade fricción innecesaria. Variante 6: el caso debe tener evidencia visible y no una promesa abstracta.",pendiente de auditoría
NV-07-07,Navigation,"estructura, orientación y descubrimiento",performance,crítico,"En estructura, orientación y descubrimiento, comprobar que la decisión conserva rendimiento y no añade fricción innecesaria. Variante 7: el caso debe tener evidencia visible y no una promesa abstracta.",pendiente de auditoría
NV-07-08,Navigation,"estructura, orientación y descubrimiento",performance,crítico,"En estructura, orientación y descubrimiento, comprobar que la decisión conserva rendimiento y no añade fricción innecesaria. Variante 8: el caso debe tener evidencia visible y no una promesa abstracta.",pendiente de auditoría
NV-07-09,Navigation,"estructura, orientación y descubrimiento",performance,crítico,"En estructura, orientación y descubrimiento, comprobar que la decisión conserva rendimiento y no añade fricción innecesaria. Variante 9: el caso debe tener evidencia visible y no una promesa abstracta.",pendiente de auditoría
NV-07-10,Navigation,"estructura, orientación y descubrimiento",performance,crítico,"En estructura, orientación y descubrimiento, comprobar que la decisión conserva rendimiento y no añade fricción innecesaria. Variante 10: el caso debe tener evidencia visible y no una promesa abstracta.",pendiente de auditoría
NV-08-01,Navigation,"estructura, orientación y descubrimiento",responsive,crítico,"En estructura, orientación y descubrimiento, comprobar que la implementación se comporta correctamente en distintos tamaños. Variante 1: el caso debe tener evidencia visible y no una promesa abstracta.",pendiente de auditoría
NV-08-02,Navigation,"estructura, orientación y descubrimiento",responsive,crítico,"En estructura, orientación y descubrimiento, comprobar que la implementación se comporta correctamente en distintos tamaños. Variante 2: el caso debe tener evidencia visible y no una promesa abstracta.",pendiente de auditoría
NV-08-03,Navigation,"estructura, orientación y descubrimiento",responsive,crítico,"En estructura, orientación y descubrimiento, comprobar que la implementación se comporta correctamente en distintos tamaños. Variante 3: el caso debe tener evidencia visible y no una promesa abstracta.",pendiente de auditoría
NV-08-04,Navigation,"estructura, orientación y descubrimiento",responsive,crítico,"En estructura, orientación y descubrimiento, comprobar que la implementación se comporta correctamente en distintos tamaños. Variante 4: el caso debe tener evidencia visible y no una promesa abstracta.",pendiente de auditoría
NV-08-05,Navigation,"estructura, orientación y descubrimiento",responsive,crítico,"En estructura, orientación y descubrimiento, comprobar que la implementación se comporta correctamente en distintos tamaños. Variante 5: el caso debe tener evidencia visible y no una promesa abstracta.",pendiente de auditoría
NV-08-06,Navigation,"estructura, orientación y descubrimiento",responsive,crítico,"En estructura, orientación y descubrimiento, comprobar que la implementación se comporta correctamente en distintos tamaños. Variante 6: el caso debe tener evidencia visible y no una promesa abstracta.",pendiente de auditoría
NV-08-07,Navigation,"estructura, orientación y descubrimiento",responsive,crítico,"En estructura, orientación y descubrimiento, comprobar que la implementación se comporta correctamente en distintos tamaños. Variante 7: el caso debe tener evidencia visible y no una promesa abstracta.",pendiente de auditoría
NV-08-08,Navigation,"estructura, orientación y descubrimiento",responsive,crítico,"En estructura, orientación y descubrimiento, comprobar que la implementación se comporta correctamente en distintos tamaños. Variante 8: el caso debe tener evidencia visible y no una promesa abstracta.",pendiente de auditoría
NV-08-09,Navigation,"estructura, orientación y descubrimiento",responsive,crítico,"En estructura, orientación y descubrimiento, comprobar que la implementación se comporta correctamente en distintos tamaños. Variante 9: el caso debe tener evidencia visible y no una promesa abstracta.",pendiente de auditoría
NV-08-10,Navigation,"estructura, orientación y descubrimiento",responsive,crítico,"En estructura, orientación y descubrimiento, comprobar que la implementación se comporta correctamente en distintos tamaños. Variante 10: el caso debe tener evidencia visible y no una promesa abstracta.",pendiente de auditoría
NV-09-01,Navigation,"estructura, orientación y descubrimiento",distinctiveness,alto,"En estructura, orientación y descubrimiento, comprobar que la solución es suficientemente propia para ser recordada y defendida. Variante 1: el caso debe tener evidencia visible y no una promesa abstracta.",pendiente de auditoría
NV-09-02,Navigation,"estructura, orientación y descubrimiento",distinctiveness,alto,"En estructura, orientación y descubrimiento, comprobar que la solución es suficientemente propia para ser recordada y defendida. Variante 2: el caso debe tener evidencia visible y no una promesa abstracta.",pendiente de auditoría
NV-09-03,Navigation,"estructura, orientación y descubrimiento",distinctiveness,alto,"En estructura, orientación y descubrimiento, comprobar que la solución es suficientemente propia para ser recordada y defendida. Variante 3: el caso debe tener evidencia visible y no una promesa abstracta.",pendiente de auditoría
NV-09-04,Navigation,"estructura, orientación y descubrimiento",distinctiveness,alto,"En estructura, orientación y descubrimiento, comprobar que la solución es suficientemente propia para ser recordada y defendida. Variante 4: el caso debe tener evidencia visible y no una promesa abstracta.",pendiente de auditoría
NV-09-05,Navigation,"estructura, orientación y descubrimiento",distinctiveness,alto,"En estructura, orientación y descubrimiento, comprobar que la solución es suficientemente propia para ser recordada y defendida. Variante 5: el caso debe tener evidencia visible y no una promesa abstracta.",pendiente de auditoría
NV-09-06,Navigation,"estructura, orientación y descubrimiento",distinctiveness,alto,"En estructura, orientación y descubrimiento, comprobar que la solución es suficientemente propia para ser recordada y defendida. Variante 6: el caso debe tener evidencia visible y no una promesa abstracta.",pendiente de auditoría
NV-09-07,Navigation,"estructura, orientación y descubrimiento",distinctiveness,alto,"En estructura, orientación y descubrimiento, comprobar que la solución es suficientemente propia para ser recordada y defendida. Variante 7: el caso debe tener evidencia visible y no una promesa abstracta.",pendiente de auditoría
NV-09-08,Navigation,"estructura, orientación y descubrimiento",distinctiveness,alto,"En estructura, orientación y descubrimiento, comprobar que la solución es suficientemente propia para ser recordada y defendida. Variante 8: el caso debe tener evidencia visible y no una promesa abstracta.",pendiente de auditoría
NV-09-09,Navigation,"estructura, orientación y descubrimiento",distinctiveness,alto,"En estructura, orientación y descubrimiento, comprobar que la solución es suficientemente propia para ser recordada y defendida. Variante 9: el caso debe tener evidencia visible y no una promesa abstracta.",pendiente de auditoría
NV-09-10,Navigation,"estructura, orientación y descubrimiento",distinctiveness,alto,"En estructura, orientación y descubrimiento, comprobar que la solución es suficientemente propia para ser recordada y defendida. Variante 10: el caso debe tener evidencia visible y no una promesa abstracta.",pendiente de auditoría
NV-10-01,Navigation,"estructura, orientación y descubrimiento",verification,crítico,"En estructura, orientación y descubrimiento, comprobar que el resultado puede validarse con una prueba concreta antes de publicarse. Variante 1: el caso debe tener evidencia visible y no una promesa abstracta.",pendiente de auditoría
NV-10-02,Navigation,"estructura, orientación y descubrimiento",verification,crítico,"En estructura, orientación y descubrimiento, comprobar que el resultado puede validarse con una prueba concreta antes de publicarse. Variante 2: el caso debe tener evidencia visible y no una promesa abstracta.",pendiente de auditoría
NV-10-03,Navigation,"estructura, orientación y descubrimiento",verification,crítico,"En estructura, orientación y descubrimiento, comprobar que el resultado puede validarse con una prueba concreta antes de publicarse. Variante 3: el caso debe tener evidencia visible y no una promesa abstracta.",pendiente de auditoría
NV-10-04,Navigation,"estructura, orientación y descubrimiento",verification,crítico,"En estructura, orientación y descubrimiento, comprobar que el resultado puede validarse con una prueba concreta antes de publicarse. Variante 4: el caso debe tener evidencia visible y no una promesa abstracta.",pendiente de auditoría
NV-10-05,Navigation,"estructura, orientación y descubrimiento",verification,crítico,"En estructura, orientación y descubrimiento, comprobar que el resultado puede validarse con una prueba concreta antes de publicarse. Variante 5: el caso debe tener evidencia visible y no una promesa abstracta.",pendiente de auditoría
NV-10-06,Navigation,"estructura, orientación y descubrimiento",verification,crítico,"En estructura, orientación y descubrimiento, comprobar que el resultado puede validarse con una prueba concreta antes de publicarse. Variante 6: el caso debe tener evidencia visible y no una promesa abstracta.",pendiente de auditoría
NV-10-07,Navigation,"estructura, orientación y descubrimiento",verification,crítico,"En estructura, orientación y descubrimiento, comprobar que el resultado puede validarse con una prueba concreta antes de publicarse. Variante 7: el caso debe tener evidencia visible y no una promesa abstracta.",pendiente de auditoría
NV-10-08,Navigation,"estructura, orientación y descubrimiento",verification,crítico,"En estructura, orientación y descubrimiento, comprobar que el resultado puede validarse con una prueba concreta antes de publicarse. Variante 8: el caso debe tener evidencia visible y no una promesa abstracta.",pendiente de auditoría
NV-10-09,Navigation,"estructura, orientación y descubrimiento",verification,crítico,"En estructura, orientación y descubrimiento, comprobar que el resultado puede validarse con una prueba concreta antes de publicarse. Variante 9: el caso debe tener evidencia visible y no una promesa abstracta.",pendiente de auditoría
NV-10-10,Navigation,"estructura, orientación y descubrimiento",verification,crítico,"En estructura, orientación y descubrimiento, comprobar que el resultado puede validarse con una prueba concreta antes de publicarse. Variante 10: el caso debe tener evidencia visible y no una promesa abstracta.",pendiente de auditoría
CT-01-01,Content,"contenido, voz y claridad",intent,estratégico,"En contenido, voz y claridad, comprobar que existe una intención verificable y no solo una decisión ornamental. Variante 1: el caso debe tener evidencia visible y no una promesa abstracta.",pendiente de auditoría
CT-01-02,Content,"contenido, voz y claridad",intent,estratégico,"En contenido, voz y claridad, comprobar que existe una intención verificable y no solo una decisión ornamental. Variante 2: el caso debe tener evidencia visible y no una promesa abstracta.",pendiente de auditoría
CT-01-03,Content,"contenido, voz y claridad",intent,estratégico,"En contenido, voz y claridad, comprobar que existe una intención verificable y no solo una decisión ornamental. Variante 3: el caso debe tener evidencia visible y no una promesa abstracta.",pendiente de auditoría
CT-01-04,Content,"contenido, voz y claridad",intent,estratégico,"En contenido, voz y claridad, comprobar que existe una intención verificable y no solo una decisión ornamental. Variante 4: el caso debe tener evidencia visible y no una promesa abstracta.",pendiente de auditoría
CT-01-05,Content,"contenido, voz y claridad",intent,estratégico,"En contenido, voz y claridad, comprobar que existe una intención verificable y no solo una decisión ornamental. Variante 5: el caso debe tener evidencia visible y no una promesa abstracta.",pendiente de auditoría
CT-01-06,Content,"contenido, voz y claridad",intent,estratégico,"En contenido, voz y claridad, comprobar que existe una intención verificable y no solo una decisión ornamental. Variante 6: el caso debe tener evidencia visible y no una promesa abstracta.",pendiente de auditoría
CT-01-07,Content,"contenido, voz y claridad",intent,estratégico,"En contenido, voz y claridad, comprobar que existe una intención verificable y no solo una decisión ornamental. Variante 7: el caso debe tener evidencia visible y no una promesa abstracta.",pendiente de auditoría
CT-01-08,Content,"contenido, voz y claridad",intent,estratégico,"En contenido, voz y claridad, comprobar que existe una intención verificable y no solo una decisión ornamental. Variante 8: el caso debe tener evidencia visible y no una promesa abstracta.",pendiente de auditoría
CT-01-09,Content,"contenido, voz y claridad",intent,estratégico,"En contenido, voz y claridad, comprobar que existe una intención verificable y no solo una decisión ornamental. Variante 9: el caso debe tener evidencia visible y no una promesa abstracta.",pendiente de auditoría
CT-01-10,Content,"contenido, voz y claridad",intent,estratégico,"En contenido, voz y claridad, comprobar que existe una intención verificable y no solo una decisión ornamental. Variante 10: el caso debe tener evidencia visible y no una promesa abstracta.",pendiente de auditoría
CT-02-01,Content,"contenido, voz y claridad",audience,alto,"En contenido, voz y claridad, comprobar que la decisión sirve al público objetivo y al contexto de uso. Variante 1: el caso debe tener evidencia visible y no una promesa abstracta.",pendiente de auditoría
CT-02-02,Content,"contenido, voz y claridad",audience,alto,"En contenido, voz y claridad, comprobar que la decisión sirve al público objetivo y al contexto de uso. Variante 2: el caso debe tener evidencia visible y no una promesa abstracta.",pendiente de auditoría
CT-02-03,Content,"contenido, voz y claridad",audience,alto,"En contenido, voz y claridad, comprobar que la decisión sirve al público objetivo y al contexto de uso. Variante 3: el caso debe tener evidencia visible y no una promesa abstracta.",pendiente de auditoría
CT-02-04,Content,"contenido, voz y claridad",audience,alto,"En contenido, voz y claridad, comprobar que la decisión sirve al público objetivo y al contexto de uso. Variante 4: el caso debe tener evidencia visible y no una promesa abstracta.",pendiente de auditoría
CT-02-05,Content,"contenido, voz y claridad",audience,alto,"En contenido, voz y claridad, comprobar que la decisión sirve al público objetivo y al contexto de uso. Variante 5: el caso debe tener evidencia visible y no una promesa abstracta.",pendiente de auditoría
CT-02-06,Content,"contenido, voz y claridad",audience,alto,"En contenido, voz y claridad, comprobar que la decisión sirve al público objetivo y al contexto de uso. Variante 6: el caso debe tener evidencia visible y no una promesa abstracta.",pendiente de auditoría
CT-02-07,Content,"contenido, voz y claridad",audience,alto,"En contenido, voz y claridad, comprobar que la decisión sirve al público objetivo y al contexto de uso. Variante 7: el caso debe tener evidencia visible y no una promesa abstracta.",pendiente de auditoría
CT-02-08,Content,"contenido, voz y claridad",audience,alto,"En contenido, voz y claridad, comprobar que la decisión sirve al público objetivo y al contexto de uso. Variante 8: el caso debe tener evidencia visible y no una promesa abstracta.",pendiente de auditoría
CT-02-09,Content,"contenido, voz y claridad",audience,alto,"En contenido, voz y claridad, comprobar que la decisión sirve al público objetivo y al contexto de uso. Variante 9: el caso debe tener evidencia visible y no una promesa abstracta.",pendiente de auditoría
CT-02-10,Content,"contenido, voz y claridad",audience,alto,"En contenido, voz y claridad, comprobar que la decisión sirve al público objetivo y al contexto de uso. Variante 10: el caso debe tener evidencia visible y no una promesa abstracta.",pendiente de auditoría
CT-03-01,Content,"contenido, voz y claridad",hierarchy,alto,"En contenido, voz y claridad, comprobar que la jerarquía comunica lo importante antes de lo accesorio. Variante 1: el caso debe tener evidencia visible y no una promesa abstracta.",pendiente de auditoría
CT-03-02,Content,"contenido, voz y claridad",hierarchy,alto,"En contenido, voz y claridad, comprobar que la jerarquía comunica lo importante antes de lo accesorio. Variante 2: el caso debe tener evidencia visible y no una promesa abstracta.",pendiente de auditoría
CT-03-03,Content,"contenido, voz y claridad",hierarchy,alto,"En contenido, voz y claridad, comprobar que la jerarquía comunica lo importante antes de lo accesorio. Variante 3: el caso debe tener evidencia visible y no una promesa abstracta.",pendiente de auditoría
CT-03-04,Content,"contenido, voz y claridad",hierarchy,alto,"En contenido, voz y claridad, comprobar que la jerarquía comunica lo importante antes de lo accesorio. Variante 4: el caso debe tener evidencia visible y no una promesa abstracta.",pendiente de auditoría
CT-03-05,Content,"contenido, voz y claridad",hierarchy,alto,"En contenido, voz y claridad, comprobar que la jerarquía comunica lo importante antes de lo accesorio. Variante 5: el caso debe tener evidencia visible y no una promesa abstracta.",pendiente de auditoría
CT-03-06,Content,"contenido, voz y claridad",hierarchy,alto,"En contenido, voz y claridad, comprobar que la jerarquía comunica lo importante antes de lo accesorio. Variante 6: el caso debe tener evidencia visible y no una promesa abstracta.",pendiente de auditoría
CT-03-07,Content,"contenido, voz y claridad",hierarchy,alto,"En contenido, voz y claridad, comprobar que la jerarquía comunica lo importante antes de lo accesorio. Variante 7: el caso debe tener evidencia visible y no una promesa abstracta.",pendiente de auditoría
CT-03-08,Content,"contenido, voz y claridad",hierarchy,alto,"En contenido, voz y claridad, comprobar que la jerarquía comunica lo importante antes de lo accesorio. Variante 8: el caso debe tener evidencia visible y no una promesa abstracta.",pendiente de auditoría
CT-03-09,Content,"contenido, voz y claridad",hierarchy,alto,"En contenido, voz y claridad, comprobar que la jerarquía comunica lo importante antes de lo accesorio. Variante 9: el caso debe tener evidencia visible y no una promesa abstracta.",pendiente de auditoría
CT-03-10,Content,"contenido, voz y claridad",hierarchy,alto,"En contenido, voz y claridad, comprobar que la jerarquía comunica lo importante antes de lo accesorio. Variante 10: el caso debe tener evidencia visible y no una promesa abstracta.",pendiente de auditoría
CT-04-01,Content,"contenido, voz y claridad",coherence,alto,"En contenido, voz y claridad, comprobar que la ejecución mantiene coherencia con el sistema visual completo. Variante 1: el caso debe tener evidencia visible y no una promesa abstracta.",pendiente de auditoría
CT-04-02,Content,"contenido, voz y claridad",coherence,alto,"En contenido, voz y claridad, comprobar que la ejecución mantiene coherencia con el sistema visual completo. Variante 2: el caso debe tener evidencia visible y no una promesa abstracta.",pendiente de auditoría
CT-04-03,Content,"contenido, voz y claridad",coherence,alto,"En contenido, voz y claridad, comprobar que la ejecución mantiene coherencia con el sistema visual completo. Variante 3: el caso debe tener evidencia visible y no una promesa abstracta.",pendiente de auditoría
CT-04-04,Content,"contenido, voz y claridad",coherence,alto,"En contenido, voz y claridad, comprobar que la ejecución mantiene coherencia con el sistema visual completo. Variante 4: el caso debe tener evidencia visible y no una promesa abstracta.",pendiente de auditoría
CT-04-05,Content,"contenido, voz y claridad",coherence,alto,"En contenido, voz y claridad, comprobar que la ejecución mantiene coherencia con el sistema visual completo. Variante 5: el caso debe tener evidencia visible y no una promesa abstracta.",pendiente de auditoría
CT-04-06,Content,"contenido, voz y claridad",coherence,alto,"En contenido, voz y claridad, comprobar que la ejecución mantiene coherencia con el sistema visual completo. Variante 6: el caso debe tener evidencia visible y no una promesa abstracta.",pendiente de auditoría
CT-04-07,Content,"contenido, voz y claridad",coherence,alto,"En contenido, voz y claridad, comprobar que la ejecución mantiene coherencia con el sistema visual completo. Variante 7: el caso debe tener evidencia visible y no una promesa abstracta.",pendiente de auditoría
CT-04-08,Content,"contenido, voz y claridad",coherence,alto,"En contenido, voz y claridad, comprobar que la ejecución mantiene coherencia con el sistema visual completo. Variante 8: el caso debe tener evidencia visible y no una promesa abstracta.",pendiente de auditoría
CT-04-09,Content,"contenido, voz y claridad",coherence,alto,"En contenido, voz y claridad, comprobar que la ejecución mantiene coherencia con el sistema visual completo. Variante 9: el caso debe tener evidencia visible y no una promesa abstracta.",pendiente de auditoría
CT-04-10,Content,"contenido, voz y claridad",coherence,alto,"En contenido, voz y claridad, comprobar que la ejecución mantiene coherencia con el sistema visual completo. Variante 10: el caso debe tener evidencia visible y no una promesa abstracta.",pendiente de auditoría
CT-05-01,Content,"contenido, voz y claridad",inclusion,crítico,"En contenido, voz y claridad, comprobar que la experiencia funciona sin depender de una única capacidad sensorial. Variante 1: el caso debe tener evidencia visible y no una promesa abstracta.",pendiente de auditoría
CT-05-02,Content,"contenido, voz y claridad",inclusion,crítico,"En contenido, voz y claridad, comprobar que la experiencia funciona sin depender de una única capacidad sensorial. Variante 2: el caso debe tener evidencia visible y no una promesa abstracta.",pendiente de auditoría
CT-05-03,Content,"contenido, voz y claridad",inclusion,crítico,"En contenido, voz y claridad, comprobar que la experiencia funciona sin depender de una única capacidad sensorial. Variante 3: el caso debe tener evidencia visible y no una promesa abstracta.",pendiente de auditoría
CT-05-04,Content,"contenido, voz y claridad",inclusion,crítico,"En contenido, voz y claridad, comprobar que la experiencia funciona sin depender de una única capacidad sensorial. Variante 4: el caso debe tener evidencia visible y no una promesa abstracta.",pendiente de auditoría
CT-05-05,Content,"contenido, voz y claridad",inclusion,crítico,"En contenido, voz y claridad, comprobar que la experiencia funciona sin depender de una única capacidad sensorial. Variante 5: el caso debe tener evidencia visible y no una promesa abstracta.",pendiente de auditoría
CT-05-06,Content,"contenido, voz y claridad",inclusion,crítico,"En contenido, voz y claridad, comprobar que la experiencia funciona sin depender de una única capacidad sensorial. Variante 6: el caso debe tener evidencia visible y no una promesa abstracta.",pendiente de auditoría
CT-05-07,Content,"contenido, voz y claridad",inclusion,crítico,"En contenido, voz y claridad, comprobar que la experiencia funciona sin depender de una única capacidad sensorial. Variante 7: el caso debe tener evidencia visible y no una promesa abstracta.",pendiente de auditoría
CT-05-08,Content,"contenido, voz y claridad",inclusion,crítico,"En contenido, voz y claridad, comprobar que la experiencia funciona sin depender de una única capacidad sensorial. Variante 8: el caso debe tener evidencia visible y no una promesa abstracta.",pendiente de auditoría
CT-05-09,Content,"contenido, voz y claridad",inclusion,crítico,"En contenido, voz y claridad, comprobar que la experiencia funciona sin depender de una única capacidad sensorial. Variante 9: el caso debe tener evidencia visible y no una promesa abstracta.",pendiente de auditoría
CT-05-10,Content,"contenido, voz y claridad",inclusion,crítico,"En contenido, voz y claridad, comprobar que la experiencia funciona sin depender de una única capacidad sensorial. Variante 10: el caso debe tener evidencia visible y no una promesa abstracta.",pendiente de auditoría
CT-06-01,Content,"contenido, voz y claridad",feedback,alto,"En contenido, voz y claridad, comprobar que la respuesta del sistema es clara, reversible y observable. Variante 1: el caso debe tener evidencia visible y no una promesa abstracta.",pendiente de auditoría
CT-06-02,Content,"contenido, voz y claridad",feedback,alto,"En contenido, voz y claridad, comprobar que la respuesta del sistema es clara, reversible y observable. Variante 2: el caso debe tener evidencia visible y no una promesa abstracta.",pendiente de auditoría
CT-06-03,Content,"contenido, voz y claridad",feedback,alto,"En contenido, voz y claridad, comprobar que la respuesta del sistema es clara, reversible y observable. Variante 3: el caso debe tener evidencia visible y no una promesa abstracta.",pendiente de auditoría
CT-06-04,Content,"contenido, voz y claridad",feedback,alto,"En contenido, voz y claridad, comprobar que la respuesta del sistema es clara, reversible y observable. Variante 4: el caso debe tener evidencia visible y no una promesa abstracta.",pendiente de auditoría
CT-06-05,Content,"contenido, voz y claridad",feedback,alto,"En contenido, voz y claridad, comprobar que la respuesta del sistema es clara, reversible y observable. Variante 5: el caso debe tener evidencia visible y no una promesa abstracta.",pendiente de auditoría
CT-06-06,Content,"contenido, voz y claridad",feedback,alto,"En contenido, voz y claridad, comprobar que la respuesta del sistema es clara, reversible y observable. Variante 6: el caso debe tener evidencia visible y no una promesa abstracta.",pendiente de auditoría
CT-06-07,Content,"contenido, voz y claridad",feedback,alto,"En contenido, voz y claridad, comprobar que la respuesta del sistema es clara, reversible y observable. Variante 7: el caso debe tener evidencia visible y no una promesa abstracta.",pendiente de auditoría
CT-06-08,Content,"contenido, voz y claridad",feedback,alto,"En contenido, voz y claridad, comprobar que la respuesta del sistema es clara, reversible y observable. Variante 8: el caso debe tener evidencia visible y no una promesa abstracta.",pendiente de auditoría
CT-06-09,Content,"contenido, voz y claridad",feedback,alto,"En contenido, voz y claridad, comprobar que la respuesta del sistema es clara, reversible y observable. Variante 9: el caso debe tener evidencia visible y no una promesa abstracta.",pendiente de auditoría
CT-06-10,Content,"contenido, voz y claridad",feedback,alto,"En contenido, voz y claridad, comprobar que la respuesta del sistema es clara, reversible y observable. Variante 10: el caso debe tener evidencia visible y no una promesa abstracta.",pendiente de auditoría
CT-07-01,Content,"contenido, voz y claridad",performance,crítico,"En contenido, voz y claridad, comprobar que la decisión conserva rendimiento y no añade fricción innecesaria. Variante 1: el caso debe tener evidencia visible y no una promesa abstracta.",pendiente de auditoría
CT-07-02,Content,"contenido, voz y claridad",performance,crítico,"En contenido, voz y claridad, comprobar que la decisión conserva rendimiento y no añade fricción innecesaria. Variante 2: el caso debe tener evidencia visible y no una promesa abstracta.",pendiente de auditoría
CT-07-03,Content,"contenido, voz y claridad",performance,crítico,"En contenido, voz y claridad, comprobar que la decisión conserva rendimiento y no añade fricción innecesaria. Variante 3: el caso debe tener evidencia visible y no una promesa abstracta.",pendiente de auditoría
CT-07-04,Content,"contenido, voz y claridad",performance,crítico,"En contenido, voz y claridad, comprobar que la decisión conserva rendimiento y no añade fricción innecesaria. Variante 4: el caso debe tener evidencia visible y no una promesa abstracta.",pendiente de auditoría
CT-07-05,Content,"contenido, voz y claridad",performance,crítico,"En contenido, voz y claridad, comprobar que la decisión conserva rendimiento y no añade fricción innecesaria. Variante 5: el caso debe tener evidencia visible y no una promesa abstracta.",pendiente de auditoría
CT-07-06,Content,"contenido, voz y claridad",performance,crítico,"En contenido, voz y claridad, comprobar que la decisión conserva rendimiento y no añade fricción innecesaria. Variante 6: el caso debe tener evidencia visible y no una promesa abstracta.",pendiente de auditoría
CT-07-07,Content,"contenido, voz y claridad",performance,crítico,"En contenido, voz y claridad, comprobar que la decisión conserva rendimiento y no añade fricción innecesaria. Variante 7: el caso debe tener evidencia visible y no una promesa abstracta.",pendiente de auditoría
CT-07-08,Content,"contenido, voz y claridad",performance,crítico,"En contenido, voz y claridad, comprobar que la decisión conserva rendimiento y no añade fricción innecesaria. Variante 8: el caso debe tener evidencia visible y no una promesa abstracta.",pendiente de auditoría
CT-07-09,Content,"contenido, voz y claridad",performance,crítico,"En contenido, voz y claridad, comprobar que la decisión conserva rendimiento y no añade fricción innecesaria. Variante 9: el caso debe tener evidencia visible y no una promesa abstracta.",pendiente de auditoría
CT-07-10,Content,"contenido, voz y claridad",performance,crítico,"En contenido, voz y claridad, comprobar que la decisión conserva rendimiento y no añade fricción innecesaria. Variante 10: el caso debe tener evidencia visible y no una promesa abstracta.",pendiente de auditoría
CT-08-01,Content,"contenido, voz y claridad",responsive,crítico,"En contenido, voz y claridad, comprobar que la implementación se comporta correctamente en distintos tamaños. Variante 1: el caso debe tener evidencia visible y no una promesa abstracta.",pendiente de auditoría
CT-08-02,Content,"contenido, voz y claridad",responsive,crítico,"En contenido, voz y claridad, comprobar que la implementación se comporta correctamente en distintos tamaños. Variante 2: el caso debe tener evidencia visible y no una promesa abstracta.",pendiente de auditoría
CT-08-03,Content,"contenido, voz y claridad",responsive,crítico,"En contenido, voz y claridad, comprobar que la implementación se comporta correctamente en distintos tamaños. Variante 3: el caso debe tener evidencia visible y no una promesa abstracta.",pendiente de auditoría
CT-08-04,Content,"contenido, voz y claridad",responsive,crítico,"En contenido, voz y claridad, comprobar que la implementación se comporta correctamente en distintos tamaños. Variante 4: el caso debe tener evidencia visible y no una promesa abstracta.",pendiente de auditoría
CT-08-05,Content,"contenido, voz y claridad",responsive,crítico,"En contenido, voz y claridad, comprobar que la implementación se comporta correctamente en distintos tamaños. Variante 5: el caso debe tener evidencia visible y no una promesa abstracta.",pendiente de auditoría
CT-08-06,Content,"contenido, voz y claridad",responsive,crítico,"En contenido, voz y claridad, comprobar que la implementación se comporta correctamente en distintos tamaños. Variante 6: el caso debe tener evidencia visible y no una promesa abstracta.",pendiente de auditoría
CT-08-07,Content,"contenido, voz y claridad",responsive,crítico,"En contenido, voz y claridad, comprobar que la implementación se comporta correctamente en distintos tamaños. Variante 7: el caso debe tener evidencia visible y no una promesa abstracta.",pendiente de auditoría
CT-08-08,Content,"contenido, voz y claridad",responsive,crítico,"En contenido, voz y claridad, comprobar que la implementación se comporta correctamente en distintos tamaños. Variante 8: el caso debe tener evidencia visible y no una promesa abstracta.",pendiente de auditoría
CT-08-09,Content,"contenido, voz y claridad",responsive,crítico,"En contenido, voz y claridad, comprobar que la implementación se comporta correctamente en distintos tamaños. Variante 9: el caso debe tener evidencia visible y no una promesa abstracta.",pendiente de auditoría
CT-08-10,Content,"contenido, voz y claridad",responsive,crítico,"En contenido, voz y claridad, comprobar que la implementación se comporta correctamente en distintos tamaños. Variante 10: el caso debe tener evidencia visible y no una promesa abstracta.",pendiente de auditoría
CT-09-01,Content,"contenido, voz y claridad",distinctiveness,alto,"En contenido, voz y claridad, comprobar que la solución es suficientemente propia para ser recordada y defendida. Variante 1: el caso debe tener evidencia visible y no una promesa abstracta.",pendiente de auditoría
CT-09-02,Content,"contenido, voz y claridad",distinctiveness,alto,"En contenido, voz y claridad, comprobar que la solución es suficientemente propia para ser recordada y defendida. Variante 2: el caso debe tener evidencia visible y no una promesa abstracta.",pendiente de auditoría
CT-09-03,Content,"contenido, voz y claridad",distinctiveness,alto,"En contenido, voz y claridad, comprobar que la solución es suficientemente propia para ser recordada y defendida. Variante 3: el caso debe tener evidencia visible y no una promesa abstracta.",pendiente de auditoría
CT-09-04,Content,"contenido, voz y claridad",distinctiveness,alto,"En contenido, voz y claridad, comprobar que la solución es suficientemente propia para ser recordada y defendida. Variante 4: el caso debe tener evidencia visible y no una promesa abstracta.",pendiente de auditoría
CT-09-05,Content,"contenido, voz y claridad",distinctiveness,alto,"En contenido, voz y claridad, comprobar que la solución es suficientemente propia para ser recordada y defendida. Variante 5: el caso debe tener evidencia visible y no una promesa abstracta.",pendiente de auditoría
CT-09-06,Content,"contenido, voz y claridad",distinctiveness,alto,"En contenido, voz y claridad, comprobar que la solución es suficientemente propia para ser recordada y defendida. Variante 6: el caso debe tener evidencia visible y no una promesa abstracta.",pendiente de auditoría
CT-09-07,Content,"contenido, voz y claridad",distinctiveness,alto,"En contenido, voz y claridad, comprobar que la solución es suficientemente propia para ser recordada y defendida. Variante 7: el caso debe tener evidencia visible y no una promesa abstracta.",pendiente de auditoría
CT-09-08,Content,"contenido, voz y claridad",distinctiveness,alto,"En contenido, voz y claridad, comprobar que la solución es suficientemente propia para ser recordada y defendida. Variante 8: el caso debe tener evidencia visible y no una promesa abstracta.",pendiente de auditoría
CT-09-09,Content,"contenido, voz y claridad",distinctiveness,alto,"En contenido, voz y claridad, comprobar que la solución es suficientemente propia para ser recordada y defendida. Variante 9: el caso debe tener evidencia visible y no una promesa abstracta.",pendiente de auditoría
CT-09-10,Content,"contenido, voz y claridad",distinctiveness,alto,"En contenido, voz y claridad, comprobar que la solución es suficientemente propia para ser recordada y defendida. Variante 10: el caso debe tener evidencia visible y no una promesa abstracta.",pendiente de auditoría
CT-10-01,Content,"contenido, voz y claridad",verification,crítico,"En contenido, voz y claridad, comprobar que el resultado puede validarse con una prueba concreta antes de publicarse. Variante 1: el caso debe tener evidencia visible y no una promesa abstracta.",pendiente de auditoría
CT-10-02,Content,"contenido, voz y claridad",verification,crítico,"En contenido, voz y claridad, comprobar que el resultado puede validarse con una prueba concreta antes de publicarse. Variante 2: el caso debe tener evidencia visible y no una promesa abstracta.",pendiente de auditoría
CT-10-03,Content,"contenido, voz y claridad",verification,crítico,"En contenido, voz y claridad, comprobar que el resultado puede validarse con una prueba concreta antes de publicarse. Variante 3: el caso debe tener evidencia visible y no una promesa abstracta.",pendiente de auditoría
CT-10-04,Content,"contenido, voz y claridad",verification,crítico,"En contenido, voz y claridad, comprobar que el resultado puede validarse con una prueba concreta antes de publicarse. Variante 4: el caso debe tener evidencia visible y no una promesa abstracta.",pendiente de auditoría
CT-10-05,Content,"contenido, voz y claridad",verification,crítico,"En contenido, voz y claridad, comprobar que el resultado puede validarse con una prueba concreta antes de publicarse. Variante 5: el caso debe tener evidencia visible y no una promesa abstracta.",pendiente de auditoría
CT-10-06,Content,"contenido, voz y claridad",verification,crítico,"En contenido, voz y claridad, comprobar que el resultado puede validarse con una prueba concreta antes de publicarse. Variante 6: el caso debe tener evidencia visible y no una promesa abstracta.",pendiente de auditoría
CT-10-07,Content,"contenido, voz y claridad",verification,crítico,"En contenido, voz y claridad, comprobar que el resultado puede validarse con una prueba concreta antes de publicarse. Variante 7: el caso debe tener evidencia visible y no una promesa abstracta.",pendiente de auditoría
CT-10-08,Content,"contenido, voz y claridad",verification,crítico,"En contenido, voz y claridad, comprobar que el resultado puede validarse con una prueba concreta antes de publicarse. Variante 8: el caso debe tener evidencia visible y no una promesa abstracta.",pendiente de auditoría
CT-10-09,Content,"contenido, voz y claridad",verification,crítico,"En contenido, voz y claridad, comprobar que el resultado puede validarse con una prueba concreta antes de publicarse. Variante 9: el caso debe tener evidencia visible y no una promesa abstracta.",pendiente de auditoría
CT-10-10,Content,"contenido, voz y claridad",verification,crítico,"En contenido, voz y claridad, comprobar que el resultado puede validarse con una prueba concreta antes de publicarse. Variante 10: el caso debe tener evidencia visible y no una promesa abstracta.",pendiente de auditoría
PR-01-01,Projects,"expedientes, evidencia y casos",intent,estratégico,"En expedientes, evidencia y casos, comprobar que existe una intención verificable y no solo una decisión ornamental. Variante 1: el caso debe tener evidencia visible y no una promesa abstracta.",pendiente de auditoría
PR-01-02,Projects,"expedientes, evidencia y casos",intent,estratégico,"En expedientes, evidencia y casos, comprobar que existe una intención verificable y no solo una decisión ornamental. Variante 2: el caso debe tener evidencia visible y no una promesa abstracta.",pendiente de auditoría
PR-01-03,Projects,"expedientes, evidencia y casos",intent,estratégico,"En expedientes, evidencia y casos, comprobar que existe una intención verificable y no solo una decisión ornamental. Variante 3: el caso debe tener evidencia visible y no una promesa abstracta.",pendiente de auditoría
PR-01-04,Projects,"expedientes, evidencia y casos",intent,estratégico,"En expedientes, evidencia y casos, comprobar que existe una intención verificable y no solo una decisión ornamental. Variante 4: el caso debe tener evidencia visible y no una promesa abstracta.",pendiente de auditoría
PR-01-05,Projects,"expedientes, evidencia y casos",intent,estratégico,"En expedientes, evidencia y casos, comprobar que existe una intención verificable y no solo una decisión ornamental. Variante 5: el caso debe tener evidencia visible y no una promesa abstracta.",pendiente de auditoría
PR-01-06,Projects,"expedientes, evidencia y casos",intent,estratégico,"En expedientes, evidencia y casos, comprobar que existe una intención verificable y no solo una decisión ornamental. Variante 6: el caso debe tener evidencia visible y no una promesa abstracta.",pendiente de auditoría
PR-01-07,Projects,"expedientes, evidencia y casos",intent,estratégico,"En expedientes, evidencia y casos, comprobar que existe una intención verificable y no solo una decisión ornamental. Variante 7: el caso debe tener evidencia visible y no una promesa abstracta.",pendiente de auditoría
PR-01-08,Projects,"expedientes, evidencia y casos",intent,estratégico,"En expedientes, evidencia y casos, comprobar que existe una intención verificable y no solo una decisión ornamental. Variante 8: el caso debe tener evidencia visible y no una promesa abstracta.",pendiente de auditoría
PR-01-09,Projects,"expedientes, evidencia y casos",intent,estratégico,"En expedientes, evidencia y casos, comprobar que existe una intención verificable y no solo una decisión ornamental. Variante 9: el caso debe tener evidencia visible y no una promesa abstracta.",pendiente de auditoría
PR-01-10,Projects,"expedientes, evidencia y casos",intent,estratégico,"En expedientes, evidencia y casos, comprobar que existe una intención verificable y no solo una decisión ornamental. Variante 10: el caso debe tener evidencia visible y no una promesa abstracta.",pendiente de auditoría
PR-02-01,Projects,"expedientes, evidencia y casos",audience,alto,"En expedientes, evidencia y casos, comprobar que la decisión sirve al público objetivo y al contexto de uso. Variante 1: el caso debe tener evidencia visible y no una promesa abstracta.",pendiente de auditoría
PR-02-02,Projects,"expedientes, evidencia y casos",audience,alto,"En expedientes, evidencia y casos, comprobar que la decisión sirve al público objetivo y al contexto de uso. Variante 2: el caso debe tener evidencia visible y no una promesa abstracta.",pendiente de auditoría
PR-02-03,Projects,"expedientes, evidencia y casos",audience,alto,"En expedientes, evidencia y casos, comprobar que la decisión sirve al público objetivo y al contexto de uso. Variante 3: el caso debe tener evidencia visible y no una promesa abstracta.",pendiente de auditoría
PR-02-04,Projects,"expedientes, evidencia y casos",audience,alto,"En expedientes, evidencia y casos, comprobar que la decisión sirve al público objetivo y al contexto de uso. Variante 4: el caso debe tener evidencia visible y no una promesa abstracta.",pendiente de auditoría
PR-02-05,Projects,"expedientes, evidencia y casos",audience,alto,"En expedientes, evidencia y casos, comprobar que la decisión sirve al público objetivo y al contexto de uso. Variante 5: el caso debe tener evidencia visible y no una promesa abstracta.",pendiente de auditoría
PR-02-06,Projects,"expedientes, evidencia y casos",audience,alto,"En expedientes, evidencia y casos, comprobar que la decisión sirve al público objetivo y al contexto de uso. Variante 6: el caso debe tener evidencia visible y no una promesa abstracta.",pendiente de auditoría
PR-02-07,Projects,"expedientes, evidencia y casos",audience,alto,"En expedientes, evidencia y casos, comprobar que la decisión sirve al público objetivo y al contexto de uso. Variante 7: el caso debe tener evidencia visible y no una promesa abstracta.",pendiente de auditoría
PR-02-08,Projects,"expedientes, evidencia y casos",audience,alto,"En expedientes, evidencia y casos, comprobar que la decisión sirve al público objetivo y al contexto de uso. Variante 8: el caso debe tener evidencia visible y no una promesa abstracta.",pendiente de auditoría
PR-02-09,Projects,"expedientes, evidencia y casos",audience,alto,"En expedientes, evidencia y casos, comprobar que la decisión sirve al público objetivo y al contexto de uso. Variante 9: el caso debe tener evidencia visible y no una promesa abstracta.",pendiente de auditoría
PR-02-10,Projects,"expedientes, evidencia y casos",audience,alto,"En expedientes, evidencia y casos, comprobar que la decisión sirve al público objetivo y al contexto de uso. Variante 10: el caso debe tener evidencia visible y no una promesa abstracta.",pendiente de auditoría
PR-03-01,Projects,"expedientes, evidencia y casos",hierarchy,alto,"En expedientes, evidencia y casos, comprobar que la jerarquía comunica lo importante antes de lo accesorio. Variante 1: el caso debe tener evidencia visible y no una promesa abstracta.",pendiente de auditoría
PR-03-02,Projects,"expedientes, evidencia y casos",hierarchy,alto,"En expedientes, evidencia y casos, comprobar que la jerarquía comunica lo importante antes de lo accesorio. Variante 2: el caso debe tener evidencia visible y no una promesa abstracta.",pendiente de auditoría
PR-03-03,Projects,"expedientes, evidencia y casos",hierarchy,alto,"En expedientes, evidencia y casos, comprobar que la jerarquía comunica lo importante antes de lo accesorio. Variante 3: el caso debe tener evidencia visible y no una promesa abstracta.",pendiente de auditoría
PR-03-04,Projects,"expedientes, evidencia y casos",hierarchy,alto,"En expedientes, evidencia y casos, comprobar que la jerarquía comunica lo importante antes de lo accesorio. Variante 4: el caso debe tener evidencia visible y no una promesa abstracta.",pendiente de auditoría
PR-03-05,Projects,"expedientes, evidencia y casos",hierarchy,alto,"En expedientes, evidencia y casos, comprobar que la jerarquía comunica lo importante antes de lo accesorio. Variante 5: el caso debe tener evidencia visible y no una promesa abstracta.",pendiente de auditoría
PR-03-06,Projects,"expedientes, evidencia y casos",hierarchy,alto,"En expedientes, evidencia y casos, comprobar que la jerarquía comunica lo importante antes de lo accesorio. Variante 6: el caso debe tener evidencia visible y no una promesa abstracta.",pendiente de auditoría
PR-03-07,Projects,"expedientes, evidencia y casos",hierarchy,alto,"En expedientes, evidencia y casos, comprobar que la jerarquía comunica lo importante antes de lo accesorio. Variante 7: el caso debe tener evidencia visible y no una promesa abstracta.",pendiente de auditoría
PR-03-08,Projects,"expedientes, evidencia y casos",hierarchy,alto,"En expedientes, evidencia y casos, comprobar que la jerarquía comunica lo importante antes de lo accesorio. Variante 8: el caso debe tener evidencia visible y no una promesa abstracta.",pendiente de auditoría
PR-03-09,Projects,"expedientes, evidencia y casos",hierarchy,alto,"En expedientes, evidencia y casos, comprobar que la jerarquía comunica lo importante antes de lo accesorio. Variante 9: el caso debe tener evidencia visible y no una promesa abstracta.",pendiente de auditoría
PR-03-10,Projects,"expedientes, evidencia y casos",hierarchy,alto,"En expedientes, evidencia y casos, comprobar que la jerarquía comunica lo importante antes de lo accesorio. Variante 10: el caso debe tener evidencia visible y no una promesa abstracta.",pendiente de auditoría
PR-04-01,Projects,"expedientes, evidencia y casos",coherence,alto,"En expedientes, evidencia y casos, comprobar que la ejecución mantiene coherencia con el sistema visual completo. Variante 1: el caso debe tener evidencia visible y no una promesa abstracta.",pendiente de auditoría
PR-04-02,Projects,"expedientes, evidencia y casos",coherence,alto,"En expedientes, evidencia y casos, comprobar que la ejecución mantiene coherencia con el sistema visual completo. Variante 2: el caso debe tener evidencia visible y no una promesa abstracta.",pendiente de auditoría
PR-04-03,Projects,"expedientes, evidencia y casos",coherence,alto,"En expedientes, evidencia y casos, comprobar que la ejecución mantiene coherencia con el sistema visual completo. Variante 3: el caso debe tener evidencia visible y no una promesa abstracta.",pendiente de auditoría
PR-04-04,Projects,"expedientes, evidencia y casos",coherence,alto,"En expedientes, evidencia y casos, comprobar que la ejecución mantiene coherencia con el sistema visual completo. Variante 4: el caso debe tener evidencia visible y no una promesa abstracta.",pendiente de auditoría
PR-04-05,Projects,"expedientes, evidencia y casos",coherence,alto,"En expedientes, evidencia y casos, comprobar que la ejecución mantiene coherencia con el sistema visual completo. Variante 5: el caso debe tener evidencia visible y no una promesa abstracta.",pendiente de auditoría
PR-04-06,Projects,"expedientes, evidencia y casos",coherence,alto,"En expedientes, evidencia y casos, comprobar que la ejecución mantiene coherencia con el sistema visual completo. Variante 6: el caso debe tener evidencia visible y no una promesa abstracta.",pendiente de auditoría
PR-04-07,Projects,"expedientes, evidencia y casos",coherence,alto,"En expedientes, evidencia y casos, comprobar que la ejecución mantiene coherencia con el sistema visual completo. Variante 7: el caso debe tener evidencia visible y no una promesa abstracta.",pendiente de auditoría
PR-04-08,Projects,"expedientes, evidencia y casos",coherence,alto,"En expedientes, evidencia y casos, comprobar que la ejecución mantiene coherencia con el sistema visual completo. Variante 8: el caso debe tener evidencia visible y no una promesa abstracta.",pendiente de auditoría
PR-04-09,Projects,"expedientes, evidencia y casos",coherence,alto,"En expedientes, evidencia y casos, comprobar que la ejecución mantiene coherencia con el sistema visual completo. Variante 9: el caso debe tener evidencia visible y no una promesa abstracta.",pendiente de auditoría
PR-04-10,Projects,"expedientes, evidencia y casos",coherence,alto,"En expedientes, evidencia y casos, comprobar que la ejecución mantiene coherencia con el sistema visual completo. Variante 10: el caso debe tener evidencia visible y no una promesa abstracta.",pendiente de auditoría
PR-05-01,Projects,"expedientes, evidencia y casos",inclusion,crítico,"En expedientes, evidencia y casos, comprobar que la experiencia funciona sin depender de una única capacidad sensorial. Variante 1: el caso debe tener evidencia visible y no una promesa abstracta.",pendiente de auditoría
PR-05-02,Projects,"expedientes, evidencia y casos",inclusion,crítico,"En expedientes, evidencia y casos, comprobar que la experiencia funciona sin depender de una única capacidad sensorial. Variante 2: el caso debe tener evidencia visible y no una promesa abstracta.",pendiente de auditoría
PR-05-03,Projects,"expedientes, evidencia y casos",inclusion,crítico,"En expedientes, evidencia y casos, comprobar que la experiencia funciona sin depender de una única capacidad sensorial. Variante 3: el caso debe tener evidencia visible y no una promesa abstracta.",pendiente de auditoría
PR-05-04,Projects,"expedientes, evidencia y casos",inclusion,crítico,"En expedientes, evidencia y casos, comprobar que la experiencia funciona sin depender de una única capacidad sensorial. Variante 4: el caso debe tener evidencia visible y no una promesa abstracta.",pendiente de auditoría
PR-05-05,Projects,"expedientes, evidencia y casos",inclusion,crítico,"En expedientes, evidencia y casos, comprobar que la experiencia funciona sin depender de una única capacidad sensorial. Variante 5: el caso debe tener evidencia visible y no una promesa abstracta.",pendiente de auditoría
PR-05-06,Projects,"expedientes, evidencia y casos",inclusion,crítico,"En expedientes, evidencia y casos, comprobar que la experiencia funciona sin depender de una única capacidad sensorial. Variante 6: el caso debe tener evidencia visible y no una promesa abstracta.",pendiente de auditoría
PR-05-07,Projects,"expedientes, evidencia y casos",inclusion,crítico,"En expedientes, evidencia y casos, comprobar que la experiencia funciona sin depender de una única capacidad sensorial. Variante 7: el caso debe tener evidencia visible y no una promesa abstracta.",pendiente de auditoría
PR-05-08,Projects,"expedientes, evidencia y casos",inclusion,crítico,"En expedientes, evidencia y casos, comprobar que la experiencia funciona sin depender de una única capacidad sensorial. Variante 8: el caso debe tener evidencia visible y no una promesa abstracta.",pendiente de auditoría
PR-05-09,Projects,"expedientes, evidencia y casos",inclusion,crítico,"En expedientes, evidencia y casos, comprobar que la experiencia funciona sin depender de una única capacidad sensorial. Variante 9: el caso debe tener evidencia visible y no una promesa abstracta.",pendiente de auditoría
PR-05-10,Projects,"expedientes, evidencia y casos",inclusion,crítico,"En expedientes, evidencia y casos, comprobar que la experiencia funciona sin depender de una única capacidad sensorial. Variante 10: el caso debe tener evidencia visible y no una promesa abstracta.",pendiente de auditoría
PR-06-01,Projects,"expedientes, evidencia y casos",feedback,alto,"En expedientes, evidencia y casos, comprobar que la respuesta del sistema es clara, reversible y observable. Variante 1: el caso debe tener evidencia visible y no una promesa abstracta.",pendiente de auditoría
PR-06-02,Projects,"expedientes, evidencia y casos",feedback,alto,"En expedientes, evidencia y casos, comprobar que la respuesta del sistema es clara, reversible y observable. Variante 2: el caso debe tener evidencia visible y no una promesa abstracta.",pendiente de auditoría
PR-06-03,Projects,"expedientes, evidencia y casos",feedback,alto,"En expedientes, evidencia y casos, comprobar que la respuesta del sistema es clara, reversible y observable. Variante 3: el caso debe tener evidencia visible y no una promesa abstracta.",pendiente de auditoría
PR-06-04,Projects,"expedientes, evidencia y casos",feedback,alto,"En expedientes, evidencia y casos, comprobar que la respuesta del sistema es clara, reversible y observable. Variante 4: el caso debe tener evidencia visible y no una promesa abstracta.",pendiente de auditoría
PR-06-05,Projects,"expedientes, evidencia y casos",feedback,alto,"En expedientes, evidencia y casos, comprobar que la respuesta del sistema es clara, reversible y observable. Variante 5: el caso debe tener evidencia visible y no una promesa abstracta.",pendiente de auditoría
PR-06-06,Projects,"expedientes, evidencia y casos",feedback,alto,"En expedientes, evidencia y casos, comprobar que la respuesta del sistema es clara, reversible y observable. Variante 6: el caso debe tener evidencia visible y no una promesa abstracta.",pendiente de auditoría
PR-06-07,Projects,"expedientes, evidencia y casos",feedback,alto,"En expedientes, evidencia y casos, comprobar que la respuesta del sistema es clara, reversible y observable. Variante 7: el caso debe tener evidencia visible y no una promesa abstracta.",pendiente de auditoría
PR-06-08,Projects,"expedientes, evidencia y casos",feedback,alto,"En expedientes, evidencia y casos, comprobar que la respuesta del sistema es clara, reversible y observable. Variante 8: el caso debe tener evidencia visible y no una promesa abstracta.",pendiente de auditoría
PR-06-09,Projects,"expedientes, evidencia y casos",feedback,alto,"En expedientes, evidencia y casos, comprobar que la respuesta del sistema es clara, reversible y observable. Variante 9: el caso debe tener evidencia visible y no una promesa abstracta.",pendiente de auditoría
PR-06-10,Projects,"expedientes, evidencia y casos",feedback,alto,"En expedientes, evidencia y casos, comprobar que la respuesta del sistema es clara, reversible y observable. Variante 10: el caso debe tener evidencia visible y no una promesa abstracta.",pendiente de auditoría
PR-07-01,Projects,"expedientes, evidencia y casos",performance,crítico,"En expedientes, evidencia y casos, comprobar que la decisión conserva rendimiento y no añade fricción innecesaria. Variante 1: el caso debe tener evidencia visible y no una promesa abstracta.",pendiente de auditoría
PR-07-02,Projects,"expedientes, evidencia y casos",performance,crítico,"En expedientes, evidencia y casos, comprobar que la decisión conserva rendimiento y no añade fricción innecesaria. Variante 2: el caso debe tener evidencia visible y no una promesa abstracta.",pendiente de auditoría
PR-07-03,Projects,"expedientes, evidencia y casos",performance,crítico,"En expedientes, evidencia y casos, comprobar que la decisión conserva rendimiento y no añade fricción innecesaria. Variante 3: el caso debe tener evidencia visible y no una promesa abstracta.",pendiente de auditoría
PR-07-04,Projects,"expedientes, evidencia y casos",performance,crítico,"En expedientes, evidencia y casos, comprobar que la decisión conserva rendimiento y no añade fricción innecesaria. Variante 4: el caso debe tener evidencia visible y no una promesa abstracta.",pendiente de auditoría
PR-07-05,Projects,"expedientes, evidencia y casos",performance,crítico,"En expedientes, evidencia y casos, comprobar que la decisión conserva rendimiento y no añade fricción innecesaria. Variante 5: el caso debe tener evidencia visible y no una promesa abstracta.",pendiente de auditoría
PR-07-06,Projects,"expedientes, evidencia y casos",performance,crítico,"En expedientes, evidencia y casos, comprobar que la decisión conserva rendimiento y no añade fricción innecesaria. Variante 6: el caso debe tener evidencia visible y no una promesa abstracta.",pendiente de auditoría
PR-07-07,Projects,"expedientes, evidencia y casos",performance,crítico,"En expedientes, evidencia y casos, comprobar que la decisión conserva rendimiento y no añade fricción innecesaria. Variante 7: el caso debe tener evidencia visible y no una promesa abstracta.",pendiente de auditoría
PR-07-08,Projects,"expedientes, evidencia y casos",performance,crítico,"En expedientes, evidencia y casos, comprobar que la decisión conserva rendimiento y no añade fricción innecesaria. Variante 8: el caso debe tener evidencia visible y no una promesa abstracta.",pendiente de auditoría
PR-07-09,Projects,"expedientes, evidencia y casos",performance,crítico,"En expedientes, evidencia y casos, comprobar que la decisión conserva rendimiento y no añade fricción innecesaria. Variante 9: el caso debe tener evidencia visible y no una promesa abstracta.",pendiente de auditoría
PR-07-10,Projects,"expedientes, evidencia y casos",performance,crítico,"En expedientes, evidencia y casos, comprobar que la decisión conserva rendimiento y no añade fricción innecesaria. Variante 10: el caso debe tener evidencia visible y no una promesa abstracta.",pendiente de auditoría
PR-08-01,Projects,"expedientes, evidencia y casos",responsive,crítico,"En expedientes, evidencia y casos, comprobar que la implementación se comporta correctamente en distintos tamaños. Variante 1: el caso debe tener evidencia visible y no una promesa abstracta.",pendiente de auditoría
PR-08-02,Projects,"expedientes, evidencia y casos",responsive,crítico,"En expedientes, evidencia y casos, comprobar que la implementación se comporta correctamente en distintos tamaños. Variante 2: el caso debe tener evidencia visible y no una promesa abstracta.",pendiente de auditoría
PR-08-03,Projects,"expedientes, evidencia y casos",responsive,crítico,"En expedientes, evidencia y casos, comprobar que la implementación se comporta correctamente en distintos tamaños. Variante 3: el caso debe tener evidencia visible y no una promesa abstracta.",pendiente de auditoría
PR-08-04,Projects,"expedientes, evidencia y casos",responsive,crítico,"En expedientes, evidencia y casos, comprobar que la implementación se comporta correctamente en distintos tamaños. Variante 4: el caso debe tener evidencia visible y no una promesa abstracta.",pendiente de auditoría
PR-08-05,Projects,"expedientes, evidencia y casos",responsive,crítico,"En expedientes, evidencia y casos, comprobar que la implementación se comporta correctamente en distintos tamaños. Variante 5: el caso debe tener evidencia visible y no una promesa abstracta.",pendiente de auditoría
PR-08-06,Projects,"expedientes, evidencia y casos",responsive,crítico,"En expedientes, evidencia y casos, comprobar que la implementación se comporta correctamente en distintos tamaños. Variante 6: el caso debe tener evidencia visible y no una promesa abstracta.",pendiente de auditoría
PR-08-07,Projects,"expedientes, evidencia y casos",responsive,crítico,"En expedientes, evidencia y casos, comprobar que la implementación se comporta correctamente en distintos tamaños. Variante 7: el caso debe tener evidencia visible y no una promesa abstracta.",pendiente de auditoría
PR-08-08,Projects,"expedientes, evidencia y casos",responsive,crítico,"En expedientes, evidencia y casos, comprobar que la implementación se comporta correctamente en distintos tamaños. Variante 8: el caso debe tener evidencia visible y no una promesa abstracta.",pendiente de auditoría
PR-08-09,Projects,"expedientes, evidencia y casos",responsive,crítico,"En expedientes, evidencia y casos, comprobar que la implementación se comporta correctamente en distintos tamaños. Variante 9: el caso debe tener evidencia visible y no una promesa abstracta.",pendiente de auditoría
PR-08-10,Projects,"expedientes, evidencia y casos",responsive,crítico,"En expedientes, evidencia y casos, comprobar que la implementación se comporta correctamente en distintos tamaños. Variante 10: el caso debe tener evidencia visible y no una promesa abstracta.",pendiente de auditoría
PR-09-01,Projects,"expedientes, evidencia y casos",distinctiveness,alto,"En expedientes, evidencia y casos, comprobar que la solución es suficientemente propia para ser recordada y defendida. Variante 1: el caso debe tener evidencia visible y no una promesa abstracta.",pendiente de auditoría
PR-09-02,Projects,"expedientes, evidencia y casos",distinctiveness,alto,"En expedientes, evidencia y casos, comprobar que la solución es suficientemente propia para ser recordada y defendida. Variante 2: el caso debe tener evidencia visible y no una promesa abstracta.",pendiente de auditoría
PR-09-03,Projects,"expedientes, evidencia y casos",distinctiveness,alto,"En expedientes, evidencia y casos, comprobar que la solución es suficientemente propia para ser recordada y defendida. Variante 3: el caso debe tener evidencia visible y no una promesa abstracta.",pendiente de auditoría
PR-09-04,Projects,"expedientes, evidencia y casos",distinctiveness,alto,"En expedientes, evidencia y casos, comprobar que la solución es suficientemente propia para ser recordada y defendida. Variante 4: el caso debe tener evidencia visible y no una promesa abstracta.",pendiente de auditoría
PR-09-05,Projects,"expedientes, evidencia y casos",distinctiveness,alto,"En expedientes, evidencia y casos, comprobar que la solución es suficientemente propia para ser recordada y defendida. Variante 5: el caso debe tener evidencia visible y no una promesa abstracta.",pendiente de auditoría
PR-09-06,Projects,"expedientes, evidencia y casos",distinctiveness,alto,"En expedientes, evidencia y casos, comprobar que la solución es suficientemente propia para ser recordada y defendida. Variante 6: el caso debe tener evidencia visible y no una promesa abstracta.",pendiente de auditoría
PR-09-07,Projects,"expedientes, evidencia y casos",distinctiveness,alto,"En expedientes, evidencia y casos, comprobar que la solución es suficientemente propia para ser recordada y defendida. Variante 7: el caso debe tener evidencia visible y no una promesa abstracta.",pendiente de auditoría
PR-09-08,Projects,"expedientes, evidencia y casos",distinctiveness,alto,"En expedientes, evidencia y casos, comprobar que la solución es suficientemente propia para ser recordada y defendida. Variante 8: el caso debe tener evidencia visible y no una promesa abstracta.",pendiente de auditoría
PR-09-09,Projects,"expedientes, evidencia y casos",distinctiveness,alto,"En expedientes, evidencia y casos, comprobar que la solución es suficientemente propia para ser recordada y defendida. Variante 9: el caso debe tener evidencia visible y no una promesa abstracta.",pendiente de auditoría
PR-09-10,Projects,"expedientes, evidencia y casos",distinctiveness,alto,"En expedientes, evidencia y casos, comprobar que la solución es suficientemente propia para ser recordada y defendida. Variante 10: el caso debe tener evidencia visible y no una promesa abstracta.",pendiente de auditoría
PR-10-01,Projects,"expedientes, evidencia y casos",verification,crítico,"En expedientes, evidencia y casos, comprobar que el resultado puede validarse con una prueba concreta antes de publicarse. Variante 1: el caso debe tener evidencia visible y no una promesa abstracta.",pendiente de auditoría
PR-10-02,Projects,"expedientes, evidencia y casos",verification,crítico,"En expedientes, evidencia y casos, comprobar que el resultado puede validarse con una prueba concreta antes de publicarse. Variante 2: el caso debe tener evidencia visible y no una promesa abstracta.",pendiente de auditoría
PR-10-03,Projects,"expedientes, evidencia y casos",verification,crítico,"En expedientes, evidencia y casos, comprobar que el resultado puede validarse con una prueba concreta antes de publicarse. Variante 3: el caso debe tener evidencia visible y no una promesa abstracta.",pendiente de auditoría
PR-10-04,Projects,"expedientes, evidencia y casos",verification,crítico,"En expedientes, evidencia y casos, comprobar que el resultado puede validarse con una prueba concreta antes de publicarse. Variante 4: el caso debe tener evidencia visible y no una promesa abstracta.",pendiente de auditoría
PR-10-05,Projects,"expedientes, evidencia y casos",verification,crítico,"En expedientes, evidencia y casos, comprobar que el resultado puede validarse con una prueba concreta antes de publicarse. Variante 5: el caso debe tener evidencia visible y no una promesa abstracta.",pendiente de auditoría
PR-10-06,Projects,"expedientes, evidencia y casos",verification,crítico,"En expedientes, evidencia y casos, comprobar que el resultado puede validarse con una prueba concreta antes de publicarse. Variante 6: el caso debe tener evidencia visible y no una promesa abstracta.",pendiente de auditoría
PR-10-07,Projects,"expedientes, evidencia y casos",verification,crítico,"En expedientes, evidencia y casos, comprobar que el resultado puede validarse con una prueba concreta antes de publicarse. Variante 7: el caso debe tener evidencia visible y no una promesa abstracta.",pendiente de auditoría
PR-10-08,Projects,"expedientes, evidencia y casos",verification,crítico,"En expedientes, evidencia y casos, comprobar que el resultado puede validarse con una prueba concreta antes de publicarse. Variante 8: el caso debe tener evidencia visible y no una promesa abstracta.",pendiente de auditoría
PR-10-09,Projects,"expedientes, evidencia y casos",verification,crítico,"En expedientes, evidencia y casos, comprobar que el resultado puede validarse con una prueba concreta antes de publicarse. Variante 9: el caso debe tener evidencia visible y no una promesa abstracta.",pendiente de auditoría
PR-10-10,Projects,"expedientes, evidencia y casos",verification,crítico,"En expedientes, evidencia y casos, comprobar que el resultado puede validarse con una prueba concreta antes de publicarse. Variante 10: el caso debe tener evidencia visible y no una promesa abstracta.",pendiente de auditoría
AC-01-01,Accessibility,"WCAG, inclusión y operabilidad",intent,estratégico,"En WCAG, inclusión y operabilidad, comprobar que existe una intención verificable y no solo una decisión ornamental. Variante 1: el caso debe tener evidencia visible y no una promesa abstracta.",pendiente de auditoría
AC-01-02,Accessibility,"WCAG, inclusión y operabilidad",intent,estratégico,"En WCAG, inclusión y operabilidad, comprobar que existe una intención verificable y no solo una decisión ornamental. Variante 2: el caso debe tener evidencia visible y no una promesa abstracta.",pendiente de auditoría
AC-01-03,Accessibility,"WCAG, inclusión y operabilidad",intent,estratégico,"En WCAG, inclusión y operabilidad, comprobar que existe una intención verificable y no solo una decisión ornamental. Variante 3: el caso debe tener evidencia visible y no una promesa abstracta.",pendiente de auditoría
AC-01-04,Accessibility,"WCAG, inclusión y operabilidad",intent,estratégico,"En WCAG, inclusión y operabilidad, comprobar que existe una intención verificable y no solo una decisión ornamental. Variante 4: el caso debe tener evidencia visible y no una promesa abstracta.",pendiente de auditoría
AC-01-05,Accessibility,"WCAG, inclusión y operabilidad",intent,estratégico,"En WCAG, inclusión y operabilidad, comprobar que existe una intención verificable y no solo una decisión ornamental. Variante 5: el caso debe tener evidencia visible y no una promesa abstracta.",pendiente de auditoría
AC-01-06,Accessibility,"WCAG, inclusión y operabilidad",intent,estratégico,"En WCAG, inclusión y operabilidad, comprobar que existe una intención verificable y no solo una decisión ornamental. Variante 6: el caso debe tener evidencia visible y no una promesa abstracta.",pendiente de auditoría
AC-01-07,Accessibility,"WCAG, inclusión y operabilidad",intent,estratégico,"En WCAG, inclusión y operabilidad, comprobar que existe una intención verificable y no solo una decisión ornamental. Variante 7: el caso debe tener evidencia visible y no una promesa abstracta.",pendiente de auditoría
AC-01-08,Accessibility,"WCAG, inclusión y operabilidad",intent,estratégico,"En WCAG, inclusión y operabilidad, comprobar que existe una intención verificable y no solo una decisión ornamental. Variante 8: el caso debe tener evidencia visible y no una promesa abstracta.",pendiente de auditoría
AC-01-09,Accessibility,"WCAG, inclusión y operabilidad",intent,estratégico,"En WCAG, inclusión y operabilidad, comprobar que existe una intención verificable y no solo una decisión ornamental. Variante 9: el caso debe tener evidencia visible y no una promesa abstracta.",pendiente de auditoría
AC-01-10,Accessibility,"WCAG, inclusión y operabilidad",intent,estratégico,"En WCAG, inclusión y operabilidad, comprobar que existe una intención verificable y no solo una decisión ornamental. Variante 10: el caso debe tener evidencia visible y no una promesa abstracta.",pendiente de auditoría
AC-02-01,Accessibility,"WCAG, inclusión y operabilidad",audience,alto,"En WCAG, inclusión y operabilidad, comprobar que la decisión sirve al público objetivo y al contexto de uso. Variante 1: el caso debe tener evidencia visible y no una promesa abstracta.",pendiente de auditoría
AC-02-02,Accessibility,"WCAG, inclusión y operabilidad",audience,alto,"En WCAG, inclusión y operabilidad, comprobar que la decisión sirve al público objetivo y al contexto de uso. Variante 2: el caso debe tener evidencia visible y no una promesa abstracta.",pendiente de auditoría
AC-02-03,Accessibility,"WCAG, inclusión y operabilidad",audience,alto,"En WCAG, inclusión y operabilidad, comprobar que la decisión sirve al público objetivo y al contexto de uso. Variante 3: el caso debe tener evidencia visible y no una promesa abstracta.",pendiente de auditoría
AC-02-04,Accessibility,"WCAG, inclusión y operabilidad",audience,alto,"En WCAG, inclusión y operabilidad, comprobar que la decisión sirve al público objetivo y al contexto de uso. Variante 4: el caso debe tener evidencia visible y no una promesa abstracta.",pendiente de auditoría
AC-02-05,Accessibility,"WCAG, inclusión y operabilidad",audience,alto,"En WCAG, inclusión y operabilidad, comprobar que la decisión sirve al público objetivo y al contexto de uso. Variante 5: el caso debe tener evidencia visible y no una promesa abstracta.",pendiente de auditoría
AC-02-06,Accessibility,"WCAG, inclusión y operabilidad",audience,alto,"En WCAG, inclusión y operabilidad, comprobar que la decisión sirve al público objetivo y al contexto de uso. Variante 6: el caso debe tener evidencia visible y no una promesa abstracta.",pendiente de auditoría
AC-02-07,Accessibility,"WCAG, inclusión y operabilidad",audience,alto,"En WCAG, inclusión y operabilidad, comprobar que la decisión sirve al público objetivo y al contexto de uso. Variante 7: el caso debe tener evidencia visible y no una promesa abstracta.",pendiente de auditoría
AC-02-08,Accessibility,"WCAG, inclusión y operabilidad",audience,alto,"En WCAG, inclusión y operabilidad, comprobar que la decisión sirve al público objetivo y al contexto de uso. Variante 8: el caso debe tener evidencia visible y no una promesa abstracta.",pendiente de auditoría
AC-02-09,Accessibility,"WCAG, inclusión y operabilidad",audience,alto,"En WCAG, inclusión y operabilidad, comprobar que la decisión sirve al público objetivo y al contexto de uso. Variante 9: el caso debe tener evidencia visible y no una promesa abstracta.",pendiente de auditoría
AC-02-10,Accessibility,"WCAG, inclusión y operabilidad",audience,alto,"En WCAG, inclusión y operabilidad, comprobar que la decisión sirve al público objetivo y al contexto de uso. Variante 10: el caso debe tener evidencia visible y no una promesa abstracta.",pendiente de auditoría
AC-03-01,Accessibility,"WCAG, inclusión y operabilidad",hierarchy,alto,"En WCAG, inclusión y operabilidad, comprobar que la jerarquía comunica lo importante antes de lo accesorio. Variante 1: el caso debe tener evidencia visible y no una promesa abstracta.",pendiente de auditoría
AC-03-02,Accessibility,"WCAG, inclusión y operabilidad",hierarchy,alto,"En WCAG, inclusión y operabilidad, comprobar que la jerarquía comunica lo importante antes de lo accesorio. Variante 2: el caso debe tener evidencia visible y no una promesa abstracta.",pendiente de auditoría
AC-03-03,Accessibility,"WCAG, inclusión y operabilidad",hierarchy,alto,"En WCAG, inclusión y operabilidad, comprobar que la jerarquía comunica lo importante antes de lo accesorio. Variante 3: el caso debe tener evidencia visible y no una promesa abstracta.",pendiente de auditoría
AC-03-04,Accessibility,"WCAG, inclusión y operabilidad",hierarchy,alto,"En WCAG, inclusión y operabilidad, comprobar que la jerarquía comunica lo importante antes de lo accesorio. Variante 4: el caso debe tener evidencia visible y no una promesa abstracta.",pendiente de auditoría
AC-03-05,Accessibility,"WCAG, inclusión y operabilidad",hierarchy,alto,"En WCAG, inclusión y operabilidad, comprobar que la jerarquía comunica lo importante antes de lo accesorio. Variante 5: el caso debe tener evidencia visible y no una promesa abstracta.",pendiente de auditoría
AC-03-06,Accessibility,"WCAG, inclusión y operabilidad",hierarchy,alto,"En WCAG, inclusión y operabilidad, comprobar que la jerarquía comunica lo importante antes de lo accesorio. Variante 6: el caso debe tener evidencia visible y no una promesa abstracta.",pendiente de auditoría
AC-03-07,Accessibility,"WCAG, inclusión y operabilidad",hierarchy,alto,"En WCAG, inclusión y operabilidad, comprobar que la jerarquía comunica lo importante antes de lo accesorio. Variante 7: el caso debe tener evidencia visible y no una promesa abstracta.",pendiente de auditoría
AC-03-08,Accessibility,"WCAG, inclusión y operabilidad",hierarchy,alto,"En WCAG, inclusión y operabilidad, comprobar que la jerarquía comunica lo importante antes de lo accesorio. Variante 8: el caso debe tener evidencia visible y no una promesa abstracta.",pendiente de auditoría
AC-03-09,Accessibility,"WCAG, inclusión y operabilidad",hierarchy,alto,"En WCAG, inclusión y operabilidad, comprobar que la jerarquía comunica lo importante antes de lo accesorio. Variante 9: el caso debe tener evidencia visible y no una promesa abstracta.",pendiente de auditoría
AC-03-10,Accessibility,"WCAG, inclusión y operabilidad",hierarchy,alto,"En WCAG, inclusión y operabilidad, comprobar que la jerarquía comunica lo importante antes de lo accesorio. Variante 10: el caso debe tener evidencia visible y no una promesa abstracta.",pendiente de auditoría
AC-04-01,Accessibility,"WCAG, inclusión y operabilidad",coherence,alto,"En WCAG, inclusión y operabilidad, comprobar que la ejecución mantiene coherencia con el sistema visual completo. Variante 1: el caso debe tener evidencia visible y no una promesa abstracta.",pendiente de auditoría
AC-04-02,Accessibility,"WCAG, inclusión y operabilidad",coherence,alto,"En WCAG, inclusión y operabilidad, comprobar que la ejecución mantiene coherencia con el sistema visual completo. Variante 2: el caso debe tener evidencia visible y no una promesa abstracta.",pendiente de auditoría
AC-04-03,Accessibility,"WCAG, inclusión y operabilidad",coherence,alto,"En WCAG, inclusión y operabilidad, comprobar que la ejecución mantiene coherencia con el sistema visual completo. Variante 3: el caso debe tener evidencia visible y no una promesa abstracta.",pendiente de auditoría
AC-04-04,Accessibility,"WCAG, inclusión y operabilidad",coherence,alto,"En WCAG, inclusión y operabilidad, comprobar que la ejecución mantiene coherencia con el sistema visual completo. Variante 4: el caso debe tener evidencia visible y no una promesa abstracta.",pendiente de auditoría
AC-04-05,Accessibility,"WCAG, inclusión y operabilidad",coherence,alto,"En WCAG, inclusión y operabilidad, comprobar que la ejecución mantiene coherencia con el sistema visual completo. Variante 5: el caso debe tener evidencia visible y no una promesa abstracta.",pendiente de auditoría
AC-04-06,Accessibility,"WCAG, inclusión y operabilidad",coherence,alto,"En WCAG, inclusión y operabilidad, comprobar que la ejecución mantiene coherencia con el sistema visual completo. Variante 6: el caso debe tener evidencia visible y no una promesa abstracta.",pendiente de auditoría
AC-04-07,Accessibility,"WCAG, inclusión y operabilidad",coherence,alto,"En WCAG, inclusión y operabilidad, comprobar que la ejecución mantiene coherencia con el sistema visual completo. Variante 7: el caso debe tener evidencia visible y no una promesa abstracta.",pendiente de auditoría
AC-04-08,Accessibility,"WCAG, inclusión y operabilidad",coherence,alto,"En WCAG, inclusión y operabilidad, comprobar que la ejecución mantiene coherencia con el sistema visual completo. Variante 8: el caso debe tener evidencia visible y no una promesa abstracta.",pendiente de auditoría
AC-04-09,Accessibility,"WCAG, inclusión y operabilidad",coherence,alto,"En WCAG, inclusión y operabilidad, comprobar que la ejecución mantiene coherencia con el sistema visual completo. Variante 9: el caso debe tener evidencia visible y no una promesa abstracta.",pendiente de auditoría
AC-04-10,Accessibility,"WCAG, inclusión y operabilidad",coherence,alto,"En WCAG, inclusión y operabilidad, comprobar que la ejecución mantiene coherencia con el sistema visual completo. Variante 10: el caso debe tener evidencia visible y no una promesa abstracta.",pendiente de auditoría
AC-05-01,Accessibility,"WCAG, inclusión y operabilidad",inclusion,crítico,"En WCAG, inclusión y operabilidad, comprobar que la experiencia funciona sin depender de una única capacidad sensorial. Variante 1: el caso debe tener evidencia visible y no una promesa abstracta.",pendiente de auditoría
AC-05-02,Accessibility,"WCAG, inclusión y operabilidad",inclusion,crítico,"En WCAG, inclusión y operabilidad, comprobar que la experiencia funciona sin depender de una única capacidad sensorial. Variante 2: el caso debe tener evidencia visible y no una promesa abstracta.",pendiente de auditoría
AC-05-03,Accessibility,"WCAG, inclusión y operabilidad",inclusion,crítico,"En WCAG, inclusión y operabilidad, comprobar que la experiencia funciona sin depender de una única capacidad sensorial. Variante 3: el caso debe tener evidencia visible y no una promesa abstracta.",pendiente de auditoría
AC-05-04,Accessibility,"WCAG, inclusión y operabilidad",inclusion,crítico,"En WCAG, inclusión y operabilidad, comprobar que la experiencia funciona sin depender de una única capacidad sensorial. Variante 4: el caso debe tener evidencia visible y no una promesa abstracta.",pendiente de auditoría
AC-05-05,Accessibility,"WCAG, inclusión y operabilidad",inclusion,crítico,"En WCAG, inclusión y operabilidad, comprobar que la experiencia funciona sin depender de una única capacidad sensorial. Variante 5: el caso debe tener evidencia visible y no una promesa abstracta.",pendiente de auditoría
AC-05-06,Accessibility,"WCAG, inclusión y operabilidad",inclusion,crítico,"En WCAG, inclusión y operabilidad, comprobar que la experiencia funciona sin depender de una única capacidad sensorial. Variante 6: el caso debe tener evidencia visible y no una promesa abstracta.",pendiente de auditoría
AC-05-07,Accessibility,"WCAG, inclusión y operabilidad",inclusion,crítico,"En WCAG, inclusión y operabilidad, comprobar que la experiencia funciona sin depender de una única capacidad sensorial. Variante 7: el caso debe tener evidencia visible y no una promesa abstracta.",pendiente de auditoría
AC-05-08,Accessibility,"WCAG, inclusión y operabilidad",inclusion,crítico,"En WCAG, inclusión y operabilidad, comprobar que la experiencia funciona sin depender de una única capacidad sensorial. Variante 8: el caso debe tener evidencia visible y no una promesa abstracta.",pendiente de auditoría
AC-05-09,Accessibility,"WCAG, inclusión y operabilidad",inclusion,crítico,"En WCAG, inclusión y operabilidad, comprobar que la experiencia funciona sin depender de una única capacidad sensorial. Variante 9: el caso debe tener evidencia visible y no una promesa abstracta.",pendiente de auditoría
AC-05-10,Accessibility,"WCAG, inclusión y operabilidad",inclusion,crítico,"En WCAG, inclusión y operabilidad, comprobar que la experiencia funciona sin depender de una única capacidad sensorial. Variante 10: el caso debe tener evidencia visible y no una promesa abstracta.",pendiente de auditoría
AC-06-01,Accessibility,"WCAG, inclusión y operabilidad",feedback,alto,"En WCAG, inclusión y operabilidad, comprobar que la respuesta del sistema es clara, reversible y observable. Variante 1: el caso debe tener evidencia visible y no una promesa abstracta.",pendiente de auditoría
AC-06-02,Accessibility,"WCAG, inclusión y operabilidad",feedback,alto,"En WCAG, inclusión y operabilidad, comprobar que la respuesta del sistema es clara, reversible y observable. Variante 2: el caso debe tener evidencia visible y no una promesa abstracta.",pendiente de auditoría
AC-06-03,Accessibility,"WCAG, inclusión y operabilidad",feedback,alto,"En WCAG, inclusión y operabilidad, comprobar que la respuesta del sistema es clara, reversible y observable. Variante 3: el caso debe tener evidencia visible y no una promesa abstracta.",pendiente de auditoría
AC-06-04,Accessibility,"WCAG, inclusión y operabilidad",feedback,alto,"En WCAG, inclusión y operabilidad, comprobar que la respuesta del sistema es clara, reversible y observable. Variante 4: el caso debe tener evidencia visible y no una promesa abstracta.",pendiente de auditoría
AC-06-05,Accessibility,"WCAG, inclusión y operabilidad",feedback,alto,"En WCAG, inclusión y operabilidad, comprobar que la respuesta del sistema es clara, reversible y observable. Variante 5: el caso debe tener evidencia visible y no una promesa abstracta.",pendiente de auditoría
AC-06-06,Accessibility,"WCAG, inclusión y operabilidad",feedback,alto,"En WCAG, inclusión y operabilidad, comprobar que la respuesta del sistema es clara, reversible y observable. Variante 6: el caso debe tener evidencia visible y no una promesa abstracta.",pendiente de auditoría
AC-06-07,Accessibility,"WCAG, inclusión y operabilidad",feedback,alto,"En WCAG, inclusión y operabilidad, comprobar que la respuesta del sistema es clara, reversible y observable. Variante 7: el caso debe tener evidencia visible y no una promesa abstracta.",pendiente de auditoría
AC-06-08,Accessibility,"WCAG, inclusión y operabilidad",feedback,alto,"En WCAG, inclusión y operabilidad, comprobar que la respuesta del sistema es clara, reversible y observable. Variante 8: el caso debe tener evidencia visible y no una promesa abstracta.",pendiente de auditoría
AC-06-09,Accessibility,"WCAG, inclusión y operabilidad",feedback,alto,"En WCAG, inclusión y operabilidad, comprobar que la respuesta del sistema es clara, reversible y observable. Variante 9: el caso debe tener evidencia visible y no una promesa abstracta.",pendiente de auditoría
AC-06-10,Accessibility,"WCAG, inclusión y operabilidad",feedback,alto,"En WCAG, inclusión y operabilidad, comprobar que la respuesta del sistema es clara, reversible y observable. Variante 10: el caso debe tener evidencia visible y no una promesa abstracta.",pendiente de auditoría
AC-07-01,Accessibility,"WCAG, inclusión y operabilidad",performance,crítico,"En WCAG, inclusión y operabilidad, comprobar que la decisión conserva rendimiento y no añade fricción innecesaria. Variante 1: el caso debe tener evidencia visible y no una promesa abstracta.",pendiente de auditoría
AC-07-02,Accessibility,"WCAG, inclusión y operabilidad",performance,crítico,"En WCAG, inclusión y operabilidad, comprobar que la decisión conserva rendimiento y no añade fricción innecesaria. Variante 2: el caso debe tener evidencia visible y no una promesa abstracta.",pendiente de auditoría
AC-07-03,Accessibility,"WCAG, inclusión y operabilidad",performance,crítico,"En WCAG, inclusión y operabilidad, comprobar que la decisión conserva rendimiento y no añade fricción innecesaria. Variante 3: el caso debe tener evidencia visible y no una promesa abstracta.",pendiente de auditoría
AC-07-04,Accessibility,"WCAG, inclusión y operabilidad",performance,crítico,"En WCAG, inclusión y operabilidad, comprobar que la decisión conserva rendimiento y no añade fricción innecesaria. Variante 4: el caso debe tener evidencia visible y no una promesa abstracta.",pendiente de auditoría
AC-07-05,Accessibility,"WCAG, inclusión y operabilidad",performance,crítico,"En WCAG, inclusión y operabilidad, comprobar que la decisión conserva rendimiento y no añade fricción innecesaria. Variante 5: el caso debe tener evidencia visible y no una promesa abstracta.",pendiente de auditoría
AC-07-06,Accessibility,"WCAG, inclusión y operabilidad",performance,crítico,"En WCAG, inclusión y operabilidad, comprobar que la decisión conserva rendimiento y no añade fricción innecesaria. Variante 6: el caso debe tener evidencia visible y no una promesa abstracta.",pendiente de auditoría
AC-07-07,Accessibility,"WCAG, inclusión y operabilidad",performance,crítico,"En WCAG, inclusión y operabilidad, comprobar que la decisión conserva rendimiento y no añade fricción innecesaria. Variante 7: el caso debe tener evidencia visible y no una promesa abstracta.",pendiente de auditoría
AC-07-08,Accessibility,"WCAG, inclusión y operabilidad",performance,crítico,"En WCAG, inclusión y operabilidad, comprobar que la decisión conserva rendimiento y no añade fricción innecesaria. Variante 8: el caso debe tener evidencia visible y no una promesa abstracta.",pendiente de auditoría
AC-07-09,Accessibility,"WCAG, inclusión y operabilidad",performance,crítico,"En WCAG, inclusión y operabilidad, comprobar que la decisión conserva rendimiento y no añade fricción innecesaria. Variante 9: el caso debe tener evidencia visible y no una promesa abstracta.",pendiente de auditoría
AC-07-10,Accessibility,"WCAG, inclusión y operabilidad",performance,crítico,"En WCAG, inclusión y operabilidad, comprobar que la decisión conserva rendimiento y no añade fricción innecesaria. Variante 10: el caso debe tener evidencia visible y no una promesa abstracta.",pendiente de auditoría
AC-08-01,Accessibility,"WCAG, inclusión y operabilidad",responsive,crítico,"En WCAG, inclusión y operabilidad, comprobar que la implementación se comporta correctamente en distintos tamaños. Variante 1: el caso debe tener evidencia visible y no una promesa abstracta.",pendiente de auditoría
AC-08-02,Accessibility,"WCAG, inclusión y operabilidad",responsive,crítico,"En WCAG, inclusión y operabilidad, comprobar que la implementación se comporta correctamente en distintos tamaños. Variante 2: el caso debe tener evidencia visible y no una promesa abstracta.",pendiente de auditoría
AC-08-03,Accessibility,"WCAG, inclusión y operabilidad",responsive,crítico,"En WCAG, inclusión y operabilidad, comprobar que la implementación se comporta correctamente en distintos tamaños. Variante 3: el caso debe tener evidencia visible y no una promesa abstracta.",pendiente de auditoría
AC-08-04,Accessibility,"WCAG, inclusión y operabilidad",responsive,crítico,"En WCAG, inclusión y operabilidad, comprobar que la implementación se comporta correctamente en distintos tamaños. Variante 4: el caso debe tener evidencia visible y no una promesa abstracta.",pendiente de auditoría
AC-08-05,Accessibility,"WCAG, inclusión y operabilidad",responsive,crítico,"En WCAG, inclusión y operabilidad, comprobar que la implementación se comporta correctamente en distintos tamaños. Variante 5: el caso debe tener evidencia visible y no una promesa abstracta.",pendiente de auditoría
AC-08-06,Accessibility,"WCAG, inclusión y operabilidad",responsive,crítico,"En WCAG, inclusión y operabilidad, comprobar que la implementación se comporta correctamente en distintos tamaños. Variante 6: el caso debe tener evidencia visible y no una promesa abstracta.",pendiente de auditoría
AC-08-07,Accessibility,"WCAG, inclusión y operabilidad",responsive,crítico,"En WCAG, inclusión y operabilidad, comprobar que la implementación se comporta correctamente en distintos tamaños. Variante 7: el caso debe tener evidencia visible y no una promesa abstracta.",pendiente de auditoría
AC-08-08,Accessibility,"WCAG, inclusión y operabilidad",responsive,crítico,"En WCAG, inclusión y operabilidad, comprobar que la implementación se comporta correctamente en distintos tamaños. Variante 8: el caso debe tener evidencia visible y no una promesa abstracta.",pendiente de auditoría
AC-08-09,Accessibility,"WCAG, inclusión y operabilidad",responsive,crítico,"En WCAG, inclusión y operabilidad, comprobar que la implementación se comporta correctamente en distintos tamaños. Variante 9: el caso debe tener evidencia visible y no una promesa abstracta.",pendiente de auditoría
AC-08-10,Accessibility,"WCAG, inclusión y operabilidad",responsive,crítico,"En WCAG, inclusión y operabilidad, comprobar que la implementación se comporta correctamente en distintos tamaños. Variante 10: el caso debe tener evidencia visible y no una promesa abstracta.",pendiente de auditoría
AC-09-01,Accessibility,"WCAG, inclusión y operabilidad",distinctiveness,alto,"En WCAG, inclusión y operabilidad, comprobar que la solución es suficientemente propia para ser recordada y defendida. Variante 1: el caso debe tener evidencia visible y no una promesa abstracta.",pendiente de auditoría
AC-09-02,Accessibility,"WCAG, inclusión y operabilidad",distinctiveness,alto,"En WCAG, inclusión y operabilidad, comprobar que la solución es suficientemente propia para ser recordada y defendida. Variante 2: el caso debe tener evidencia visible y no una promesa abstracta.",pendiente de auditoría
AC-09-03,Accessibility,"WCAG, inclusión y operabilidad",distinctiveness,alto,"En WCAG, inclusión y operabilidad, comprobar que la solución es suficientemente propia para ser recordada y defendida. Variante 3: el caso debe tener evidencia visible y no una promesa abstracta.",pendiente de auditoría
AC-09-04,Accessibility,"WCAG, inclusión y operabilidad",distinctiveness,alto,"En WCAG, inclusión y operabilidad, comprobar que la solución es suficientemente propia para ser recordada y defendida. Variante 4: el caso debe tener evidencia visible y no una promesa abstracta.",pendiente de auditoría
AC-09-05,Accessibility,"WCAG, inclusión y operabilidad",distinctiveness,alto,"En WCAG, inclusión y operabilidad, comprobar que la solución es suficientemente propia para ser recordada y defendida. Variante 5: el caso debe tener evidencia visible y no una promesa abstracta.",pendiente de auditoría
AC-09-06,Accessibility,"WCAG, inclusión y operabilidad",distinctiveness,alto,"En WCAG, inclusión y operabilidad, comprobar que la solución es suficientemente propia para ser recordada y defendida. Variante 6: el caso debe tener evidencia visible y no una promesa abstracta.",pendiente de auditoría
AC-09-07,Accessibility,"WCAG, inclusión y operabilidad",distinctiveness,alto,"En WCAG, inclusión y operabilidad, comprobar que la solución es suficientemente propia para ser recordada y defendida. Variante 7: el caso debe tener evidencia visible y no una promesa abstracta.",pendiente de auditoría
AC-09-08,Accessibility,"WCAG, inclusión y operabilidad",distinctiveness,alto,"En WCAG, inclusión y operabilidad, comprobar que la solución es suficientemente propia para ser recordada y defendida. Variante 8: el caso debe tener evidencia visible y no una promesa abstracta.",pendiente de auditoría
AC-09-09,Accessibility,"WCAG, inclusión y operabilidad",distinctiveness,alto,"En WCAG, inclusión y operabilidad, comprobar que la solución es suficientemente propia para ser recordada y defendida. Variante 9: el caso debe tener evidencia visible y no una promesa abstracta.",pendiente de auditoría
AC-09-10,Accessibility,"WCAG, inclusión y operabilidad",distinctiveness,alto,"En WCAG, inclusión y operabilidad, comprobar que la solución es suficientemente propia para ser recordada y defendida. Variante 10: el caso debe tener evidencia visible y no una promesa abstracta.",pendiente de auditoría
AC-10-01,Accessibility,"WCAG, inclusión y operabilidad",verification,crítico,"En WCAG, inclusión y operabilidad, comprobar que el resultado puede validarse con una prueba concreta antes de publicarse. Variante 1: el caso debe tener evidencia visible y no una promesa abstracta.",pendiente de auditoría
AC-10-02,Accessibility,"WCAG, inclusión y operabilidad",verification,crítico,"En WCAG, inclusión y operabilidad, comprobar que el resultado puede validarse con una prueba concreta antes de publicarse. Variante 2: el caso debe tener evidencia visible y no una promesa abstracta.",pendiente de auditoría
AC-10-03,Accessibility,"WCAG, inclusión y operabilidad",verification,crítico,"En WCAG, inclusión y operabilidad, comprobar que el resultado puede validarse con una prueba concreta antes de publicarse. Variante 3: el caso debe tener evidencia visible y no una promesa abstracta.",pendiente de auditoría
AC-10-04,Accessibility,"WCAG, inclusión y operabilidad",verification,crítico,"En WCAG, inclusión y operabilidad, comprobar que el resultado puede validarse con una prueba concreta antes de publicarse. Variante 4: el caso debe tener evidencia visible y no una promesa abstracta.",pendiente de auditoría
AC-10-05,Accessibility,"WCAG, inclusión y operabilidad",verification,crítico,"En WCAG, inclusión y operabilidad, comprobar que el resultado puede validarse con una prueba concreta antes de publicarse. Variante 5: el caso debe tener evidencia visible y no una promesa abstracta.",pendiente de auditoría
AC-10-06,Accessibility,"WCAG, inclusión y operabilidad",verification,crítico,"En WCAG, inclusión y operabilidad, comprobar que el resultado puede validarse con una prueba concreta antes de publicarse. Variante 6: el caso debe tener evidencia visible y no una promesa abstracta.",pendiente de auditoría
AC-10-07,Accessibility,"WCAG, inclusión y operabilidad",verification,crítico,"En WCAG, inclusión y operabilidad, comprobar que el resultado puede validarse con una prueba concreta antes de publicarse. Variante 7: el caso debe tener evidencia visible y no una promesa abstracta.",pendiente de auditoría
AC-10-08,Accessibility,"WCAG, inclusión y operabilidad",verification,crítico,"En WCAG, inclusión y operabilidad, comprobar que el resultado puede validarse con una prueba concreta antes de publicarse. Variante 8: el caso debe tener evidencia visible y no una promesa abstracta.",pendiente de auditoría
AC-10-09,Accessibility,"WCAG, inclusión y operabilidad",verification,crítico,"En WCAG, inclusión y operabilidad, comprobar que el resultado puede validarse con una prueba concreta antes de publicarse. Variante 9: el caso debe tener evidencia visible y no una promesa abstracta.",pendiente de auditoría
AC-10-10,Accessibility,"WCAG, inclusión y operabilidad",verification,crítico,"En WCAG, inclusión y operabilidad, comprobar que el resultado puede validarse con una prueba concreta antes de publicarse. Variante 10: el caso debe tener evidencia visible y no una promesa abstracta.",pendiente de auditoría
PF-01-01,Performance,"carga, respuesta y estabilidad",intent,estratégico,"En carga, respuesta y estabilidad, comprobar que existe una intención verificable y no solo una decisión ornamental. Variante 1: el caso debe tener evidencia visible y no una promesa abstracta.",pendiente de auditoría
PF-01-02,Performance,"carga, respuesta y estabilidad",intent,estratégico,"En carga, respuesta y estabilidad, comprobar que existe una intención verificable y no solo una decisión ornamental. Variante 2: el caso debe tener evidencia visible y no una promesa abstracta.",pendiente de auditoría
PF-01-03,Performance,"carga, respuesta y estabilidad",intent,estratégico,"En carga, respuesta y estabilidad, comprobar que existe una intención verificable y no solo una decisión ornamental. Variante 3: el caso debe tener evidencia visible y no una promesa abstracta.",pendiente de auditoría
PF-01-04,Performance,"carga, respuesta y estabilidad",intent,estratégico,"En carga, respuesta y estabilidad, comprobar que existe una intención verificable y no solo una decisión ornamental. Variante 4: el caso debe tener evidencia visible y no una promesa abstracta.",pendiente de auditoría
PF-01-05,Performance,"carga, respuesta y estabilidad",intent,estratégico,"En carga, respuesta y estabilidad, comprobar que existe una intención verificable y no solo una decisión ornamental. Variante 5: el caso debe tener evidencia visible y no una promesa abstracta.",pendiente de auditoría
PF-01-06,Performance,"carga, respuesta y estabilidad",intent,estratégico,"En carga, respuesta y estabilidad, comprobar que existe una intención verificable y no solo una decisión ornamental. Variante 6: el caso debe tener evidencia visible y no una promesa abstracta.",pendiente de auditoría
PF-01-07,Performance,"carga, respuesta y estabilidad",intent,estratégico,"En carga, respuesta y estabilidad, comprobar que existe una intención verificable y no solo una decisión ornamental. Variante 7: el caso debe tener evidencia visible y no una promesa abstracta.",pendiente de auditoría
PF-01-08,Performance,"carga, respuesta y estabilidad",intent,estratégico,"En carga, respuesta y estabilidad, comprobar que existe una intención verificable y no solo una decisión ornamental. Variante 8: el caso debe tener evidencia visible y no una promesa abstracta.",pendiente de auditoría
PF-01-09,Performance,"carga, respuesta y estabilidad",intent,estratégico,"En carga, respuesta y estabilidad, comprobar que existe una intención verificable y no solo una decisión ornamental. Variante 9: el caso debe tener evidencia visible y no una promesa abstracta.",pendiente de auditoría
PF-01-10,Performance,"carga, respuesta y estabilidad",intent,estratégico,"En carga, respuesta y estabilidad, comprobar que existe una intención verificable y no solo una decisión ornamental. Variante 10: el caso debe tener evidencia visible y no una promesa abstracta.",pendiente de auditoría
PF-02-01,Performance,"carga, respuesta y estabilidad",audience,alto,"En carga, respuesta y estabilidad, comprobar que la decisión sirve al público objetivo y al contexto de uso. Variante 1: el caso debe tener evidencia visible y no una promesa abstracta.",pendiente de auditoría
PF-02-02,Performance,"carga, respuesta y estabilidad",audience,alto,"En carga, respuesta y estabilidad, comprobar que la decisión sirve al público objetivo y al contexto de uso. Variante 2: el caso debe tener evidencia visible y no una promesa abstracta.",pendiente de auditoría
PF-02-03,Performance,"carga, respuesta y estabilidad",audience,alto,"En carga, respuesta y estabilidad, comprobar que la decisión sirve al público objetivo y al contexto de uso. Variante 3: el caso debe tener evidencia visible y no una promesa abstracta.",pendiente de auditoría
PF-02-04,Performance,"carga, respuesta y estabilidad",audience,alto,"En carga, respuesta y estabilidad, comprobar que la decisión sirve al público objetivo y al contexto de uso. Variante 4: el caso debe tener evidencia visible y no una promesa abstracta.",pendiente de auditoría
PF-02-05,Performance,"carga, respuesta y estabilidad",audience,alto,"En carga, respuesta y estabilidad, comprobar que la decisión sirve al público objetivo y al contexto de uso. Variante 5: el caso debe tener evidencia visible y no una promesa abstracta.",pendiente de auditoría
PF-02-06,Performance,"carga, respuesta y estabilidad",audience,alto,"En carga, respuesta y estabilidad, comprobar que la decisión sirve al público objetivo y al contexto de uso. Variante 6: el caso debe tener evidencia visible y no una promesa abstracta.",pendiente de auditoría
PF-02-07,Performance,"carga, respuesta y estabilidad",audience,alto,"En carga, respuesta y estabilidad, comprobar que la decisión sirve al público objetivo y al contexto de uso. Variante 7: el caso debe tener evidencia visible y no una promesa abstracta.",pendiente de auditoría
PF-02-08,Performance,"carga, respuesta y estabilidad",audience,alto,"En carga, respuesta y estabilidad, comprobar que la decisión sirve al público objetivo y al contexto de uso. Variante 8: el caso debe tener evidencia visible y no una promesa abstracta.",pendiente de auditoría
PF-02-09,Performance,"carga, respuesta y estabilidad",audience,alto,"En carga, respuesta y estabilidad, comprobar que la decisión sirve al público objetivo y al contexto de uso. Variante 9: el caso debe tener evidencia visible y no una promesa abstracta.",pendiente de auditoría
PF-02-10,Performance,"carga, respuesta y estabilidad",audience,alto,"En carga, respuesta y estabilidad, comprobar que la decisión sirve al público objetivo y al contexto de uso. Variante 10: el caso debe tener evidencia visible y no una promesa abstracta.",pendiente de auditoría
PF-03-01,Performance,"carga, respuesta y estabilidad",hierarchy,alto,"En carga, respuesta y estabilidad, comprobar que la jerarquía comunica lo importante antes de lo accesorio. Variante 1: el caso debe tener evidencia visible y no una promesa abstracta.",pendiente de auditoría
PF-03-02,Performance,"carga, respuesta y estabilidad",hierarchy,alto,"En carga, respuesta y estabilidad, comprobar que la jerarquía comunica lo importante antes de lo accesorio. Variante 2: el caso debe tener evidencia visible y no una promesa abstracta.",pendiente de auditoría
PF-03-03,Performance,"carga, respuesta y estabilidad",hierarchy,alto,"En carga, respuesta y estabilidad, comprobar que la jerarquía comunica lo importante antes de lo accesorio. Variante 3: el caso debe tener evidencia visible y no una promesa abstracta.",pendiente de auditoría
PF-03-04,Performance,"carga, respuesta y estabilidad",hierarchy,alto,"En carga, respuesta y estabilidad, comprobar que la jerarquía comunica lo importante antes de lo accesorio. Variante 4: el caso debe tener evidencia visible y no una promesa abstracta.",pendiente de auditoría
PF-03-05,Performance,"carga, respuesta y estabilidad",hierarchy,alto,"En carga, respuesta y estabilidad, comprobar que la jerarquía comunica lo importante antes de lo accesorio. Variante 5: el caso debe tener evidencia visible y no una promesa abstracta.",pendiente de auditoría
PF-03-06,Performance,"carga, respuesta y estabilidad",hierarchy,alto,"En carga, respuesta y estabilidad, comprobar que la jerarquía comunica lo importante antes de lo accesorio. Variante 6: el caso debe tener evidencia visible y no una promesa abstracta.",pendiente de auditoría
PF-03-07,Performance,"carga, respuesta y estabilidad",hierarchy,alto,"En carga, respuesta y estabilidad, comprobar que la jerarquía comunica lo importante antes de lo accesorio. Variante 7: el caso debe tener evidencia visible y no una promesa abstracta.",pendiente de auditoría
PF-03-08,Performance,"carga, respuesta y estabilidad",hierarchy,alto,"En carga, respuesta y estabilidad, comprobar que la jerarquía comunica lo importante antes de lo accesorio. Variante 8: el caso debe tener evidencia visible y no una promesa abstracta.",pendiente de auditoría
PF-03-09,Performance,"carga, respuesta y estabilidad",hierarchy,alto,"En carga, respuesta y estabilidad, comprobar que la jerarquía comunica lo importante antes de lo accesorio. Variante 9: el caso debe tener evidencia visible y no una promesa abstracta.",pendiente de auditoría
PF-03-10,Performance,"carga, respuesta y estabilidad",hierarchy,alto,"En carga, respuesta y estabilidad, comprobar que la jerarquía comunica lo importante antes de lo accesorio. Variante 10: el caso debe tener evidencia visible y no una promesa abstracta.",pendiente de auditoría
PF-04-01,Performance,"carga, respuesta y estabilidad",coherence,alto,"En carga, respuesta y estabilidad, comprobar que la ejecución mantiene coherencia con el sistema visual completo. Variante 1: el caso debe tener evidencia visible y no una promesa abstracta.",pendiente de auditoría
PF-04-02,Performance,"carga, respuesta y estabilidad",coherence,alto,"En carga, respuesta y estabilidad, comprobar que la ejecución mantiene coherencia con el sistema visual completo. Variante 2: el caso debe tener evidencia visible y no una promesa abstracta.",pendiente de auditoría
PF-04-03,Performance,"carga, respuesta y estabilidad",coherence,alto,"En carga, respuesta y estabilidad, comprobar que la ejecución mantiene coherencia con el sistema visual completo. Variante 3: el caso debe tener evidencia visible y no una promesa abstracta.",pendiente de auditoría
PF-04-04,Performance,"carga, respuesta y estabilidad",coherence,alto,"En carga, respuesta y estabilidad, comprobar que la ejecución mantiene coherencia con el sistema visual completo. Variante 4: el caso debe tener evidencia visible y no una promesa abstracta.",pendiente de auditoría
PF-04-05,Performance,"carga, respuesta y estabilidad",coherence,alto,"En carga, respuesta y estabilidad, comprobar que la ejecución mantiene coherencia con el sistema visual completo. Variante 5: el caso debe tener evidencia visible y no una promesa abstracta.",pendiente de auditoría
PF-04-06,Performance,"carga, respuesta y estabilidad",coherence,alto,"En carga, respuesta y estabilidad, comprobar que la ejecución mantiene coherencia con el sistema visual completo. Variante 6: el caso debe tener evidencia visible y no una promesa abstracta.",pendiente de auditoría
PF-04-07,Performance,"carga, respuesta y estabilidad",coherence,alto,"En carga, respuesta y estabilidad, comprobar que la ejecución mantiene coherencia con el sistema visual completo. Variante 7: el caso debe tener evidencia visible y no una promesa abstracta.",pendiente de auditoría
PF-04-08,Performance,"carga, respuesta y estabilidad",coherence,alto,"En carga, respuesta y estabilidad, comprobar que la ejecución mantiene coherencia con el sistema visual completo. Variante 8: el caso debe tener evidencia visible y no una promesa abstracta.",pendiente de auditoría
PF-04-09,Performance,"carga, respuesta y estabilidad",coherence,alto,"En carga, respuesta y estabilidad, comprobar que la ejecución mantiene coherencia con el sistema visual completo. Variante 9: el caso debe tener evidencia visible y no una promesa abstracta.",pendiente de auditoría
PF-04-10,Performance,"carga, respuesta y estabilidad",coherence,alto,"En carga, respuesta y estabilidad, comprobar que la ejecución mantiene coherencia con el sistema visual completo. Variante 10: el caso debe tener evidencia visible y no una promesa abstracta.",pendiente de auditoría
PF-05-01,Performance,"carga, respuesta y estabilidad",inclusion,crítico,"En carga, respuesta y estabilidad, comprobar que la experiencia funciona sin depender de una única capacidad sensorial. Variante 1: el caso debe tener evidencia visible y no una promesa abstracta.",pendiente de auditoría
PF-05-02,Performance,"carga, respuesta y estabilidad",inclusion,crítico,"En carga, respuesta y estabilidad, comprobar que la experiencia funciona sin depender de una única capacidad sensorial. Variante 2: el caso debe tener evidencia visible y no una promesa abstracta.",pendiente de auditoría
PF-05-03,Performance,"carga, respuesta y estabilidad",inclusion,crítico,"En carga, respuesta y estabilidad, comprobar que la experiencia funciona sin depender de una única capacidad sensorial. Variante 3: el caso debe tener evidencia visible y no una promesa abstracta.",pendiente de auditoría
PF-05-04,Performance,"carga, respuesta y estabilidad",inclusion,crítico,"En carga, respuesta y estabilidad, comprobar que la experiencia funciona sin depender de una única capacidad sensorial. Variante 4: el caso debe tener evidencia visible y no una promesa abstracta.",pendiente de auditoría
PF-05-05,Performance,"carga, respuesta y estabilidad",inclusion,crítico,"En carga, respuesta y estabilidad, comprobar que la experiencia funciona sin depender de una única capacidad sensorial. Variante 5: el caso debe tener evidencia visible y no una promesa abstracta.",pendiente de auditoría
PF-05-06,Performance,"carga, respuesta y estabilidad",inclusion,crítico,"En carga, respuesta y estabilidad, comprobar que la experiencia funciona sin depender de una única capacidad sensorial. Variante 6: el caso debe tener evidencia visible y no una promesa abstracta.",pendiente de auditoría
PF-05-07,Performance,"carga, respuesta y estabilidad",inclusion,crítico,"En carga, respuesta y estabilidad, comprobar que la experiencia funciona sin depender de una única capacidad sensorial. Variante 7: el caso debe tener evidencia visible y no una promesa abstracta.",pendiente de auditoría
PF-05-08,Performance,"carga, respuesta y estabilidad",inclusion,crítico,"En carga, respuesta y estabilidad, comprobar que la experiencia funciona sin depender de una única capacidad sensorial. Variante 8: el caso debe tener evidencia visible y no una promesa abstracta.",pendiente de auditoría
PF-05-09,Performance,"carga, respuesta y estabilidad",inclusion,crítico,"En carga, respuesta y estabilidad, comprobar que la experiencia funciona sin depender de una única capacidad sensorial. Variante 9: el caso debe tener evidencia visible y no una promesa abstracta.",pendiente de auditoría
PF-05-10,Performance,"carga, respuesta y estabilidad",inclusion,crítico,"En carga, respuesta y estabilidad, comprobar que la experiencia funciona sin depender de una única capacidad sensorial. Variante 10: el caso debe tener evidencia visible y no una promesa abstracta.",pendiente de auditoría
PF-06-01,Performance,"carga, respuesta y estabilidad",feedback,alto,"En carga, respuesta y estabilidad, comprobar que la respuesta del sistema es clara, reversible y observable. Variante 1: el caso debe tener evidencia visible y no una promesa abstracta.",pendiente de auditoría
PF-06-02,Performance,"carga, respuesta y estabilidad",feedback,alto,"En carga, respuesta y estabilidad, comprobar que la respuesta del sistema es clara, reversible y observable. Variante 2: el caso debe tener evidencia visible y no una promesa abstracta.",pendiente de auditoría
PF-06-03,Performance,"carga, respuesta y estabilidad",feedback,alto,"En carga, respuesta y estabilidad, comprobar que la respuesta del sistema es clara, reversible y observable. Variante 3: el caso debe tener evidencia visible y no una promesa abstracta.",pendiente de auditoría
PF-06-04,Performance,"carga, respuesta y estabilidad",feedback,alto,"En carga, respuesta y estabilidad, comprobar que la respuesta del sistema es clara, reversible y observable. Variante 4: el caso debe tener evidencia visible y no una promesa abstracta.",pendiente de auditoría
PF-06-05,Performance,"carga, respuesta y estabilidad",feedback,alto,"En carga, respuesta y estabilidad, comprobar que la respuesta del sistema es clara, reversible y observable. Variante 5: el caso debe tener evidencia visible y no una promesa abstracta.",pendiente de auditoría
PF-06-06,Performance,"carga, respuesta y estabilidad",feedback,alto,"En carga, respuesta y estabilidad, comprobar que la respuesta del sistema es clara, reversible y observable. Variante 6: el caso debe tener evidencia visible y no una promesa abstracta.",pendiente de auditoría
PF-06-07,Performance,"carga, respuesta y estabilidad",feedback,alto,"En carga, respuesta y estabilidad, comprobar que la respuesta del sistema es clara, reversible y observable. Variante 7: el caso debe tener evidencia visible y no una promesa abstracta.",pendiente de auditoría
PF-06-08,Performance,"carga, respuesta y estabilidad",feedback,alto,"En carga, respuesta y estabilidad, comprobar que la respuesta del sistema es clara, reversible y observable. Variante 8: el caso debe tener evidencia visible y no una promesa abstracta.",pendiente de auditoría
PF-06-09,Performance,"carga, respuesta y estabilidad",feedback,alto,"En carga, respuesta y estabilidad, comprobar que la respuesta del sistema es clara, reversible y observable. Variante 9: el caso debe tener evidencia visible y no una promesa abstracta.",pendiente de auditoría
PF-06-10,Performance,"carga, respuesta y estabilidad",feedback,alto,"En carga, respuesta y estabilidad, comprobar que la respuesta del sistema es clara, reversible y observable. Variante 10: el caso debe tener evidencia visible y no una promesa abstracta.",pendiente de auditoría
PF-07-01,Performance,"carga, respuesta y estabilidad",performance,crítico,"En carga, respuesta y estabilidad, comprobar que la decisión conserva rendimiento y no añade fricción innecesaria. Variante 1: el caso debe tener evidencia visible y no una promesa abstracta.",pendiente de auditoría
PF-07-02,Performance,"carga, respuesta y estabilidad",performance,crítico,"En carga, respuesta y estabilidad, comprobar que la decisión conserva rendimiento y no añade fricción innecesaria. Variante 2: el caso debe tener evidencia visible y no una promesa abstracta.",pendiente de auditoría
PF-07-03,Performance,"carga, respuesta y estabilidad",performance,crítico,"En carga, respuesta y estabilidad, comprobar que la decisión conserva rendimiento y no añade fricción innecesaria. Variante 3: el caso debe tener evidencia visible y no una promesa abstracta.",pendiente de auditoría
PF-07-04,Performance,"carga, respuesta y estabilidad",performance,crítico,"En carga, respuesta y estabilidad, comprobar que la decisión conserva rendimiento y no añade fricción innecesaria. Variante 4: el caso debe tener evidencia visible y no una promesa abstracta.",pendiente de auditoría
PF-07-05,Performance,"carga, respuesta y estabilidad",performance,crítico,"En carga, respuesta y estabilidad, comprobar que la decisión conserva rendimiento y no añade fricción innecesaria. Variante 5: el caso debe tener evidencia visible y no una promesa abstracta.",pendiente de auditoría
PF-07-06,Performance,"carga, respuesta y estabilidad",performance,crítico,"En carga, respuesta y estabilidad, comprobar que la decisión conserva rendimiento y no añade fricción innecesaria. Variante 6: el caso debe tener evidencia visible y no una promesa abstracta.",pendiente de auditoría
PF-07-07,Performance,"carga, respuesta y estabilidad",performance,crítico,"En carga, respuesta y estabilidad, comprobar que la decisión conserva rendimiento y no añade fricción innecesaria. Variante 7: el caso debe tener evidencia visible y no una promesa abstracta.",pendiente de auditoría
PF-07-08,Performance,"carga, respuesta y estabilidad",performance,crítico,"En carga, respuesta y estabilidad, comprobar que la decisión conserva rendimiento y no añade fricción innecesaria. Variante 8: el caso debe tener evidencia visible y no una promesa abstracta.",pendiente de auditoría
PF-07-09,Performance,"carga, respuesta y estabilidad",performance,crítico,"En carga, respuesta y estabilidad, comprobar que la decisión conserva rendimiento y no añade fricción innecesaria. Variante 9: el caso debe tener evidencia visible y no una promesa abstracta.",pendiente de auditoría
PF-07-10,Performance,"carga, respuesta y estabilidad",performance,crítico,"En carga, respuesta y estabilidad, comprobar que la decisión conserva rendimiento y no añade fricción innecesaria. Variante 10: el caso debe tener evidencia visible y no una promesa abstracta.",pendiente de auditoría
PF-08-01,Performance,"carga, respuesta y estabilidad",responsive,crítico,"En carga, respuesta y estabilidad, comprobar que la implementación se comporta correctamente en distintos tamaños. Variante 1: el caso debe tener evidencia visible y no una promesa abstracta.",pendiente de auditoría
PF-08-02,Performance,"carga, respuesta y estabilidad",responsive,crítico,"En carga, respuesta y estabilidad, comprobar que la implementación se comporta correctamente en distintos tamaños. Variante 2: el caso debe tener evidencia visible y no una promesa abstracta.",pendiente de auditoría
PF-08-03,Performance,"carga, respuesta y estabilidad",responsive,crítico,"En carga, respuesta y estabilidad, comprobar que la implementación se comporta correctamente en distintos tamaños. Variante 3: el caso debe tener evidencia visible y no una promesa abstracta.",pendiente de auditoría
PF-08-04,Performance,"carga, respuesta y estabilidad",responsive,crítico,"En carga, respuesta y estabilidad, comprobar que la implementación se comporta correctamente en distintos tamaños. Variante 4: el caso debe tener evidencia visible y no una promesa abstracta.",pendiente de auditoría
PF-08-05,Performance,"carga, respuesta y estabilidad",responsive,crítico,"En carga, respuesta y estabilidad, comprobar que la implementación se comporta correctamente en distintos tamaños. Variante 5: el caso debe tener evidencia visible y no una promesa abstracta.",pendiente de auditoría
PF-08-06,Performance,"carga, respuesta y estabilidad",responsive,crítico,"En carga, respuesta y estabilidad, comprobar que la implementación se comporta correctamente en distintos tamaños. Variante 6: el caso debe tener evidencia visible y no una promesa abstracta.",pendiente de auditoría
PF-08-07,Performance,"carga, respuesta y estabilidad",responsive,crítico,"En carga, respuesta y estabilidad, comprobar que la implementación se comporta correctamente en distintos tamaños. Variante 7: el caso debe tener evidencia visible y no una promesa abstracta.",pendiente de auditoría
PF-08-08,Performance,"carga, respuesta y estabilidad",responsive,crítico,"En carga, respuesta y estabilidad, comprobar que la implementación se comporta correctamente en distintos tamaños. Variante 8: el caso debe tener evidencia visible y no una promesa abstracta.",pendiente de auditoría
PF-08-09,Performance,"carga, respuesta y estabilidad",responsive,crítico,"En carga, respuesta y estabilidad, comprobar que la implementación se comporta correctamente en distintos tamaños. Variante 9: el caso debe tener evidencia visible y no una promesa abstracta.",pendiente de auditoría
PF-08-10,Performance,"carga, respuesta y estabilidad",responsive,crítico,"En carga, respuesta y estabilidad, comprobar que la implementación se comporta correctamente en distintos tamaños. Variante 10: el caso debe tener evidencia visible y no una promesa abstracta.",pendiente de auditoría
PF-09-01,Performance,"carga, respuesta y estabilidad",distinctiveness,alto,"En carga, respuesta y estabilidad, comprobar que la solución es suficientemente propia para ser recordada y defendida. Variante 1: el caso debe tener evidencia visible y no una promesa abstracta.",pendiente de auditoría
PF-09-02,Performance,"carga, respuesta y estabilidad",distinctiveness,alto,"En carga, respuesta y estabilidad, comprobar que la solución es suficientemente propia para ser recordada y defendida. Variante 2: el caso debe tener evidencia visible y no una promesa abstracta.",pendiente de auditoría
PF-09-03,Performance,"carga, respuesta y estabilidad",distinctiveness,alto,"En carga, respuesta y estabilidad, comprobar que la solución es suficientemente propia para ser recordada y defendida. Variante 3: el caso debe tener evidencia visible y no una promesa abstracta.",pendiente de auditoría
PF-09-04,Performance,"carga, respuesta y estabilidad",distinctiveness,alto,"En carga, respuesta y estabilidad, comprobar que la solución es suficientemente propia para ser recordada y defendida. Variante 4: el caso debe tener evidencia visible y no una promesa abstracta.",pendiente de auditoría
PF-09-05,Performance,"carga, respuesta y estabilidad",distinctiveness,alto,"En carga, respuesta y estabilidad, comprobar que la solución es suficientemente propia para ser recordada y defendida. Variante 5: el caso debe tener evidencia visible y no una promesa abstracta.",pendiente de auditoría
PF-09-06,Performance,"carga, respuesta y estabilidad",distinctiveness,alto,"En carga, respuesta y estabilidad, comprobar que la solución es suficientemente propia para ser recordada y defendida. Variante 6: el caso debe tener evidencia visible y no una promesa abstracta.",pendiente de auditoría
PF-09-07,Performance,"carga, respuesta y estabilidad",distinctiveness,alto,"En carga, respuesta y estabilidad, comprobar que la solución es suficientemente propia para ser recordada y defendida. Variante 7: el caso debe tener evidencia visible y no una promesa abstracta.",pendiente de auditoría
PF-09-08,Performance,"carga, respuesta y estabilidad",distinctiveness,alto,"En carga, respuesta y estabilidad, comprobar que la solución es suficientemente propia para ser recordada y defendida. Variante 8: el caso debe tener evidencia visible y no una promesa abstracta.",pendiente de auditoría
PF-09-09,Performance,"carga, respuesta y estabilidad",distinctiveness,alto,"En carga, respuesta y estabilidad, comprobar que la solución es suficientemente propia para ser recordada y defendida. Variante 9: el caso debe tener evidencia visible y no una promesa abstracta.",pendiente de auditoría
PF-09-10,Performance,"carga, respuesta y estabilidad",distinctiveness,alto,"En carga, respuesta y estabilidad, comprobar que la solución es suficientemente propia para ser recordada y defendida. Variante 10: el caso debe tener evidencia visible y no una promesa abstracta.",pendiente de auditoría
PF-10-01,Performance,"carga, respuesta y estabilidad",verification,crítico,"En carga, respuesta y estabilidad, comprobar que el resultado puede validarse con una prueba concreta antes de publicarse. Variante 1: el caso debe tener evidencia visible y no una promesa abstracta.",pendiente de auditoría
PF-10-02,Performance,"carga, respuesta y estabilidad",verification,crítico,"En carga, respuesta y estabilidad, comprobar que el resultado puede validarse con una prueba concreta antes de publicarse. Variante 2: el caso debe tener evidencia visible y no una promesa abstracta.",pendiente de auditoría
PF-10-03,Performance,"carga, respuesta y estabilidad",verification,crítico,"En carga, respuesta y estabilidad, comprobar que el resultado puede validarse con una prueba concreta antes de publicarse. Variante 3: el caso debe tener evidencia visible y no una promesa abstracta.",pendiente de auditoría
PF-10-04,Performance,"carga, respuesta y estabilidad",verification,crítico,"En carga, respuesta y estabilidad, comprobar que el resultado puede validarse con una prueba concreta antes de publicarse. Variante 4: el caso debe tener evidencia visible y no una promesa abstracta.",pendiente de auditoría
PF-10-05,Performance,"carga, respuesta y estabilidad",verification,crítico,"En carga, respuesta y estabilidad, comprobar que el resultado puede validarse con una prueba concreta antes de publicarse. Variante 5: el caso debe tener evidencia visible y no una promesa abstracta.",pendiente de auditoría
PF-10-06,Performance,"carga, respuesta y estabilidad",verification,crítico,"En carga, respuesta y estabilidad, comprobar que el resultado puede validarse con una prueba concreta antes de publicarse. Variante 6: el caso debe tener evidencia visible y no una promesa abstracta.",pendiente de auditoría
PF-10-07,Performance,"carga, respuesta y estabilidad",verification,crítico,"En carga, respuesta y estabilidad, comprobar que el resultado puede validarse con una prueba concreta antes de publicarse. Variante 7: el caso debe tener evidencia visible y no una promesa abstracta.",pendiente de auditoría
PF-10-08,Performance,"carga, respuesta y estabilidad",verification,crítico,"En carga, respuesta y estabilidad, comprobar que el resultado puede validarse con una prueba concreta antes de publicarse. Variante 8: el caso debe tener evidencia visible y no una promesa abstracta.",pendiente de auditoría
PF-10-09,Performance,"carga, respuesta y estabilidad",verification,crítico,"En carga, respuesta y estabilidad, comprobar que el resultado puede validarse con una prueba concreta antes de publicarse. Variante 9: el caso debe tener evidencia visible y no una promesa abstracta.",pendiente de auditoría
PF-10-10,Performance,"carga, respuesta y estabilidad",verification,crítico,"En carga, respuesta y estabilidad, comprobar que el resultado puede validarse con una prueba concreta antes de publicarse. Variante 10: el caso debe tener evidencia visible y no una promesa abstracta.",pendiente de auditoría
RS-01-01,Responsive,adaptación a pantallas y dispositivos,intent,estratégico,"En adaptación a pantallas y dispositivos, comprobar que existe una intención verificable y no solo una decisión ornamental. Variante 1: el caso debe tener evidencia visible y no una promesa abstracta.",pendiente de auditoría
RS-01-02,Responsive,adaptación a pantallas y dispositivos,intent,estratégico,"En adaptación a pantallas y dispositivos, comprobar que existe una intención verificable y no solo una decisión ornamental. Variante 2: el caso debe tener evidencia visible y no una promesa abstracta.",pendiente de auditoría
RS-01-03,Responsive,adaptación a pantallas y dispositivos,intent,estratégico,"En adaptación a pantallas y dispositivos, comprobar que existe una intención verificable y no solo una decisión ornamental. Variante 3: el caso debe tener evidencia visible y no una promesa abstracta.",pendiente de auditoría
RS-01-04,Responsive,adaptación a pantallas y dispositivos,intent,estratégico,"En adaptación a pantallas y dispositivos, comprobar que existe una intención verificable y no solo una decisión ornamental. Variante 4: el caso debe tener evidencia visible y no una promesa abstracta.",pendiente de auditoría
RS-01-05,Responsive,adaptación a pantallas y dispositivos,intent,estratégico,"En adaptación a pantallas y dispositivos, comprobar que existe una intención verificable y no solo una decisión ornamental. Variante 5: el caso debe tener evidencia visible y no una promesa abstracta.",pendiente de auditoría
RS-01-06,Responsive,adaptación a pantallas y dispositivos,intent,estratégico,"En adaptación a pantallas y dispositivos, comprobar que existe una intención verificable y no solo una decisión ornamental. Variante 6: el caso debe tener evidencia visible y no una promesa abstracta.",pendiente de auditoría
RS-01-07,Responsive,adaptación a pantallas y dispositivos,intent,estratégico,"En adaptación a pantallas y dispositivos, comprobar que existe una intención verificable y no solo una decisión ornamental. Variante 7: el caso debe tener evidencia visible y no una promesa abstracta.",pendiente de auditoría
RS-01-08,Responsive,adaptación a pantallas y dispositivos,intent,estratégico,"En adaptación a pantallas y dispositivos, comprobar que existe una intención verificable y no solo una decisión ornamental. Variante 8: el caso debe tener evidencia visible y no una promesa abstracta.",pendiente de auditoría
RS-01-09,Responsive,adaptación a pantallas y dispositivos,intent,estratégico,"En adaptación a pantallas y dispositivos, comprobar que existe una intención verificable y no solo una decisión ornamental. Variante 9: el caso debe tener evidencia visible y no una promesa abstracta.",pendiente de auditoría
RS-01-10,Responsive,adaptación a pantallas y dispositivos,intent,estratégico,"En adaptación a pantallas y dispositivos, comprobar que existe una intención verificable y no solo una decisión ornamental. Variante 10: el caso debe tener evidencia visible y no una promesa abstracta.",pendiente de auditoría
RS-02-01,Responsive,adaptación a pantallas y dispositivos,audience,alto,"En adaptación a pantallas y dispositivos, comprobar que la decisión sirve al público objetivo y al contexto de uso. Variante 1: el caso debe tener evidencia visible y no una promesa abstracta.",pendiente de auditoría
RS-02-02,Responsive,adaptación a pantallas y dispositivos,audience,alto,"En adaptación a pantallas y dispositivos, comprobar que la decisión sirve al público objetivo y al contexto de uso. Variante 2: el caso debe tener evidencia visible y no una promesa abstracta.",pendiente de auditoría
RS-02-03,Responsive,adaptación a pantallas y dispositivos,audience,alto,"En adaptación a pantallas y dispositivos, comprobar que la decisión sirve al público objetivo y al contexto de uso. Variante 3: el caso debe tener evidencia visible y no una promesa abstracta.",pendiente de auditoría
RS-02-04,Responsive,adaptación a pantallas y dispositivos,audience,alto,"En adaptación a pantallas y dispositivos, comprobar que la decisión sirve al público objetivo y al contexto de uso. Variante 4: el caso debe tener evidencia visible y no una promesa abstracta.",pendiente de auditoría
RS-02-05,Responsive,adaptación a pantallas y dispositivos,audience,alto,"En adaptación a pantallas y dispositivos, comprobar que la decisión sirve al público objetivo y al contexto de uso. Variante 5: el caso debe tener evidencia visible y no una promesa abstracta.",pendiente de auditoría
RS-02-06,Responsive,adaptación a pantallas y dispositivos,audience,alto,"En adaptación a pantallas y dispositivos, comprobar que la decisión sirve al público objetivo y al contexto de uso. Variante 6: el caso debe tener evidencia visible y no una promesa abstracta.",pendiente de auditoría
RS-02-07,Responsive,adaptación a pantallas y dispositivos,audience,alto,"En adaptación a pantallas y dispositivos, comprobar que la decisión sirve al público objetivo y al contexto de uso. Variante 7: el caso debe tener evidencia visible y no una promesa abstracta.",pendiente de auditoría
RS-02-08,Responsive,adaptación a pantallas y dispositivos,audience,alto,"En adaptación a pantallas y dispositivos, comprobar que la decisión sirve al público objetivo y al contexto de uso. Variante 8: el caso debe tener evidencia visible y no una promesa abstracta.",pendiente de auditoría
RS-02-09,Responsive,adaptación a pantallas y dispositivos,audience,alto,"En adaptación a pantallas y dispositivos, comprobar que la decisión sirve al público objetivo y al contexto de uso. Variante 9: el caso debe tener evidencia visible y no una promesa abstracta.",pendiente de auditoría
RS-02-10,Responsive,adaptación a pantallas y dispositivos,audience,alto,"En adaptación a pantallas y dispositivos, comprobar que la decisión sirve al público objetivo y al contexto de uso. Variante 10: el caso debe tener evidencia visible y no una promesa abstracta.",pendiente de auditoría
RS-03-01,Responsive,adaptación a pantallas y dispositivos,hierarchy,alto,"En adaptación a pantallas y dispositivos, comprobar que la jerarquía comunica lo importante antes de lo accesorio. Variante 1: el caso debe tener evidencia visible y no una promesa abstracta.",pendiente de auditoría
RS-03-02,Responsive,adaptación a pantallas y dispositivos,hierarchy,alto,"En adaptación a pantallas y dispositivos, comprobar que la jerarquía comunica lo importante antes de lo accesorio. Variante 2: el caso debe tener evidencia visible y no una promesa abstracta.",pendiente de auditoría
RS-03-03,Responsive,adaptación a pantallas y dispositivos,hierarchy,alto,"En adaptación a pantallas y dispositivos, comprobar que la jerarquía comunica lo importante antes de lo accesorio. Variante 3: el caso debe tener evidencia visible y no una promesa abstracta.",pendiente de auditoría
RS-03-04,Responsive,adaptación a pantallas y dispositivos,hierarchy,alto,"En adaptación a pantallas y dispositivos, comprobar que la jerarquía comunica lo importante antes de lo accesorio. Variante 4: el caso debe tener evidencia visible y no una promesa abstracta.",pendiente de auditoría
RS-03-05,Responsive,adaptación a pantallas y dispositivos,hierarchy,alto,"En adaptación a pantallas y dispositivos, comprobar que la jerarquía comunica lo importante antes de lo accesorio. Variante 5: el caso debe tener evidencia visible y no una promesa abstracta.",pendiente de auditoría
RS-03-06,Responsive,adaptación a pantallas y dispositivos,hierarchy,alto,"En adaptación a pantallas y dispositivos, comprobar que la jerarquía comunica lo importante antes de lo accesorio. Variante 6: el caso debe tener evidencia visible y no una promesa abstracta.",pendiente de auditoría
RS-03-07,Responsive,adaptación a pantallas y dispositivos,hierarchy,alto,"En adaptación a pantallas y dispositivos, comprobar que la jerarquía comunica lo importante antes de lo accesorio. Variante 7: el caso debe tener evidencia visible y no una promesa abstracta.",pendiente de auditoría
RS-03-08,Responsive,adaptación a pantallas y dispositivos,hierarchy,alto,"En adaptación a pantallas y dispositivos, comprobar que la jerarquía comunica lo importante antes de lo accesorio. Variante 8: el caso debe tener evidencia visible y no una promesa abstracta.",pendiente de auditoría
RS-03-09,Responsive,adaptación a pantallas y dispositivos,hierarchy,alto,"En adaptación a pantallas y dispositivos, comprobar que la jerarquía comunica lo importante antes de lo accesorio. Variante 9: el caso debe tener evidencia visible y no una promesa abstracta.",pendiente de auditoría
RS-03-10,Responsive,adaptación a pantallas y dispositivos,hierarchy,alto,"En adaptación a pantallas y dispositivos, comprobar que la jerarquía comunica lo importante antes de lo accesorio. Variante 10: el caso debe tener evidencia visible y no una promesa abstracta.",pendiente de auditoría
RS-04-01,Responsive,adaptación a pantallas y dispositivos,coherence,alto,"En adaptación a pantallas y dispositivos, comprobar que la ejecución mantiene coherencia con el sistema visual completo. Variante 1: el caso debe tener evidencia visible y no una promesa abstracta.",pendiente de auditoría
RS-04-02,Responsive,adaptación a pantallas y dispositivos,coherence,alto,"En adaptación a pantallas y dispositivos, comprobar que la ejecución mantiene coherencia con el sistema visual completo. Variante 2: el caso debe tener evidencia visible y no una promesa abstracta.",pendiente de auditoría
RS-04-03,Responsive,adaptación a pantallas y dispositivos,coherence,alto,"En adaptación a pantallas y dispositivos, comprobar que la ejecución mantiene coherencia con el sistema visual completo. Variante 3: el caso debe tener evidencia visible y no una promesa abstracta.",pendiente de auditoría
RS-04-04,Responsive,adaptación a pantallas y dispositivos,coherence,alto,"En adaptación a pantallas y dispositivos, comprobar que la ejecución mantiene coherencia con el sistema visual completo. Variante 4: el caso debe tener evidencia visible y no una promesa abstracta.",pendiente de auditoría
RS-04-05,Responsive,adaptación a pantallas y dispositivos,coherence,alto,"En adaptación a pantallas y dispositivos, comprobar que la ejecución mantiene coherencia con el sistema visual completo. Variante 5: el caso debe tener evidencia visible y no una promesa abstracta.",pendiente de auditoría
RS-04-06,Responsive,adaptación a pantallas y dispositivos,coherence,alto,"En adaptación a pantallas y dispositivos, comprobar que la ejecución mantiene coherencia con el sistema visual completo. Variante 6: el caso debe tener evidencia visible y no una promesa abstracta.",pendiente de auditoría
RS-04-07,Responsive,adaptación a pantallas y dispositivos,coherence,alto,"En adaptación a pantallas y dispositivos, comprobar que la ejecución mantiene coherencia con el sistema visual completo. Variante 7: el caso debe tener evidencia visible y no una promesa abstracta.",pendiente de auditoría
RS-04-08,Responsive,adaptación a pantallas y dispositivos,coherence,alto,"En adaptación a pantallas y dispositivos, comprobar que la ejecución mantiene coherencia con el sistema visual completo. Variante 8: el caso debe tener evidencia visible y no una promesa abstracta.",pendiente de auditoría
RS-04-09,Responsive,adaptación a pantallas y dispositivos,coherence,alto,"En adaptación a pantallas y dispositivos, comprobar que la ejecución mantiene coherencia con el sistema visual completo. Variante 9: el caso debe tener evidencia visible y no una promesa abstracta.",pendiente de auditoría
RS-04-10,Responsive,adaptación a pantallas y dispositivos,coherence,alto,"En adaptación a pantallas y dispositivos, comprobar que la ejecución mantiene coherencia con el sistema visual completo. Variante 10: el caso debe tener evidencia visible y no una promesa abstracta.",pendiente de auditoría
RS-05-01,Responsive,adaptación a pantallas y dispositivos,inclusion,crítico,"En adaptación a pantallas y dispositivos, comprobar que la experiencia funciona sin depender de una única capacidad sensorial. Variante 1: el caso debe tener evidencia visible y no una promesa abstracta.",pendiente de auditoría
RS-05-02,Responsive,adaptación a pantallas y dispositivos,inclusion,crítico,"En adaptación a pantallas y dispositivos, comprobar que la experiencia funciona sin depender de una única capacidad sensorial. Variante 2: el caso debe tener evidencia visible y no una promesa abstracta.",pendiente de auditoría
RS-05-03,Responsive,adaptación a pantallas y dispositivos,inclusion,crítico,"En adaptación a pantallas y dispositivos, comprobar que la experiencia funciona sin depender de una única capacidad sensorial. Variante 3: el caso debe tener evidencia visible y no una promesa abstracta.",pendiente de auditoría
RS-05-04,Responsive,adaptación a pantallas y dispositivos,inclusion,crítico,"En adaptación a pantallas y dispositivos, comprobar que la experiencia funciona sin depender de una única capacidad sensorial. Variante 4: el caso debe tener evidencia visible y no una promesa abstracta.",pendiente de auditoría
RS-05-05,Responsive,adaptación a pantallas y dispositivos,inclusion,crítico,"En adaptación a pantallas y dispositivos, comprobar que la experiencia funciona sin depender de una única capacidad sensorial. Variante 5: el caso debe tener evidencia visible y no una promesa abstracta.",pendiente de auditoría
RS-05-06,Responsive,adaptación a pantallas y dispositivos,inclusion,crítico,"En adaptación a pantallas y dispositivos, comprobar que la experiencia funciona sin depender de una única capacidad sensorial. Variante 6: el caso debe tener evidencia visible y no una promesa abstracta.",pendiente de auditoría
RS-05-07,Responsive,adaptación a pantallas y dispositivos,inclusion,crítico,"En adaptación a pantallas y dispositivos, comprobar que la experiencia funciona sin depender de una única capacidad sensorial. Variante 7: el caso debe tener evidencia visible y no una promesa abstracta.",pendiente de auditoría
RS-05-08,Responsive,adaptación a pantallas y dispositivos,inclusion,crítico,"En adaptación a pantallas y dispositivos, comprobar que la experiencia funciona sin depender de una única capacidad sensorial. Variante 8: el caso debe tener evidencia visible y no una promesa abstracta.",pendiente de auditoría
RS-05-09,Responsive,adaptación a pantallas y dispositivos,inclusion,crítico,"En adaptación a pantallas y dispositivos, comprobar que la experiencia funciona sin depender de una única capacidad sensorial. Variante 9: el caso debe tener evidencia visible y no una promesa abstracta.",pendiente de auditoría
RS-05-10,Responsive,adaptación a pantallas y dispositivos,inclusion,crítico,"En adaptación a pantallas y dispositivos, comprobar que la experiencia funciona sin depender de una única capacidad sensorial. Variante 10: el caso debe tener evidencia visible y no una promesa abstracta.",pendiente de auditoría
RS-06-01,Responsive,adaptación a pantallas y dispositivos,feedback,alto,"En adaptación a pantallas y dispositivos, comprobar que la respuesta del sistema es clara, reversible y observable. Variante 1: el caso debe tener evidencia visible y no una promesa abstracta.",pendiente de auditoría
RS-06-02,Responsive,adaptación a pantallas y dispositivos,feedback,alto,"En adaptación a pantallas y dispositivos, comprobar que la respuesta del sistema es clara, reversible y observable. Variante 2: el caso debe tener evidencia visible y no una promesa abstracta.",pendiente de auditoría
RS-06-03,Responsive,adaptación a pantallas y dispositivos,feedback,alto,"En adaptación a pantallas y dispositivos, comprobar que la respuesta del sistema es clara, reversible y observable. Variante 3: el caso debe tener evidencia visible y no una promesa abstracta.",pendiente de auditoría
RS-06-04,Responsive,adaptación a pantallas y dispositivos,feedback,alto,"En adaptación a pantallas y dispositivos, comprobar que la respuesta del sistema es clara, reversible y observable. Variante 4: el caso debe tener evidencia visible y no una promesa abstracta.",pendiente de auditoría
RS-06-05,Responsive,adaptación a pantallas y dispositivos,feedback,alto,"En adaptación a pantallas y dispositivos, comprobar que la respuesta del sistema es clara, reversible y observable. Variante 5: el caso debe tener evidencia visible y no una promesa abstracta.",pendiente de auditoría
RS-06-06,Responsive,adaptación a pantallas y dispositivos,feedback,alto,"En adaptación a pantallas y dispositivos, comprobar que la respuesta del sistema es clara, reversible y observable. Variante 6: el caso debe tener evidencia visible y no una promesa abstracta.",pendiente de auditoría
RS-06-07,Responsive,adaptación a pantallas y dispositivos,feedback,alto,"En adaptación a pantallas y dispositivos, comprobar que la respuesta del sistema es clara, reversible y observable. Variante 7: el caso debe tener evidencia visible y no una promesa abstracta.",pendiente de auditoría
RS-06-08,Responsive,adaptación a pantallas y dispositivos,feedback,alto,"En adaptación a pantallas y dispositivos, comprobar que la respuesta del sistema es clara, reversible y observable. Variante 8: el caso debe tener evidencia visible y no una promesa abstracta.",pendiente de auditoría
RS-06-09,Responsive,adaptación a pantallas y dispositivos,feedback,alto,"En adaptación a pantallas y dispositivos, comprobar que la respuesta del sistema es clara, reversible y observable. Variante 9: el caso debe tener evidencia visible y no una promesa abstracta.",pendiente de auditoría
RS-06-10,Responsive,adaptación a pantallas y dispositivos,feedback,alto,"En adaptación a pantallas y dispositivos, comprobar que la respuesta del sistema es clara, reversible y observable. Variante 10: el caso debe tener evidencia visible y no una promesa abstracta.",pendiente de auditoría
RS-07-01,Responsive,adaptación a pantallas y dispositivos,performance,crítico,"En adaptación a pantallas y dispositivos, comprobar que la decisión conserva rendimiento y no añade fricción innecesaria. Variante 1: el caso debe tener evidencia visible y no una promesa abstracta.",pendiente de auditoría
RS-07-02,Responsive,adaptación a pantallas y dispositivos,performance,crítico,"En adaptación a pantallas y dispositivos, comprobar que la decisión conserva rendimiento y no añade fricción innecesaria. Variante 2: el caso debe tener evidencia visible y no una promesa abstracta.",pendiente de auditoría
RS-07-03,Responsive,adaptación a pantallas y dispositivos,performance,crítico,"En adaptación a pantallas y dispositivos, comprobar que la decisión conserva rendimiento y no añade fricción innecesaria. Variante 3: el caso debe tener evidencia visible y no una promesa abstracta.",pendiente de auditoría
RS-07-04,Responsive,adaptación a pantallas y dispositivos,performance,crítico,"En adaptación a pantallas y dispositivos, comprobar que la decisión conserva rendimiento y no añade fricción innecesaria. Variante 4: el caso debe tener evidencia visible y no una promesa abstracta.",pendiente de auditoría
RS-07-05,Responsive,adaptación a pantallas y dispositivos,performance,crítico,"En adaptación a pantallas y dispositivos, comprobar que la decisión conserva rendimiento y no añade fricción innecesaria. Variante 5: el caso debe tener evidencia visible y no una promesa abstracta.",pendiente de auditoría
RS-07-06,Responsive,adaptación a pantallas y dispositivos,performance,crítico,"En adaptación a pantallas y dispositivos, comprobar que la decisión conserva rendimiento y no añade fricción innecesaria. Variante 6: el caso debe tener evidencia visible y no una promesa abstracta.",pendiente de auditoría
RS-07-07,Responsive,adaptación a pantallas y dispositivos,performance,crítico,"En adaptación a pantallas y dispositivos, comprobar que la decisión conserva rendimiento y no añade fricción innecesaria. Variante 7: el caso debe tener evidencia visible y no una promesa abstracta.",pendiente de auditoría
RS-07-08,Responsive,adaptación a pantallas y dispositivos,performance,crítico,"En adaptación a pantallas y dispositivos, comprobar que la decisión conserva rendimiento y no añade fricción innecesaria. Variante 8: el caso debe tener evidencia visible y no una promesa abstracta.",pendiente de auditoría
RS-07-09,Responsive,adaptación a pantallas y dispositivos,performance,crítico,"En adaptación a pantallas y dispositivos, comprobar que la decisión conserva rendimiento y no añade fricción innecesaria. Variante 9: el caso debe tener evidencia visible y no una promesa abstracta.",pendiente de auditoría
RS-07-10,Responsive,adaptación a pantallas y dispositivos,performance,crítico,"En adaptación a pantallas y dispositivos, comprobar que la decisión conserva rendimiento y no añade fricción innecesaria. Variante 10: el caso debe tener evidencia visible y no una promesa abstracta.",pendiente de auditoría
RS-08-01,Responsive,adaptación a pantallas y dispositivos,responsive,crítico,"En adaptación a pantallas y dispositivos, comprobar que la implementación se comporta correctamente en distintos tamaños. Variante 1: el caso debe tener evidencia visible y no una promesa abstracta.",pendiente de auditoría
RS-08-02,Responsive,adaptación a pantallas y dispositivos,responsive,crítico,"En adaptación a pantallas y dispositivos, comprobar que la implementación se comporta correctamente en distintos tamaños. Variante 2: el caso debe tener evidencia visible y no una promesa abstracta.",pendiente de auditoría
RS-08-03,Responsive,adaptación a pantallas y dispositivos,responsive,crítico,"En adaptación a pantallas y dispositivos, comprobar que la implementación se comporta correctamente en distintos tamaños. Variante 3: el caso debe tener evidencia visible y no una promesa abstracta.",pendiente de auditoría
RS-08-04,Responsive,adaptación a pantallas y dispositivos,responsive,crítico,"En adaptación a pantallas y dispositivos, comprobar que la implementación se comporta correctamente en distintos tamaños. Variante 4: el caso debe tener evidencia visible y no una promesa abstracta.",pendiente de auditoría
RS-08-05,Responsive,adaptación a pantallas y dispositivos,responsive,crítico,"En adaptación a pantallas y dispositivos, comprobar que la implementación se comporta correctamente en distintos tamaños. Variante 5: el caso debe tener evidencia visible y no una promesa abstracta.",pendiente de auditoría
RS-08-06,Responsive,adaptación a pantallas y dispositivos,responsive,crítico,"En adaptación a pantallas y dispositivos, comprobar que la implementación se comporta correctamente en distintos tamaños. Variante 6: el caso debe tener evidencia visible y no una promesa abstracta.",pendiente de auditoría
RS-08-07,Responsive,adaptación a pantallas y dispositivos,responsive,crítico,"En adaptación a pantallas y dispositivos, comprobar que la implementación se comporta correctamente en distintos tamaños. Variante 7: el caso debe tener evidencia visible y no una promesa abstracta.",pendiente de auditoría
RS-08-08,Responsive,adaptación a pantallas y dispositivos,responsive,crítico,"En adaptación a pantallas y dispositivos, comprobar que la implementación se comporta correctamente en distintos tamaños. Variante 8: el caso debe tener evidencia visible y no una promesa abstracta.",pendiente de auditoría
RS-08-09,Responsive,adaptación a pantallas y dispositivos,responsive,crítico,"En adaptación a pantallas y dispositivos, comprobar que la implementación se comporta correctamente en distintos tamaños. Variante 9: el caso debe tener evidencia visible y no una promesa abstracta.",pendiente de auditoría
RS-08-10,Responsive,adaptación a pantallas y dispositivos,responsive,crítico,"En adaptación a pantallas y dispositivos, comprobar que la implementación se comporta correctamente en distintos tamaños. Variante 10: el caso debe tener evidencia visible y no una promesa abstracta.",pendiente de auditoría
RS-09-01,Responsive,adaptación a pantallas y dispositivos,distinctiveness,alto,"En adaptación a pantallas y dispositivos, comprobar que la solución es suficientemente propia para ser recordada y defendida. Variante 1: el caso debe tener evidencia visible y no una promesa abstracta.",pendiente de auditoría
RS-09-02,Responsive,adaptación a pantallas y dispositivos,distinctiveness,alto,"En adaptación a pantallas y dispositivos, comprobar que la solución es suficientemente propia para ser recordada y defendida. Variante 2: el caso debe tener evidencia visible y no una promesa abstracta.",pendiente de auditoría
RS-09-03,Responsive,adaptación a pantallas y dispositivos,distinctiveness,alto,"En adaptación a pantallas y dispositivos, comprobar que la solución es suficientemente propia para ser recordada y defendida. Variante 3: el caso debe tener evidencia visible y no una promesa abstracta.",pendiente de auditoría
RS-09-04,Responsive,adaptación a pantallas y dispositivos,distinctiveness,alto,"En adaptación a pantallas y dispositivos, comprobar que la solución es suficientemente propia para ser recordada y defendida. Variante 4: el caso debe tener evidencia visible y no una promesa abstracta.",pendiente de auditoría
RS-09-05,Responsive,adaptación a pantallas y dispositivos,distinctiveness,alto,"En adaptación a pantallas y dispositivos, comprobar que la solución es suficientemente propia para ser recordada y defendida. Variante 5: el caso debe tener evidencia visible y no una promesa abstracta.",pendiente de auditoría
RS-09-06,Responsive,adaptación a pantallas y dispositivos,distinctiveness,alto,"En adaptación a pantallas y dispositivos, comprobar que la solución es suficientemente propia para ser recordada y defendida. Variante 6: el caso debe tener evidencia visible y no una promesa abstracta.",pendiente de auditoría
RS-09-07,Responsive,adaptación a pantallas y dispositivos,distinctiveness,alto,"En adaptación a pantallas y dispositivos, comprobar que la solución es suficientemente propia para ser recordada y defendida. Variante 7: el caso debe tener evidencia visible y no una promesa abstracta.",pendiente de auditoría
RS-09-08,Responsive,adaptación a pantallas y dispositivos,distinctiveness,alto,"En adaptación a pantallas y dispositivos, comprobar que la solución es suficientemente propia para ser recordada y defendida. Variante 8: el caso debe tener evidencia visible y no una promesa abstracta.",pendiente de auditoría
RS-09-09,Responsive,adaptación a pantallas y dispositivos,distinctiveness,alto,"En adaptación a pantallas y dispositivos, comprobar que la solución es suficientemente propia para ser recordada y defendida. Variante 9: el caso debe tener evidencia visible y no una promesa abstracta.",pendiente de auditoría
RS-09-10,Responsive,adaptación a pantallas y dispositivos,distinctiveness,alto,"En adaptación a pantallas y dispositivos, comprobar que la solución es suficientemente propia para ser recordada y defendida. Variante 10: el caso debe tener evidencia visible y no una promesa abstracta.",pendiente de auditoría
RS-10-01,Responsive,adaptación a pantallas y dispositivos,verification,crítico,"En adaptación a pantallas y dispositivos, comprobar que el resultado puede validarse con una prueba concreta antes de publicarse. Variante 1: el caso debe tener evidencia visible y no una promesa abstracta.",pendiente de auditoría
RS-10-02,Responsive,adaptación a pantallas y dispositivos,verification,crítico,"En adaptación a pantallas y dispositivos, comprobar que el resultado puede validarse con una prueba concreta antes de publicarse. Variante 2: el caso debe tener evidencia visible y no una promesa abstracta.",pendiente de auditoría
RS-10-03,Responsive,adaptación a pantallas y dispositivos,verification,crítico,"En adaptación a pantallas y dispositivos, comprobar que el resultado puede validarse con una prueba concreta antes de publicarse. Variante 3: el caso debe tener evidencia visible y no una promesa abstracta.",pendiente de auditoría
RS-10-04,Responsive,adaptación a pantallas y dispositivos,verification,crítico,"En adaptación a pantallas y dispositivos, comprobar que el resultado puede validarse con una prueba concreta antes de publicarse. Variante 4: el caso debe tener evidencia visible y no una promesa abstracta.",pendiente de auditoría
RS-10-05,Responsive,adaptación a pantallas y dispositivos,verification,crítico,"En adaptación a pantallas y dispositivos, comprobar que el resultado puede validarse con una prueba concreta antes de publicarse. Variante 5: el caso debe tener evidencia visible y no una promesa abstracta.",pendiente de auditoría
RS-10-06,Responsive,adaptación a pantallas y dispositivos,verification,crítico,"En adaptación a pantallas y dispositivos, comprobar que el resultado puede validarse con una prueba concreta antes de publicarse. Variante 6: el caso debe tener evidencia visible y no una promesa abstracta.",pendiente de auditoría
RS-10-07,Responsive,adaptación a pantallas y dispositivos,verification,crítico,"En adaptación a pantallas y dispositivos, comprobar que el resultado puede validarse con una prueba concreta antes de publicarse. Variante 7: el caso debe tener evidencia visible y no una promesa abstracta.",pendiente de auditoría
RS-10-08,Responsive,adaptación a pantallas y dispositivos,verification,crítico,"En adaptación a pantallas y dispositivos, comprobar que el resultado puede validarse con una prueba concreta antes de publicarse. Variante 8: el caso debe tener evidencia visible y no una promesa abstracta.",pendiente de auditoría
RS-10-09,Responsive,adaptación a pantallas y dispositivos,verification,crítico,"En adaptación a pantallas y dispositivos, comprobar que el resultado puede validarse con una prueba concreta antes de publicarse. Variante 9: el caso debe tener evidencia visible y no una promesa abstracta.",pendiente de auditoría
RS-10-10,Responsive,adaptación a pantallas y dispositivos,verification,crítico,"En adaptación a pantallas y dispositivos, comprobar que el resultado puede validarse con una prueba concreta antes de publicarse. Variante 10: el caso debe tener evidencia visible y no una promesa abstracta.",pendiente de auditoría
CD-01-01,Code quality,"arquitectura, mantenibilidad y robustez",intent,estratégico,"En arquitectura, mantenibilidad y robustez, comprobar que existe una intención verificable y no solo una decisión ornamental. Variante 1: el caso debe tener evidencia visible y no una promesa abstracta.",pendiente de auditoría
CD-01-02,Code quality,"arquitectura, mantenibilidad y robustez",intent,estratégico,"En arquitectura, mantenibilidad y robustez, comprobar que existe una intención verificable y no solo una decisión ornamental. Variante 2: el caso debe tener evidencia visible y no una promesa abstracta.",pendiente de auditoría
CD-01-03,Code quality,"arquitectura, mantenibilidad y robustez",intent,estratégico,"En arquitectura, mantenibilidad y robustez, comprobar que existe una intención verificable y no solo una decisión ornamental. Variante 3: el caso debe tener evidencia visible y no una promesa abstracta.",pendiente de auditoría
CD-01-04,Code quality,"arquitectura, mantenibilidad y robustez",intent,estratégico,"En arquitectura, mantenibilidad y robustez, comprobar que existe una intención verificable y no solo una decisión ornamental. Variante 4: el caso debe tener evidencia visible y no una promesa abstracta.",pendiente de auditoría
CD-01-05,Code quality,"arquitectura, mantenibilidad y robustez",intent,estratégico,"En arquitectura, mantenibilidad y robustez, comprobar que existe una intención verificable y no solo una decisión ornamental. Variante 5: el caso debe tener evidencia visible y no una promesa abstracta.",pendiente de auditoría
CD-01-06,Code quality,"arquitectura, mantenibilidad y robustez",intent,estratégico,"En arquitectura, mantenibilidad y robustez, comprobar que existe una intención verificable y no solo una decisión ornamental. Variante 6: el caso debe tener evidencia visible y no una promesa abstracta.",pendiente de auditoría
CD-01-07,Code quality,"arquitectura, mantenibilidad y robustez",intent,estratégico,"En arquitectura, mantenibilidad y robustez, comprobar que existe una intención verificable y no solo una decisión ornamental. Variante 7: el caso debe tener evidencia visible y no una promesa abstracta.",pendiente de auditoría
CD-01-08,Code quality,"arquitectura, mantenibilidad y robustez",intent,estratégico,"En arquitectura, mantenibilidad y robustez, comprobar que existe una intención verificable y no solo una decisión ornamental. Variante 8: el caso debe tener evidencia visible y no una promesa abstracta.",pendiente de auditoría
CD-01-09,Code quality,"arquitectura, mantenibilidad y robustez",intent,estratégico,"En arquitectura, mantenibilidad y robustez, comprobar que existe una intención verificable y no solo una decisión ornamental. Variante 9: el caso debe tener evidencia visible y no una promesa abstracta.",pendiente de auditoría
CD-01-10,Code quality,"arquitectura, mantenibilidad y robustez",intent,estratégico,"En arquitectura, mantenibilidad y robustez, comprobar que existe una intención verificable y no solo una decisión ornamental. Variante 10: el caso debe tener evidencia visible y no una promesa abstracta.",pendiente de auditoría
CD-02-01,Code quality,"arquitectura, mantenibilidad y robustez",audience,alto,"En arquitectura, mantenibilidad y robustez, comprobar que la decisión sirve al público objetivo y al contexto de uso. Variante 1: el caso debe tener evidencia visible y no una promesa abstracta.",pendiente de auditoría
CD-02-02,Code quality,"arquitectura, mantenibilidad y robustez",audience,alto,"En arquitectura, mantenibilidad y robustez, comprobar que la decisión sirve al público objetivo y al contexto de uso. Variante 2: el caso debe tener evidencia visible y no una promesa abstracta.",pendiente de auditoría
CD-02-03,Code quality,"arquitectura, mantenibilidad y robustez",audience,alto,"En arquitectura, mantenibilidad y robustez, comprobar que la decisión sirve al público objetivo y al contexto de uso. Variante 3: el caso debe tener evidencia visible y no una promesa abstracta.",pendiente de auditoría
CD-02-04,Code quality,"arquitectura, mantenibilidad y robustez",audience,alto,"En arquitectura, mantenibilidad y robustez, comprobar que la decisión sirve al público objetivo y al contexto de uso. Variante 4: el caso debe tener evidencia visible y no una promesa abstracta.",pendiente de auditoría
CD-02-05,Code quality,"arquitectura, mantenibilidad y robustez",audience,alto,"En arquitectura, mantenibilidad y robustez, comprobar que la decisión sirve al público objetivo y al contexto de uso. Variante 5: el caso debe tener evidencia visible y no una promesa abstracta.",pendiente de auditoría
CD-02-06,Code quality,"arquitectura, mantenibilidad y robustez",audience,alto,"En arquitectura, mantenibilidad y robustez, comprobar que la decisión sirve al público objetivo y al contexto de uso. Variante 6: el caso debe tener evidencia visible y no una promesa abstracta.",pendiente de auditoría
CD-02-07,Code quality,"arquitectura, mantenibilidad y robustez",audience,alto,"En arquitectura, mantenibilidad y robustez, comprobar que la decisión sirve al público objetivo y al contexto de uso. Variante 7: el caso debe tener evidencia visible y no una promesa abstracta.",pendiente de auditoría
CD-02-08,Code quality,"arquitectura, mantenibilidad y robustez",audience,alto,"En arquitectura, mantenibilidad y robustez, comprobar que la decisión sirve al público objetivo y al contexto de uso. Variante 8: el caso debe tener evidencia visible y no una promesa abstracta.",pendiente de auditoría
CD-02-09,Code quality,"arquitectura, mantenibilidad y robustez",audience,alto,"En arquitectura, mantenibilidad y robustez, comprobar que la decisión sirve al público objetivo y al contexto de uso. Variante 9: el caso debe tener evidencia visible y no una promesa abstracta.",pendiente de auditoría
CD-02-10,Code quality,"arquitectura, mantenibilidad y robustez",audience,alto,"En arquitectura, mantenibilidad y robustez, comprobar que la decisión sirve al público objetivo y al contexto de uso. Variante 10: el caso debe tener evidencia visible y no una promesa abstracta.",pendiente de auditoría
CD-03-01,Code quality,"arquitectura, mantenibilidad y robustez",hierarchy,alto,"En arquitectura, mantenibilidad y robustez, comprobar que la jerarquía comunica lo importante antes de lo accesorio. Variante 1: el caso debe tener evidencia visible y no una promesa abstracta.",pendiente de auditoría
CD-03-02,Code quality,"arquitectura, mantenibilidad y robustez",hierarchy,alto,"En arquitectura, mantenibilidad y robustez, comprobar que la jerarquía comunica lo importante antes de lo accesorio. Variante 2: el caso debe tener evidencia visible y no una promesa abstracta.",pendiente de auditoría
CD-03-03,Code quality,"arquitectura, mantenibilidad y robustez",hierarchy,alto,"En arquitectura, mantenibilidad y robustez, comprobar que la jerarquía comunica lo importante antes de lo accesorio. Variante 3: el caso debe tener evidencia visible y no una promesa abstracta.",pendiente de auditoría
CD-03-04,Code quality,"arquitectura, mantenibilidad y robustez",hierarchy,alto,"En arquitectura, mantenibilidad y robustez, comprobar que la jerarquía comunica lo importante antes de lo accesorio. Variante 4: el caso debe tener evidencia visible y no una promesa abstracta.",pendiente de auditoría
CD-03-05,Code quality,"arquitectura, mantenibilidad y robustez",hierarchy,alto,"En arquitectura, mantenibilidad y robustez, comprobar que la jerarquía comunica lo importante antes de lo accesorio. Variante 5: el caso debe tener evidencia visible y no una promesa abstracta.",pendiente de auditoría
CD-03-06,Code quality,"arquitectura, mantenibilidad y robustez",hierarchy,alto,"En arquitectura, mantenibilidad y robustez, comprobar que la jerarquía comunica lo importante antes de lo accesorio. Variante 6: el caso debe tener evidencia visible y no una promesa abstracta.",pendiente de auditoría
CD-03-07,Code quality,"arquitectura, mantenibilidad y robustez",hierarchy,alto,"En arquitectura, mantenibilidad y robustez, comprobar que la jerarquía comunica lo importante antes de lo accesorio. Variante 7: el caso debe tener evidencia visible y no una promesa abstracta.",pendiente de auditoría
CD-03-08,Code quality,"arquitectura, mantenibilidad y robustez",hierarchy,alto,"En arquitectura, mantenibilidad y robustez, comprobar que la jerarquía comunica lo importante antes de lo accesorio. Variante 8: el caso debe tener evidencia visible y no una promesa abstracta.",pendiente de auditoría
CD-03-09,Code quality,"arquitectura, mantenibilidad y robustez",hierarchy,alto,"En arquitectura, mantenibilidad y robustez, comprobar que la jerarquía comunica lo importante antes de lo accesorio. Variante 9: el caso debe tener evidencia visible y no una promesa abstracta.",pendiente de auditoría
CD-03-10,Code quality,"arquitectura, mantenibilidad y robustez",hierarchy,alto,"En arquitectura, mantenibilidad y robustez, comprobar que la jerarquía comunica lo importante antes de lo accesorio. Variante 10: el caso debe tener evidencia visible y no una promesa abstracta.",pendiente de auditoría
CD-04-01,Code quality,"arquitectura, mantenibilidad y robustez",coherence,alto,"En arquitectura, mantenibilidad y robustez, comprobar que la ejecución mantiene coherencia con el sistema visual completo. Variante 1: el caso debe tener evidencia visible y no una promesa abstracta.",pendiente de auditoría
CD-04-02,Code quality,"arquitectura, mantenibilidad y robustez",coherence,alto,"En arquitectura, mantenibilidad y robustez, comprobar que la ejecución mantiene coherencia con el sistema visual completo. Variante 2: el caso debe tener evidencia visible y no una promesa abstracta.",pendiente de auditoría
CD-04-03,Code quality,"arquitectura, mantenibilidad y robustez",coherence,alto,"En arquitectura, mantenibilidad y robustez, comprobar que la ejecución mantiene coherencia con el sistema visual completo. Variante 3: el caso debe tener evidencia visible y no una promesa abstracta.",pendiente de auditoría
CD-04-04,Code quality,"arquitectura, mantenibilidad y robustez",coherence,alto,"En arquitectura, mantenibilidad y robustez, comprobar que la ejecución mantiene coherencia con el sistema visual completo. Variante 4: el caso debe tener evidencia visible y no una promesa abstracta.",pendiente de auditoría
CD-04-05,Code quality,"arquitectura, mantenibilidad y robustez",coherence,alto,"En arquitectura, mantenibilidad y robustez, comprobar que la ejecución mantiene coherencia con el sistema visual completo. Variante 5: el caso debe tener evidencia visible y no una promesa abstracta.",pendiente de auditoría
CD-04-06,Code quality,"arquitectura, mantenibilidad y robustez",coherence,alto,"En arquitectura, mantenibilidad y robustez, comprobar que la ejecución mantiene coherencia con el sistema visual completo. Variante 6: el caso debe tener evidencia visible y no una promesa abstracta.",pendiente de auditoría
CD-04-07,Code quality,"arquitectura, mantenibilidad y robustez",coherence,alto,"En arquitectura, mantenibilidad y robustez, comprobar que la ejecución mantiene coherencia con el sistema visual completo. Variante 7: el caso debe tener evidencia visible y no una promesa abstracta.",pendiente de auditoría
CD-04-08,Code quality,"arquitectura, mantenibilidad y robustez",coherence,alto,"En arquitectura, mantenibilidad y robustez, comprobar que la ejecución mantiene coherencia con el sistema visual completo. Variante 8: el caso debe tener evidencia visible y no una promesa abstracta.",pendiente de auditoría
CD-04-09,Code quality,"arquitectura, mantenibilidad y robustez",coherence,alto,"En arquitectura, mantenibilidad y robustez, comprobar que la ejecución mantiene coherencia con el sistema visual completo. Variante 9: el caso debe tener evidencia visible y no una promesa abstracta.",pendiente de auditoría
CD-04-10,Code quality,"arquitectura, mantenibilidad y robustez",coherence,alto,"En arquitectura, mantenibilidad y robustez, comprobar que la ejecución mantiene coherencia con el sistema visual completo. Variante 10: el caso debe tener evidencia visible y no una promesa abstracta.",pendiente de auditoría
CD-05-01,Code quality,"arquitectura, mantenibilidad y robustez",inclusion,crítico,"En arquitectura, mantenibilidad y robustez, comprobar que la experiencia funciona sin depender de una única capacidad sensorial. Variante 1: el caso debe tener evidencia visible y no una promesa abstracta.",pendiente de auditoría
CD-05-02,Code quality,"arquitectura, mantenibilidad y robustez",inclusion,crítico,"En arquitectura, mantenibilidad y robustez, comprobar que la experiencia funciona sin depender de una única capacidad sensorial. Variante 2: el caso debe tener evidencia visible y no una promesa abstracta.",pendiente de auditoría
CD-05-03,Code quality,"arquitectura, mantenibilidad y robustez",inclusion,crítico,"En arquitectura, mantenibilidad y robustez, comprobar que la experiencia funciona sin depender de una única capacidad sensorial. Variante 3: el caso debe tener evidencia visible y no una promesa abstracta.",pendiente de auditoría
CD-05-04,Code quality,"arquitectura, mantenibilidad y robustez",inclusion,crítico,"En arquitectura, mantenibilidad y robustez, comprobar que la experiencia funciona sin depender de una única capacidad sensorial. Variante 4: el caso debe tener evidencia visible y no una promesa abstracta.",pendiente de auditoría
CD-05-05,Code quality,"arquitectura, mantenibilidad y robustez",inclusion,crítico,"En arquitectura, mantenibilidad y robustez, comprobar que la experiencia funciona sin depender de una única capacidad sensorial. Variante 5: el caso debe tener evidencia visible y no una promesa abstracta.",pendiente de auditoría
CD-05-06,Code quality,"arquitectura, mantenibilidad y robustez",inclusion,crítico,"En arquitectura, mantenibilidad y robustez, comprobar que la experiencia funciona sin depender de una única capacidad sensorial. Variante 6: el caso debe tener evidencia visible y no una promesa abstracta.",pendiente de auditoría
CD-05-07,Code quality,"arquitectura, mantenibilidad y robustez",inclusion,crítico,"En arquitectura, mantenibilidad y robustez, comprobar que la experiencia funciona sin depender de una única capacidad sensorial. Variante 7: el caso debe tener evidencia visible y no una promesa abstracta.",pendiente de auditoría
CD-05-08,Code quality,"arquitectura, mantenibilidad y robustez",inclusion,crítico,"En arquitectura, mantenibilidad y robustez, comprobar que la experiencia funciona sin depender de una única capacidad sensorial. Variante 8: el caso debe tener evidencia visible y no una promesa abstracta.",pendiente de auditoría
CD-05-09,Code quality,"arquitectura, mantenibilidad y robustez",inclusion,crítico,"En arquitectura, mantenibilidad y robustez, comprobar que la experiencia funciona sin depender de una única capacidad sensorial. Variante 9: el caso debe tener evidencia visible y no una promesa abstracta.",pendiente de auditoría
CD-05-10,Code quality,"arquitectura, mantenibilidad y robustez",inclusion,crítico,"En arquitectura, mantenibilidad y robustez, comprobar que la experiencia funciona sin depender de una única capacidad sensorial. Variante 10: el caso debe tener evidencia visible y no una promesa abstracta.",pendiente de auditoría
CD-06-01,Code quality,"arquitectura, mantenibilidad y robustez",feedback,alto,"En arquitectura, mantenibilidad y robustez, comprobar que la respuesta del sistema es clara, reversible y observable. Variante 1: el caso debe tener evidencia visible y no una promesa abstracta.",pendiente de auditoría
CD-06-02,Code quality,"arquitectura, mantenibilidad y robustez",feedback,alto,"En arquitectura, mantenibilidad y robustez, comprobar que la respuesta del sistema es clara, reversible y observable. Variante 2: el caso debe tener evidencia visible y no una promesa abstracta.",pendiente de auditoría
CD-06-03,Code quality,"arquitectura, mantenibilidad y robustez",feedback,alto,"En arquitectura, mantenibilidad y robustez, comprobar que la respuesta del sistema es clara, reversible y observable. Variante 3: el caso debe tener evidencia visible y no una promesa abstracta.",pendiente de auditoría
CD-06-04,Code quality,"arquitectura, mantenibilidad y robustez",feedback,alto,"En arquitectura, mantenibilidad y robustez, comprobar que la respuesta del sistema es clara, reversible y observable. Variante 4: el caso debe tener evidencia visible y no una promesa abstracta.",pendiente de auditoría
CD-06-05,Code quality,"arquitectura, mantenibilidad y robustez",feedback,alto,"En arquitectura, mantenibilidad y robustez, comprobar que la respuesta del sistema es clara, reversible y observable. Variante 5: el caso debe tener evidencia visible y no una promesa abstracta.",pendiente de auditoría
CD-06-06,Code quality,"arquitectura, mantenibilidad y robustez",feedback,alto,"En arquitectura, mantenibilidad y robustez, comprobar que la respuesta del sistema es clara, reversible y observable. Variante 6: el caso debe tener evidencia visible y no una promesa abstracta.",pendiente de auditoría
CD-06-07,Code quality,"arquitectura, mantenibilidad y robustez",feedback,alto,"En arquitectura, mantenibilidad y robustez, comprobar que la respuesta del sistema es clara, reversible y observable. Variante 7: el caso debe tener evidencia visible y no una promesa abstracta.",pendiente de auditoría
CD-06-08,Code quality,"arquitectura, mantenibilidad y robustez",feedback,alto,"En arquitectura, mantenibilidad y robustez, comprobar que la respuesta del sistema es clara, reversible y observable. Variante 8: el caso debe tener evidencia visible y no una promesa abstracta.",pendiente de auditoría
CD-06-09,Code quality,"arquitectura, mantenibilidad y robustez",feedback,alto,"En arquitectura, mantenibilidad y robustez, comprobar que la respuesta del sistema es clara, reversible y observable. Variante 9: el caso debe tener evidencia visible y no una promesa abstracta.",pendiente de auditoría
CD-06-10,Code quality,"arquitectura, mantenibilidad y robustez",feedback,alto,"En arquitectura, mantenibilidad y robustez, comprobar que la respuesta del sistema es clara, reversible y observable. Variante 10: el caso debe tener evidencia visible y no una promesa abstracta.",pendiente de auditoría
CD-07-01,Code quality,"arquitectura, mantenibilidad y robustez",performance,crítico,"En arquitectura, mantenibilidad y robustez, comprobar que la decisión conserva rendimiento y no añade fricción innecesaria. Variante 1: el caso debe tener evidencia visible y no una promesa abstracta.",pendiente de auditoría
CD-07-02,Code quality,"arquitectura, mantenibilidad y robustez",performance,crítico,"En arquitectura, mantenibilidad y robustez, comprobar que la decisión conserva rendimiento y no añade fricción innecesaria. Variante 2: el caso debe tener evidencia visible y no una promesa abstracta.",pendiente de auditoría
CD-07-03,Code quality,"arquitectura, mantenibilidad y robustez",performance,crítico,"En arquitectura, mantenibilidad y robustez, comprobar que la decisión conserva rendimiento y no añade fricción innecesaria. Variante 3: el caso debe tener evidencia visible y no una promesa abstracta.",pendiente de auditoría
CD-07-04,Code quality,"arquitectura, mantenibilidad y robustez",performance,crítico,"En arquitectura, mantenibilidad y robustez, comprobar que la decisión conserva rendimiento y no añade fricción innecesaria. Variante 4: el caso debe tener evidencia visible y no una promesa abstracta.",pendiente de auditoría
CD-07-05,Code quality,"arquitectura, mantenibilidad y robustez",performance,crítico,"En arquitectura, mantenibilidad y robustez, comprobar que la decisión conserva rendimiento y no añade fricción innecesaria. Variante 5: el caso debe tener evidencia visible y no una promesa abstracta.",pendiente de auditoría
CD-07-06,Code quality,"arquitectura, mantenibilidad y robustez",performance,crítico,"En arquitectura, mantenibilidad y robustez, comprobar que la decisión conserva rendimiento y no añade fricción innecesaria. Variante 6: el caso debe tener evidencia visible y no una promesa abstracta.",pendiente de auditoría
CD-07-07,Code quality,"arquitectura, mantenibilidad y robustez",performance,crítico,"En arquitectura, mantenibilidad y robustez, comprobar que la decisión conserva rendimiento y no añade fricción innecesaria. Variante 7: el caso debe tener evidencia visible y no una promesa abstracta.",pendiente de auditoría
CD-07-08,Code quality,"arquitectura, mantenibilidad y robustez",performance,crítico,"En arquitectura, mantenibilidad y robustez, comprobar que la decisión conserva rendimiento y no añade fricción innecesaria. Variante 8: el caso debe tener evidencia visible y no una promesa abstracta.",pendiente de auditoría
CD-07-09,Code quality,"arquitectura, mantenibilidad y robustez",performance,crítico,"En arquitectura, mantenibilidad y robustez, comprobar que la decisión conserva rendimiento y no añade fricción innecesaria. Variante 9: el caso debe tener evidencia visible y no una promesa abstracta.",pendiente de auditoría
CD-07-10,Code quality,"arquitectura, mantenibilidad y robustez",performance,crítico,"En arquitectura, mantenibilidad y robustez, comprobar que la decisión conserva rendimiento y no añade fricción innecesaria. Variante 10: el caso debe tener evidencia visible y no una promesa abstracta.",pendiente de auditoría
CD-08-01,Code quality,"arquitectura, mantenibilidad y robustez",responsive,crítico,"En arquitectura, mantenibilidad y robustez, comprobar que la implementación se comporta correctamente en distintos tamaños. Variante 1: el caso debe tener evidencia visible y no una promesa abstracta.",pendiente de auditoría
CD-08-02,Code quality,"arquitectura, mantenibilidad y robustez",responsive,crítico,"En arquitectura, mantenibilidad y robustez, comprobar que la implementación se comporta correctamente en distintos tamaños. Variante 2: el caso debe tener evidencia visible y no una promesa abstracta.",pendiente de auditoría
CD-08-03,Code quality,"arquitectura, mantenibilidad y robustez",responsive,crítico,"En arquitectura, mantenibilidad y robustez, comprobar que la implementación se comporta correctamente en distintos tamaños. Variante 3: el caso debe tener evidencia visible y no una promesa abstracta.",pendiente de auditoría
CD-08-04,Code quality,"arquitectura, mantenibilidad y robustez",responsive,crítico,"En arquitectura, mantenibilidad y robustez, comprobar que la implementación se comporta correctamente en distintos tamaños. Variante 4: el caso debe tener evidencia visible y no una promesa abstracta.",pendiente de auditoría
CD-08-05,Code quality,"arquitectura, mantenibilidad y robustez",responsive,crítico,"En arquitectura, mantenibilidad y robustez, comprobar que la implementación se comporta correctamente en distintos tamaños. Variante 5: el caso debe tener evidencia visible y no una promesa abstracta.",pendiente de auditoría
CD-08-06,Code quality,"arquitectura, mantenibilidad y robustez",responsive,crítico,"En arquitectura, mantenibilidad y robustez, comprobar que la implementación se comporta correctamente en distintos tamaños. Variante 6: el caso debe tener evidencia visible y no una promesa abstracta.",pendiente de auditoría
CD-08-07,Code quality,"arquitectura, mantenibilidad y robustez",responsive,crítico,"En arquitectura, mantenibilidad y robustez, comprobar que la implementación se comporta correctamente en distintos tamaños. Variante 7: el caso debe tener evidencia visible y no una promesa abstracta.",pendiente de auditoría
CD-08-08,Code quality,"arquitectura, mantenibilidad y robustez",responsive,crítico,"En arquitectura, mantenibilidad y robustez, comprobar que la implementación se comporta correctamente en distintos tamaños. Variante 8: el caso debe tener evidencia visible y no una promesa abstracta.",pendiente de auditoría
CD-08-09,Code quality,"arquitectura, mantenibilidad y robustez",responsive,crítico,"En arquitectura, mantenibilidad y robustez, comprobar que la implementación se comporta correctamente en distintos tamaños. Variante 9: el caso debe tener evidencia visible y no una promesa abstracta.",pendiente de auditoría
CD-08-10,Code quality,"arquitectura, mantenibilidad y robustez",responsive,crítico,"En arquitectura, mantenibilidad y robustez, comprobar que la implementación se comporta correctamente en distintos tamaños. Variante 10: el caso debe tener evidencia visible y no una promesa abstracta.",pendiente de auditoría
CD-09-01,Code quality,"arquitectura, mantenibilidad y robustez",distinctiveness,alto,"En arquitectura, mantenibilidad y robustez, comprobar que la solución es suficientemente propia para ser recordada y defendida. Variante 1: el caso debe tener evidencia visible y no una promesa abstracta.",pendiente de auditoría
CD-09-02,Code quality,"arquitectura, mantenibilidad y robustez",distinctiveness,alto,"En arquitectura, mantenibilidad y robustez, comprobar que la solución es suficientemente propia para ser recordada y defendida. Variante 2: el caso debe tener evidencia visible y no una promesa abstracta.",pendiente de auditoría
CD-09-03,Code quality,"arquitectura, mantenibilidad y robustez",distinctiveness,alto,"En arquitectura, mantenibilidad y robustez, comprobar que la solución es suficientemente propia para ser recordada y defendida. Variante 3: el caso debe tener evidencia visible y no una promesa abstracta.",pendiente de auditoría
CD-09-04,Code quality,"arquitectura, mantenibilidad y robustez",distinctiveness,alto,"En arquitectura, mantenibilidad y robustez, comprobar que la solución es suficientemente propia para ser recordada y defendida. Variante 4: el caso debe tener evidencia visible y no una promesa abstracta.",pendiente de auditoría
CD-09-05,Code quality,"arquitectura, mantenibilidad y robustez",distinctiveness,alto,"En arquitectura, mantenibilidad y robustez, comprobar que la solución es suficientemente propia para ser recordada y defendida. Variante 5: el caso debe tener evidencia visible y no una promesa abstracta.",pendiente de auditoría
CD-09-06,Code quality,"arquitectura, mantenibilidad y robustez",distinctiveness,alto,"En arquitectura, mantenibilidad y robustez, comprobar que la solución es suficientemente propia para ser recordada y defendida. Variante 6: el caso debe tener evidencia visible y no una promesa abstracta.",pendiente de auditoría
CD-09-07,Code quality,"arquitectura, mantenibilidad y robustez",distinctiveness,alto,"En arquitectura, mantenibilidad y robustez, comprobar que la solución es suficientemente propia para ser recordada y defendida. Variante 7: el caso debe tener evidencia visible y no una promesa abstracta.",pendiente de auditoría
CD-09-08,Code quality,"arquitectura, mantenibilidad y robustez",distinctiveness,alto,"En arquitectura, mantenibilidad y robustez, comprobar que la solución es suficientemente propia para ser recordada y defendida. Variante 8: el caso debe tener evidencia visible y no una promesa abstracta.",pendiente de auditoría
CD-09-09,Code quality,"arquitectura, mantenibilidad y robustez",distinctiveness,alto,"En arquitectura, mantenibilidad y robustez, comprobar que la solución es suficientemente propia para ser recordada y defendida. Variante 9: el caso debe tener evidencia visible y no una promesa abstracta.",pendiente de auditoría
CD-09-10,Code quality,"arquitectura, mantenibilidad y robustez",distinctiveness,alto,"En arquitectura, mantenibilidad y robustez, comprobar que la solución es suficientemente propia para ser recordada y defendida. Variante 10: el caso debe tener evidencia visible y no una promesa abstracta.",pendiente de auditoría
CD-10-01,Code quality,"arquitectura, mantenibilidad y robustez",verification,crítico,"En arquitectura, mantenibilidad y robustez, comprobar que el resultado puede validarse con una prueba concreta antes de publicarse. Variante 1: el caso debe tener evidencia visible y no una promesa abstracta.",pendiente de auditoría
CD-10-02,Code quality,"arquitectura, mantenibilidad y robustez",verification,crítico,"En arquitectura, mantenibilidad y robustez, comprobar que el resultado puede validarse con una prueba concreta antes de publicarse. Variante 2: el caso debe tener evidencia visible y no una promesa abstracta.",pendiente de auditoría
CD-10-03,Code quality,"arquitectura, mantenibilidad y robustez",verification,crítico,"En arquitectura, mantenibilidad y robustez, comprobar que el resultado puede validarse con una prueba concreta antes de publicarse. Variante 3: el caso debe tener evidencia visible y no una promesa abstracta.",pendiente de auditoría
CD-10-04,Code quality,"arquitectura, mantenibilidad y robustez",verification,crítico,"En arquitectura, mantenibilidad y robustez, comprobar que el resultado puede validarse con una prueba concreta antes de publicarse. Variante 4: el caso debe tener evidencia visible y no una promesa abstracta.",pendiente de auditoría
CD-10-05,Code quality,"arquitectura, mantenibilidad y robustez",verification,crítico,"En arquitectura, mantenibilidad y robustez, comprobar que el resultado puede validarse con una prueba concreta antes de publicarse. Variante 5: el caso debe tener evidencia visible y no una promesa abstracta.",pendiente de auditoría
CD-10-06,Code quality,"arquitectura, mantenibilidad y robustez",verification,crítico,"En arquitectura, mantenibilidad y robustez, comprobar que el resultado puede validarse con una prueba concreta antes de publicarse. Variante 6: el caso debe tener evidencia visible y no una promesa abstracta.",pendiente de auditoría
CD-10-07,Code quality,"arquitectura, mantenibilidad y robustez",verification,crítico,"En arquitectura, mantenibilidad y robustez, comprobar que el resultado puede validarse con una prueba concreta antes de publicarse. Variante 7: el caso debe tener evidencia visible y no una promesa abstracta.",pendiente de auditoría
CD-10-08,Code quality,"arquitectura, mantenibilidad y robustez",verification,crítico,"En arquitectura, mantenibilidad y robustez, comprobar que el resultado puede validarse con una prueba concreta antes de publicarse. Variante 8: el caso debe tener evidencia visible y no una promesa abstracta.",pendiente de auditoría
CD-10-09,Code quality,"arquitectura, mantenibilidad y robustez",verification,crítico,"En arquitectura, mantenibilidad y robustez, comprobar que el resultado puede validarse con una prueba concreta antes de publicarse. Variante 9: el caso debe tener evidencia visible y no una promesa abstracta.",pendiente de auditoría
CD-10-10,Code quality,"arquitectura, mantenibilidad y robustez",verification,crítico,"En arquitectura, mantenibilidad y robustez, comprobar que el resultado puede validarse con una prueba concreta antes de publicarse. Variante 10: el caso debe tener evidencia visible y no una promesa abstracta.",pendiente de auditoría
SE-01-01,Search,"metadatos, indexación y compartibilidad",intent,estratégico,"En metadatos, indexación y compartibilidad, comprobar que existe una intención verificable y no solo una decisión ornamental. Variante 1: el caso debe tener evidencia visible y no una promesa abstracta.",pendiente de auditoría
SE-01-02,Search,"metadatos, indexación y compartibilidad",intent,estratégico,"En metadatos, indexación y compartibilidad, comprobar que existe una intención verificable y no solo una decisión ornamental. Variante 2: el caso debe tener evidencia visible y no una promesa abstracta.",pendiente de auditoría
SE-01-03,Search,"metadatos, indexación y compartibilidad",intent,estratégico,"En metadatos, indexación y compartibilidad, comprobar que existe una intención verificable y no solo una decisión ornamental. Variante 3: el caso debe tener evidencia visible y no una promesa abstracta.",pendiente de auditoría
SE-01-04,Search,"metadatos, indexación y compartibilidad",intent,estratégico,"En metadatos, indexación y compartibilidad, comprobar que existe una intención verificable y no solo una decisión ornamental. Variante 4: el caso debe tener evidencia visible y no una promesa abstracta.",pendiente de auditoría
SE-01-05,Search,"metadatos, indexación y compartibilidad",intent,estratégico,"En metadatos, indexación y compartibilidad, comprobar que existe una intención verificable y no solo una decisión ornamental. Variante 5: el caso debe tener evidencia visible y no una promesa abstracta.",pendiente de auditoría
SE-01-06,Search,"metadatos, indexación y compartibilidad",intent,estratégico,"En metadatos, indexación y compartibilidad, comprobar que existe una intención verificable y no solo una decisión ornamental. Variante 6: el caso debe tener evidencia visible y no una promesa abstracta.",pendiente de auditoría
SE-01-07,Search,"metadatos, indexación y compartibilidad",intent,estratégico,"En metadatos, indexación y compartibilidad, comprobar que existe una intención verificable y no solo una decisión ornamental. Variante 7: el caso debe tener evidencia visible y no una promesa abstracta.",pendiente de auditoría
SE-01-08,Search,"metadatos, indexación y compartibilidad",intent,estratégico,"En metadatos, indexación y compartibilidad, comprobar que existe una intención verificable y no solo una decisión ornamental. Variante 8: el caso debe tener evidencia visible y no una promesa abstracta.",pendiente de auditoría
SE-01-09,Search,"metadatos, indexación y compartibilidad",intent,estratégico,"En metadatos, indexación y compartibilidad, comprobar que existe una intención verificable y no solo una decisión ornamental. Variante 9: el caso debe tener evidencia visible y no una promesa abstracta.",pendiente de auditoría
SE-01-10,Search,"metadatos, indexación y compartibilidad",intent,estratégico,"En metadatos, indexación y compartibilidad, comprobar que existe una intención verificable y no solo una decisión ornamental. Variante 10: el caso debe tener evidencia visible y no una promesa abstracta.",pendiente de auditoría
SE-02-01,Search,"metadatos, indexación y compartibilidad",audience,alto,"En metadatos, indexación y compartibilidad, comprobar que la decisión sirve al público objetivo y al contexto de uso. Variante 1: el caso debe tener evidencia visible y no una promesa abstracta.",pendiente de auditoría
SE-02-02,Search,"metadatos, indexación y compartibilidad",audience,alto,"En metadatos, indexación y compartibilidad, comprobar que la decisión sirve al público objetivo y al contexto de uso. Variante 2: el caso debe tener evidencia visible y no una promesa abstracta.",pendiente de auditoría
SE-02-03,Search,"metadatos, indexación y compartibilidad",audience,alto,"En metadatos, indexación y compartibilidad, comprobar que la decisión sirve al público objetivo y al contexto de uso. Variante 3: el caso debe tener evidencia visible y no una promesa abstracta.",pendiente de auditoría
SE-02-04,Search,"metadatos, indexación y compartibilidad",audience,alto,"En metadatos, indexación y compartibilidad, comprobar que la decisión sirve al público objetivo y al contexto de uso. Variante 4: el caso debe tener evidencia visible y no una promesa abstracta.",pendiente de auditoría
SE-02-05,Search,"metadatos, indexación y compartibilidad",audience,alto,"En metadatos, indexación y compartibilidad, comprobar que la decisión sirve al público objetivo y al contexto de uso. Variante 5: el caso debe tener evidencia visible y no una promesa abstracta.",pendiente de auditoría
SE-02-06,Search,"metadatos, indexación y compartibilidad",audience,alto,"En metadatos, indexación y compartibilidad, comprobar que la decisión sirve al público objetivo y al contexto de uso. Variante 6: el caso debe tener evidencia visible y no una promesa abstracta.",pendiente de auditoría
SE-02-07,Search,"metadatos, indexación y compartibilidad",audience,alto,"En metadatos, indexación y compartibilidad, comprobar que la decisión sirve al público objetivo y al contexto de uso. Variante 7: el caso debe tener evidencia visible y no una promesa abstracta.",pendiente de auditoría
SE-02-08,Search,"metadatos, indexación y compartibilidad",audience,alto,"En metadatos, indexación y compartibilidad, comprobar que la decisión sirve al público objetivo y al contexto de uso. Variante 8: el caso debe tener evidencia visible y no una promesa abstracta.",pendiente de auditoría
SE-02-09,Search,"metadatos, indexación y compartibilidad",audience,alto,"En metadatos, indexación y compartibilidad, comprobar que la decisión sirve al público objetivo y al contexto de uso. Variante 9: el caso debe tener evidencia visible y no una promesa abstracta.",pendiente de auditoría
SE-02-10,Search,"metadatos, indexación y compartibilidad",audience,alto,"En metadatos, indexación y compartibilidad, comprobar que la decisión sirve al público objetivo y al contexto de uso. Variante 10: el caso debe tener evidencia visible y no una promesa abstracta.",pendiente de auditoría
SE-03-01,Search,"metadatos, indexación y compartibilidad",hierarchy,alto,"En metadatos, indexación y compartibilidad, comprobar que la jerarquía comunica lo importante antes de lo accesorio. Variante 1: el caso debe tener evidencia visible y no una promesa abstracta.",pendiente de auditoría
SE-03-02,Search,"metadatos, indexación y compartibilidad",hierarchy,alto,"En metadatos, indexación y compartibilidad, comprobar que la jerarquía comunica lo importante antes de lo accesorio. Variante 2: el caso debe tener evidencia visible y no una promesa abstracta.",pendiente de auditoría
SE-03-03,Search,"metadatos, indexación y compartibilidad",hierarchy,alto,"En metadatos, indexación y compartibilidad, comprobar que la jerarquía comunica lo importante antes de lo accesorio. Variante 3: el caso debe tener evidencia visible y no una promesa abstracta.",pendiente de auditoría
SE-03-04,Search,"metadatos, indexación y compartibilidad",hierarchy,alto,"En metadatos, indexación y compartibilidad, comprobar que la jerarquía comunica lo importante antes de lo accesorio. Variante 4: el caso debe tener evidencia visible y no una promesa abstracta.",pendiente de auditoría
SE-03-05,Search,"metadatos, indexación y compartibilidad",hierarchy,alto,"En metadatos, indexación y compartibilidad, comprobar que la jerarquía comunica lo importante antes de lo accesorio. Variante 5: el caso debe tener evidencia visible y no una promesa abstracta.",pendiente de auditoría
SE-03-06,Search,"metadatos, indexación y compartibilidad",hierarchy,alto,"En metadatos, indexación y compartibilidad, comprobar que la jerarquía comunica lo importante antes de lo accesorio. Variante 6: el caso debe tener evidencia visible y no una promesa abstracta.",pendiente de auditoría
SE-03-07,Search,"metadatos, indexación y compartibilidad",hierarchy,alto,"En metadatos, indexación y compartibilidad, comprobar que la jerarquía comunica lo importante antes de lo accesorio. Variante 7: el caso debe tener evidencia visible y no una promesa abstracta.",pendiente de auditoría
SE-03-08,Search,"metadatos, indexación y compartibilidad",hierarchy,alto,"En metadatos, indexación y compartibilidad, comprobar que la jerarquía comunica lo importante antes de lo accesorio. Variante 8: el caso debe tener evidencia visible y no una promesa abstracta.",pendiente de auditoría
SE-03-09,Search,"metadatos, indexación y compartibilidad",hierarchy,alto,"En metadatos, indexación y compartibilidad, comprobar que la jerarquía comunica lo importante antes de lo accesorio. Variante 9: el caso debe tener evidencia visible y no una promesa abstracta.",pendiente de auditoría
SE-03-10,Search,"metadatos, indexación y compartibilidad",hierarchy,alto,"En metadatos, indexación y compartibilidad, comprobar que la jerarquía comunica lo importante antes de lo accesorio. Variante 10: el caso debe tener evidencia visible y no una promesa abstracta.",pendiente de auditoría
SE-04-01,Search,"metadatos, indexación y compartibilidad",coherence,alto,"En metadatos, indexación y compartibilidad, comprobar que la ejecución mantiene coherencia con el sistema visual completo. Variante 1: el caso debe tener evidencia visible y no una promesa abstracta.",pendiente de auditoría
SE-04-02,Search,"metadatos, indexación y compartibilidad",coherence,alto,"En metadatos, indexación y compartibilidad, comprobar que la ejecución mantiene coherencia con el sistema visual completo. Variante 2: el caso debe tener evidencia visible y no una promesa abstracta.",pendiente de auditoría
SE-04-03,Search,"metadatos, indexación y compartibilidad",coherence,alto,"En metadatos, indexación y compartibilidad, comprobar que la ejecución mantiene coherencia con el sistema visual completo. Variante 3: el caso debe tener evidencia visible y no una promesa abstracta.",pendiente de auditoría
SE-04-04,Search,"metadatos, indexación y compartibilidad",coherence,alto,"En metadatos, indexación y compartibilidad, comprobar que la ejecución mantiene coherencia con el sistema visual completo. Variante 4: el caso debe tener evidencia visible y no una promesa abstracta.",pendiente de auditoría
SE-04-05,Search,"metadatos, indexación y compartibilidad",coherence,alto,"En metadatos, indexación y compartibilidad, comprobar que la ejecución mantiene coherencia con el sistema visual completo. Variante 5: el caso debe tener evidencia visible y no una promesa abstracta.",pendiente de auditoría
SE-04-06,Search,"metadatos, indexación y compartibilidad",coherence,alto,"En metadatos, indexación y compartibilidad, comprobar que la ejecución mantiene coherencia con el sistema visual completo. Variante 6: el caso debe tener evidencia visible y no una promesa abstracta.",pendiente de auditoría
SE-04-07,Search,"metadatos, indexación y compartibilidad",coherence,alto,"En metadatos, indexación y compartibilidad, comprobar que la ejecución mantiene coherencia con el sistema visual completo. Variante 7: el caso debe tener evidencia visible y no una promesa abstracta.",pendiente de auditoría
SE-04-08,Search,"metadatos, indexación y compartibilidad",coherence,alto,"En metadatos, indexación y compartibilidad, comprobar que la ejecución mantiene coherencia con el sistema visual completo. Variante 8: el caso debe tener evidencia visible y no una promesa abstracta.",pendiente de auditoría
SE-04-09,Search,"metadatos, indexación y compartibilidad",coherence,alto,"En metadatos, indexación y compartibilidad, comprobar que la ejecución mantiene coherencia con el sistema visual completo. Variante 9: el caso debe tener evidencia visible y no una promesa abstracta.",pendiente de auditoría
SE-04-10,Search,"metadatos, indexación y compartibilidad",coherence,alto,"En metadatos, indexación y compartibilidad, comprobar que la ejecución mantiene coherencia con el sistema visual completo. Variante 10: el caso debe tener evidencia visible y no una promesa abstracta.",pendiente de auditoría
SE-05-01,Search,"metadatos, indexación y compartibilidad",inclusion,crítico,"En metadatos, indexación y compartibilidad, comprobar que la experiencia funciona sin depender de una única capacidad sensorial. Variante 1: el caso debe tener evidencia visible y no una promesa abstracta.",pendiente de auditoría
SE-05-02,Search,"metadatos, indexación y compartibilidad",inclusion,crítico,"En metadatos, indexación y compartibilidad, comprobar que la experiencia funciona sin depender de una única capacidad sensorial. Variante 2: el caso debe tener evidencia visible y no una promesa abstracta.",pendiente de auditoría
SE-05-03,Search,"metadatos, indexación y compartibilidad",inclusion,crítico,"En metadatos, indexación y compartibilidad, comprobar que la experiencia funciona sin depender de una única capacidad sensorial. Variante 3: el caso debe tener evidencia visible y no una promesa abstracta.",pendiente de auditoría
SE-05-04,Search,"metadatos, indexación y compartibilidad",inclusion,crítico,"En metadatos, indexación y compartibilidad, comprobar que la experiencia funciona sin depender de una única capacidad sensorial. Variante 4: el caso debe tener evidencia visible y no una promesa abstracta.",pendiente de auditoría
SE-05-05,Search,"metadatos, indexación y compartibilidad",inclusion,crítico,"En metadatos, indexación y compartibilidad, comprobar que la experiencia funciona sin depender de una única capacidad sensorial. Variante 5: el caso debe tener evidencia visible y no una promesa abstracta.",pendiente de auditoría
SE-05-06,Search,"metadatos, indexación y compartibilidad",inclusion,crítico,"En metadatos, indexación y compartibilidad, comprobar que la experiencia funciona sin depender de una única capacidad sensorial. Variante 6: el caso debe tener evidencia visible y no una promesa abstracta.",pendiente de auditoría
SE-05-07,Search,"metadatos, indexación y compartibilidad",inclusion,crítico,"En metadatos, indexación y compartibilidad, comprobar que la experiencia funciona sin depender de una única capacidad sensorial. Variante 7: el caso debe tener evidencia visible y no una promesa abstracta.",pendiente de auditoría
SE-05-08,Search,"metadatos, indexación y compartibilidad",inclusion,crítico,"En metadatos, indexación y compartibilidad, comprobar que la experiencia funciona sin depender de una única capacidad sensorial. Variante 8: el caso debe tener evidencia visible y no una promesa abstracta.",pendiente de auditoría
SE-05-09,Search,"metadatos, indexación y compartibilidad",inclusion,crítico,"En metadatos, indexación y compartibilidad, comprobar que la experiencia funciona sin depender de una única capacidad sensorial. Variante 9: el caso debe tener evidencia visible y no una promesa abstracta.",pendiente de auditoría
SE-05-10,Search,"metadatos, indexación y compartibilidad",inclusion,crítico,"En metadatos, indexación y compartibilidad, comprobar que la experiencia funciona sin depender de una única capacidad sensorial. Variante 10: el caso debe tener evidencia visible y no una promesa abstracta.",pendiente de auditoría
SE-06-01,Search,"metadatos, indexación y compartibilidad",feedback,alto,"En metadatos, indexación y compartibilidad, comprobar que la respuesta del sistema es clara, reversible y observable. Variante 1: el caso debe tener evidencia visible y no una promesa abstracta.",pendiente de auditoría
SE-06-02,Search,"metadatos, indexación y compartibilidad",feedback,alto,"En metadatos, indexación y compartibilidad, comprobar que la respuesta del sistema es clara, reversible y observable. Variante 2: el caso debe tener evidencia visible y no una promesa abstracta.",pendiente de auditoría
SE-06-03,Search,"metadatos, indexación y compartibilidad",feedback,alto,"En metadatos, indexación y compartibilidad, comprobar que la respuesta del sistema es clara, reversible y observable. Variante 3: el caso debe tener evidencia visible y no una promesa abstracta.",pendiente de auditoría
SE-06-04,Search,"metadatos, indexación y compartibilidad",feedback,alto,"En metadatos, indexación y compartibilidad, comprobar que la respuesta del sistema es clara, reversible y observable. Variante 4: el caso debe tener evidencia visible y no una promesa abstracta.",pendiente de auditoría
SE-06-05,Search,"metadatos, indexación y compartibilidad",feedback,alto,"En metadatos, indexación y compartibilidad, comprobar que la respuesta del sistema es clara, reversible y observable. Variante 5: el caso debe tener evidencia visible y no una promesa abstracta.",pendiente de auditoría
SE-06-06,Search,"metadatos, indexación y compartibilidad",feedback,alto,"En metadatos, indexación y compartibilidad, comprobar que la respuesta del sistema es clara, reversible y observable. Variante 6: el caso debe tener evidencia visible y no una promesa abstracta.",pendiente de auditoría
SE-06-07,Search,"metadatos, indexación y compartibilidad",feedback,alto,"En metadatos, indexación y compartibilidad, comprobar que la respuesta del sistema es clara, reversible y observable. Variante 7: el caso debe tener evidencia visible y no una promesa abstracta.",pendiente de auditoría
SE-06-08,Search,"metadatos, indexación y compartibilidad",feedback,alto,"En metadatos, indexación y compartibilidad, comprobar que la respuesta del sistema es clara, reversible y observable. Variante 8: el caso debe tener evidencia visible y no una promesa abstracta.",pendiente de auditoría
SE-06-09,Search,"metadatos, indexación y compartibilidad",feedback,alto,"En metadatos, indexación y compartibilidad, comprobar que la respuesta del sistema es clara, reversible y observable. Variante 9: el caso debe tener evidencia visible y no una promesa abstracta.",pendiente de auditoría
SE-06-10,Search,"metadatos, indexación y compartibilidad",feedback,alto,"En metadatos, indexación y compartibilidad, comprobar que la respuesta del sistema es clara, reversible y observable. Variante 10: el caso debe tener evidencia visible y no una promesa abstracta.",pendiente de auditoría
SE-07-01,Search,"metadatos, indexación y compartibilidad",performance,crítico,"En metadatos, indexación y compartibilidad, comprobar que la decisión conserva rendimiento y no añade fricción innecesaria. Variante 1: el caso debe tener evidencia visible y no una promesa abstracta.",pendiente de auditoría
SE-07-02,Search,"metadatos, indexación y compartibilidad",performance,crítico,"En metadatos, indexación y compartibilidad, comprobar que la decisión conserva rendimiento y no añade fricción innecesaria. Variante 2: el caso debe tener evidencia visible y no una promesa abstracta.",pendiente de auditoría
SE-07-03,Search,"metadatos, indexación y compartibilidad",performance,crítico,"En metadatos, indexación y compartibilidad, comprobar que la decisión conserva rendimiento y no añade fricción innecesaria. Variante 3: el caso debe tener evidencia visible y no una promesa abstracta.",pendiente de auditoría
SE-07-04,Search,"metadatos, indexación y compartibilidad",performance,crítico,"En metadatos, indexación y compartibilidad, comprobar que la decisión conserva rendimiento y no añade fricción innecesaria. Variante 4: el caso debe tener evidencia visible y no una promesa abstracta.",pendiente de auditoría
SE-07-05,Search,"metadatos, indexación y compartibilidad",performance,crítico,"En metadatos, indexación y compartibilidad, comprobar que la decisión conserva rendimiento y no añade fricción innecesaria. Variante 5: el caso debe tener evidencia visible y no una promesa abstracta.",pendiente de auditoría
SE-07-06,Search,"metadatos, indexación y compartibilidad",performance,crítico,"En metadatos, indexación y compartibilidad, comprobar que la decisión conserva rendimiento y no añade fricción innecesaria. Variante 6: el caso debe tener evidencia visible y no una promesa abstracta.",pendiente de auditoría
SE-07-07,Search,"metadatos, indexación y compartibilidad",performance,crítico,"En metadatos, indexación y compartibilidad, comprobar que la decisión conserva rendimiento y no añade fricción innecesaria. Variante 7: el caso debe tener evidencia visible y no una promesa abstracta.",pendiente de auditoría
SE-07-08,Search,"metadatos, indexación y compartibilidad",performance,crítico,"En metadatos, indexación y compartibilidad, comprobar que la decisión conserva rendimiento y no añade fricción innecesaria. Variante 8: el caso debe tener evidencia visible y no una promesa abstracta.",pendiente de auditoría
SE-07-09,Search,"metadatos, indexación y compartibilidad",performance,crítico,"En metadatos, indexación y compartibilidad, comprobar que la decisión conserva rendimiento y no añade fricción innecesaria. Variante 9: el caso debe tener evidencia visible y no una promesa abstracta.",pendiente de auditoría
SE-07-10,Search,"metadatos, indexación y compartibilidad",performance,crítico,"En metadatos, indexación y compartibilidad, comprobar que la decisión conserva rendimiento y no añade fricción innecesaria. Variante 10: el caso debe tener evidencia visible y no una promesa abstracta.",pendiente de auditoría
SE-08-01,Search,"metadatos, indexación y compartibilidad",responsive,crítico,"En metadatos, indexación y compartibilidad, comprobar que la implementación se comporta correctamente en distintos tamaños. Variante 1: el caso debe tener evidencia visible y no una promesa abstracta.",pendiente de auditoría
SE-08-02,Search,"metadatos, indexación y compartibilidad",responsive,crítico,"En metadatos, indexación y compartibilidad, comprobar que la implementación se comporta correctamente en distintos tamaños. Variante 2: el caso debe tener evidencia visible y no una promesa abstracta.",pendiente de auditoría
SE-08-03,Search,"metadatos, indexación y compartibilidad",responsive,crítico,"En metadatos, indexación y compartibilidad, comprobar que la implementación se comporta correctamente en distintos tamaños. Variante 3: el caso debe tener evidencia visible y no una promesa abstracta.",pendiente de auditoría
SE-08-04,Search,"metadatos, indexación y compartibilidad",responsive,crítico,"En metadatos, indexación y compartibilidad, comprobar que la implementación se comporta correctamente en distintos tamaños. Variante 4: el caso debe tener evidencia visible y no una promesa abstracta.",pendiente de auditoría
SE-08-05,Search,"metadatos, indexación y compartibilidad",responsive,crítico,"En metadatos, indexación y compartibilidad, comprobar que la implementación se comporta correctamente en distintos tamaños. Variante 5: el caso debe tener evidencia visible y no una promesa abstracta.",pendiente de auditoría
SE-08-06,Search,"metadatos, indexación y compartibilidad",responsive,crítico,"En metadatos, indexación y compartibilidad, comprobar que la implementación se comporta correctamente en distintos tamaños. Variante 6: el caso debe tener evidencia visible y no una promesa abstracta.",pendiente de auditoría
SE-08-07,Search,"metadatos, indexación y compartibilidad",responsive,crítico,"En metadatos, indexación y compartibilidad, comprobar que la implementación se comporta correctamente en distintos tamaños. Variante 7: el caso debe tener evidencia visible y no una promesa abstracta.",pendiente de auditoría
SE-08-08,Search,"metadatos, indexación y compartibilidad",responsive,crítico,"En metadatos, indexación y compartibilidad, comprobar que la implementación se comporta correctamente en distintos tamaños. Variante 8: el caso debe tener evidencia visible y no una promesa abstracta.",pendiente de auditoría
SE-08-09,Search,"metadatos, indexación y compartibilidad",responsive,crítico,"En metadatos, indexación y compartibilidad, comprobar que la implementación se comporta correctamente en distintos tamaños. Variante 9: el caso debe tener evidencia visible y no una promesa abstracta.",pendiente de auditoría
SE-08-10,Search,"metadatos, indexación y compartibilidad",responsive,crítico,"En metadatos, indexación y compartibilidad, comprobar que la implementación se comporta correctamente en distintos tamaños. Variante 10: el caso debe tener evidencia visible y no una promesa abstracta.",pendiente de auditoría
SE-09-01,Search,"metadatos, indexación y compartibilidad",distinctiveness,alto,"En metadatos, indexación y compartibilidad, comprobar que la solución es suficientemente propia para ser recordada y defendida. Variante 1: el caso debe tener evidencia visible y no una promesa abstracta.",pendiente de auditoría
SE-09-02,Search,"metadatos, indexación y compartibilidad",distinctiveness,alto,"En metadatos, indexación y compartibilidad, comprobar que la solución es suficientemente propia para ser recordada y defendida. Variante 2: el caso debe tener evidencia visible y no una promesa abstracta.",pendiente de auditoría
SE-09-03,Search,"metadatos, indexación y compartibilidad",distinctiveness,alto,"En metadatos, indexación y compartibilidad, comprobar que la solución es suficientemente propia para ser recordada y defendida. Variante 3: el caso debe tener evidencia visible y no una promesa abstracta.",pendiente de auditoría
SE-09-04,Search,"metadatos, indexación y compartibilidad",distinctiveness,alto,"En metadatos, indexación y compartibilidad, comprobar que la solución es suficientemente propia para ser recordada y defendida. Variante 4: el caso debe tener evidencia visible y no una promesa abstracta.",pendiente de auditoría
SE-09-05,Search,"metadatos, indexación y compartibilidad",distinctiveness,alto,"En metadatos, indexación y compartibilidad, comprobar que la solución es suficientemente propia para ser recordada y defendida. Variante 5: el caso debe tener evidencia visible y no una promesa abstracta.",pendiente de auditoría
SE-09-06,Search,"metadatos, indexación y compartibilidad",distinctiveness,alto,"En metadatos, indexación y compartibilidad, comprobar que la solución es suficientemente propia para ser recordada y defendida. Variante 6: el caso debe tener evidencia visible y no una promesa abstracta.",pendiente de auditoría
SE-09-07,Search,"metadatos, indexación y compartibilidad",distinctiveness,alto,"En metadatos, indexación y compartibilidad, comprobar que la solución es suficientemente propia para ser recordada y defendida. Variante 7: el caso debe tener evidencia visible y no una promesa abstracta.",pendiente de auditoría
SE-09-08,Search,"metadatos, indexación y compartibilidad",distinctiveness,alto,"En metadatos, indexación y compartibilidad, comprobar que la solución es suficientemente propia para ser recordada y defendida. Variante 8: el caso debe tener evidencia visible y no una promesa abstracta.",pendiente de auditoría
SE-09-09,Search,"metadatos, indexación y compartibilidad",distinctiveness,alto,"En metadatos, indexación y compartibilidad, comprobar que la solución es suficientemente propia para ser recordada y defendida. Variante 9: el caso debe tener evidencia visible y no una promesa abstracta.",pendiente de auditoría
SE-09-10,Search,"metadatos, indexación y compartibilidad",distinctiveness,alto,"En metadatos, indexación y compartibilidad, comprobar que la solución es suficientemente propia para ser recordada y defendida. Variante 10: el caso debe tener evidencia visible y no una promesa abstracta.",pendiente de auditoría
SE-10-01,Search,"metadatos, indexación y compartibilidad",verification,crítico,"En metadatos, indexación y compartibilidad, comprobar que el resultado puede validarse con una prueba concreta antes de publicarse. Variante 1: el caso debe tener evidencia visible y no una promesa abstracta.",pendiente de auditoría
SE-10-02,Search,"metadatos, indexación y compartibilidad",verification,crítico,"En metadatos, indexación y compartibilidad, comprobar que el resultado puede validarse con una prueba concreta antes de publicarse. Variante 2: el caso debe tener evidencia visible y no una promesa abstracta.",pendiente de auditoría
SE-10-03,Search,"metadatos, indexación y compartibilidad",verification,crítico,"En metadatos, indexación y compartibilidad, comprobar que el resultado puede validarse con una prueba concreta antes de publicarse. Variante 3: el caso debe tener evidencia visible y no una promesa abstracta.",pendiente de auditoría
SE-10-04,Search,"metadatos, indexación y compartibilidad",verification,crítico,"En metadatos, indexación y compartibilidad, comprobar que el resultado puede validarse con una prueba concreta antes de publicarse. Variante 4: el caso debe tener evidencia visible y no una promesa abstracta.",pendiente de auditoría
SE-10-05,Search,"metadatos, indexación y compartibilidad",verification,crítico,"En metadatos, indexación y compartibilidad, comprobar que el resultado puede validarse con una prueba concreta antes de publicarse. Variante 5: el caso debe tener evidencia visible y no una promesa abstracta.",pendiente de auditoría
SE-10-06,Search,"metadatos, indexación y compartibilidad",verification,crítico,"En metadatos, indexación y compartibilidad, comprobar que el resultado puede validarse con una prueba concreta antes de publicarse. Variante 6: el caso debe tener evidencia visible y no una promesa abstracta.",pendiente de auditoría
SE-10-07,Search,"metadatos, indexación y compartibilidad",verification,crítico,"En metadatos, indexación y compartibilidad, comprobar que el resultado puede validarse con una prueba concreta antes de publicarse. Variante 7: el caso debe tener evidencia visible y no una promesa abstracta.",pendiente de auditoría
SE-10-08,Search,"metadatos, indexación y compartibilidad",verification,crítico,"En metadatos, indexación y compartibilidad, comprobar que el resultado puede validarse con una prueba concreta antes de publicarse. Variante 8: el caso debe tener evidencia visible y no una promesa abstracta.",pendiente de auditoría
SE-10-09,Search,"metadatos, indexación y compartibilidad",verification,crítico,"En metadatos, indexación y compartibilidad, comprobar que el resultado puede validarse con una prueba concreta antes de publicarse. Variante 9: el caso debe tener evidencia visible y no una promesa abstracta.",pendiente de auditoría
SE-10-10,Search,"metadatos, indexación y compartibilidad",verification,crítico,"En metadatos, indexación y compartibilidad, comprobar que el resultado puede validarse con una prueba concreta antes de publicarse. Variante 10: el caso debe tener evidencia visible y no una promesa abstracta.",pendiente de auditoría
TR-01-01,Trust,"credibilidad, transparencia y seguridad",intent,estratégico,"En credibilidad, transparencia y seguridad, comprobar que existe una intención verificable y no solo una decisión ornamental. Variante 1: el caso debe tener evidencia visible y no una promesa abstracta.",pendiente de auditoría
TR-01-02,Trust,"credibilidad, transparencia y seguridad",intent,estratégico,"En credibilidad, transparencia y seguridad, comprobar que existe una intención verificable y no solo una decisión ornamental. Variante 2: el caso debe tener evidencia visible y no una promesa abstracta.",pendiente de auditoría
TR-01-03,Trust,"credibilidad, transparencia y seguridad",intent,estratégico,"En credibilidad, transparencia y seguridad, comprobar que existe una intención verificable y no solo una decisión ornamental. Variante 3: el caso debe tener evidencia visible y no una promesa abstracta.",pendiente de auditoría
TR-01-04,Trust,"credibilidad, transparencia y seguridad",intent,estratégico,"En credibilidad, transparencia y seguridad, comprobar que existe una intención verificable y no solo una decisión ornamental. Variante 4: el caso debe tener evidencia visible y no una promesa abstracta.",pendiente de auditoría
TR-01-05,Trust,"credibilidad, transparencia y seguridad",intent,estratégico,"En credibilidad, transparencia y seguridad, comprobar que existe una intención verificable y no solo una decisión ornamental. Variante 5: el caso debe tener evidencia visible y no una promesa abstracta.",pendiente de auditoría
TR-01-06,Trust,"credibilidad, transparencia y seguridad",intent,estratégico,"En credibilidad, transparencia y seguridad, comprobar que existe una intención verificable y no solo una decisión ornamental. Variante 6: el caso debe tener evidencia visible y no una promesa abstracta.",pendiente de auditoría
TR-01-07,Trust,"credibilidad, transparencia y seguridad",intent,estratégico,"En credibilidad, transparencia y seguridad, comprobar que existe una intención verificable y no solo una decisión ornamental. Variante 7: el caso debe tener evidencia visible y no una promesa abstracta.",pendiente de auditoría
TR-01-08,Trust,"credibilidad, transparencia y seguridad",intent,estratégico,"En credibilidad, transparencia y seguridad, comprobar que existe una intención verificable y no solo una decisión ornamental. Variante 8: el caso debe tener evidencia visible y no una promesa abstracta.",pendiente de auditoría
TR-01-09,Trust,"credibilidad, transparencia y seguridad",intent,estratégico,"En credibilidad, transparencia y seguridad, comprobar que existe una intención verificable y no solo una decisión ornamental. Variante 9: el caso debe tener evidencia visible y no una promesa abstracta.",pendiente de auditoría
TR-01-10,Trust,"credibilidad, transparencia y seguridad",intent,estratégico,"En credibilidad, transparencia y seguridad, comprobar que existe una intención verificable y no solo una decisión ornamental. Variante 10: el caso debe tener evidencia visible y no una promesa abstracta.",pendiente de auditoría
TR-02-01,Trust,"credibilidad, transparencia y seguridad",audience,alto,"En credibilidad, transparencia y seguridad, comprobar que la decisión sirve al público objetivo y al contexto de uso. Variante 1: el caso debe tener evidencia visible y no una promesa abstracta.",pendiente de auditoría
TR-02-02,Trust,"credibilidad, transparencia y seguridad",audience,alto,"En credibilidad, transparencia y seguridad, comprobar que la decisión sirve al público objetivo y al contexto de uso. Variante 2: el caso debe tener evidencia visible y no una promesa abstracta.",pendiente de auditoría
TR-02-03,Trust,"credibilidad, transparencia y seguridad",audience,alto,"En credibilidad, transparencia y seguridad, comprobar que la decisión sirve al público objetivo y al contexto de uso. Variante 3: el caso debe tener evidencia visible y no una promesa abstracta.",pendiente de auditoría
TR-02-04,Trust,"credibilidad, transparencia y seguridad",audience,alto,"En credibilidad, transparencia y seguridad, comprobar que la decisión sirve al público objetivo y al contexto de uso. Variante 4: el caso debe tener evidencia visible y no una promesa abstracta.",pendiente de auditoría
TR-02-05,Trust,"credibilidad, transparencia y seguridad",audience,alto,"En credibilidad, transparencia y seguridad, comprobar que la decisión sirve al público objetivo y al contexto de uso. Variante 5: el caso debe tener evidencia visible y no una promesa abstracta.",pendiente de auditoría
TR-02-06,Trust,"credibilidad, transparencia y seguridad",audience,alto,"En credibilidad, transparencia y seguridad, comprobar que la decisión sirve al público objetivo y al contexto de uso. Variante 6: el caso debe tener evidencia visible y no una promesa abstracta.",pendiente de auditoría
TR-02-07,Trust,"credibilidad, transparencia y seguridad",audience,alto,"En credibilidad, transparencia y seguridad, comprobar que la decisión sirve al público objetivo y al contexto de uso. Variante 7: el caso debe tener evidencia visible y no una promesa abstracta.",pendiente de auditoría
TR-02-08,Trust,"credibilidad, transparencia y seguridad",audience,alto,"En credibilidad, transparencia y seguridad, comprobar que la decisión sirve al público objetivo y al contexto de uso. Variante 8: el caso debe tener evidencia visible y no una promesa abstracta.",pendiente de auditoría
TR-02-09,Trust,"credibilidad, transparencia y seguridad",audience,alto,"En credibilidad, transparencia y seguridad, comprobar que la decisión sirve al público objetivo y al contexto de uso. Variante 9: el caso debe tener evidencia visible y no una promesa abstracta.",pendiente de auditoría
TR-02-10,Trust,"credibilidad, transparencia y seguridad",audience,alto,"En credibilidad, transparencia y seguridad, comprobar que la decisión sirve al público objetivo y al contexto de uso. Variante 10: el caso debe tener evidencia visible y no una promesa abstracta.",pendiente de auditoría
TR-03-01,Trust,"credibilidad, transparencia y seguridad",hierarchy,alto,"En credibilidad, transparencia y seguridad, comprobar que la jerarquía comunica lo importante antes de lo accesorio. Variante 1: el caso debe tener evidencia visible y no una promesa abstracta.",pendiente de auditoría
TR-03-02,Trust,"credibilidad, transparencia y seguridad",hierarchy,alto,"En credibilidad, transparencia y seguridad, comprobar que la jerarquía comunica lo importante antes de lo accesorio. Variante 2: el caso debe tener evidencia visible y no una promesa abstracta.",pendiente de auditoría
TR-03-03,Trust,"credibilidad, transparencia y seguridad",hierarchy,alto,"En credibilidad, transparencia y seguridad, comprobar que la jerarquía comunica lo importante antes de lo accesorio. Variante 3: el caso debe tener evidencia visible y no una promesa abstracta.",pendiente de auditoría
TR-03-04,Trust,"credibilidad, transparencia y seguridad",hierarchy,alto,"En credibilidad, transparencia y seguridad, comprobar que la jerarquía comunica lo importante antes de lo accesorio. Variante 4: el caso debe tener evidencia visible y no una promesa abstracta.",pendiente de auditoría
TR-03-05,Trust,"credibilidad, transparencia y seguridad",hierarchy,alto,"En credibilidad, transparencia y seguridad, comprobar que la jerarquía comunica lo importante antes de lo accesorio. Variante 5: el caso debe tener evidencia visible y no una promesa abstracta.",pendiente de auditoría
TR-03-06,Trust,"credibilidad, transparencia y seguridad",hierarchy,alto,"En credibilidad, transparencia y seguridad, comprobar que la jerarquía comunica lo importante antes de lo accesorio. Variante 6: el caso debe tener evidencia visible y no una promesa abstracta.",pendiente de auditoría
TR-03-07,Trust,"credibilidad, transparencia y seguridad",hierarchy,alto,"En credibilidad, transparencia y seguridad, comprobar que la jerarquía comunica lo importante antes de lo accesorio. Variante 7: el caso debe tener evidencia visible y no una promesa abstracta.",pendiente de auditoría
TR-03-08,Trust,"credibilidad, transparencia y seguridad",hierarchy,alto,"En credibilidad, transparencia y seguridad, comprobar que la jerarquía comunica lo importante antes de lo accesorio. Variante 8: el caso debe tener evidencia visible y no una promesa abstracta.",pendiente de auditoría
TR-03-09,Trust,"credibilidad, transparencia y seguridad",hierarchy,alto,"En credibilidad, transparencia y seguridad, comprobar que la jerarquía comunica lo importante antes de lo accesorio. Variante 9: el caso debe tener evidencia visible y no una promesa abstracta.",pendiente de auditoría
TR-03-10,Trust,"credibilidad, transparencia y seguridad",hierarchy,alto,"En credibilidad, transparencia y seguridad, comprobar que la jerarquía comunica lo importante antes de lo accesorio. Variante 10: el caso debe tener evidencia visible y no una promesa abstracta.",pendiente de auditoría
TR-04-01,Trust,"credibilidad, transparencia y seguridad",coherence,alto,"En credibilidad, transparencia y seguridad, comprobar que la ejecución mantiene coherencia con el sistema visual completo. Variante 1: el caso debe tener evidencia visible y no una promesa abstracta.",pendiente de auditoría
TR-04-02,Trust,"credibilidad, transparencia y seguridad",coherence,alto,"En credibilidad, transparencia y seguridad, comprobar que la ejecución mantiene coherencia con el sistema visual completo. Variante 2: el caso debe tener evidencia visible y no una promesa abstracta.",pendiente de auditoría
TR-04-03,Trust,"credibilidad, transparencia y seguridad",coherence,alto,"En credibilidad, transparencia y seguridad, comprobar que la ejecución mantiene coherencia con el sistema visual completo. Variante 3: el caso debe tener evidencia visible y no una promesa abstracta.",pendiente de auditoría
TR-04-04,Trust,"credibilidad, transparencia y seguridad",coherence,alto,"En credibilidad, transparencia y seguridad, comprobar que la ejecución mantiene coherencia con el sistema visual completo. Variante 4: el caso debe tener evidencia visible y no una promesa abstracta.",pendiente de auditoría
TR-04-05,Trust,"credibilidad, transparencia y seguridad",coherence,alto,"En credibilidad, transparencia y seguridad, comprobar que la ejecución mantiene coherencia con el sistema visual completo. Variante 5: el caso debe tener evidencia visible y no una promesa abstracta.",pendiente de auditoría
TR-04-06,Trust,"credibilidad, transparencia y seguridad",coherence,alto,"En credibilidad, transparencia y seguridad, comprobar que la ejecución mantiene coherencia con el sistema visual completo. Variante 6: el caso debe tener evidencia visible y no una promesa abstracta.",pendiente de auditoría
TR-04-07,Trust,"credibilidad, transparencia y seguridad",coherence,alto,"En credibilidad, transparencia y seguridad, comprobar que la ejecución mantiene coherencia con el sistema visual completo. Variante 7: el caso debe tener evidencia visible y no una promesa abstracta.",pendiente de auditoría
TR-04-08,Trust,"credibilidad, transparencia y seguridad",coherence,alto,"En credibilidad, transparencia y seguridad, comprobar que la ejecución mantiene coherencia con el sistema visual completo. Variante 8: el caso debe tener evidencia visible y no una promesa abstracta.",pendiente de auditoría
TR-04-09,Trust,"credibilidad, transparencia y seguridad",coherence,alto,"En credibilidad, transparencia y seguridad, comprobar que la ejecución mantiene coherencia con el sistema visual completo. Variante 9: el caso debe tener evidencia visible y no una promesa abstracta.",pendiente de auditoría
TR-04-10,Trust,"credibilidad, transparencia y seguridad",coherence,alto,"En credibilidad, transparencia y seguridad, comprobar que la ejecución mantiene coherencia con el sistema visual completo. Variante 10: el caso debe tener evidencia visible y no una promesa abstracta.",pendiente de auditoría
TR-05-01,Trust,"credibilidad, transparencia y seguridad",inclusion,crítico,"En credibilidad, transparencia y seguridad, comprobar que la experiencia funciona sin depender de una única capacidad sensorial. Variante 1: el caso debe tener evidencia visible y no una promesa abstracta.",pendiente de auditoría
TR-05-02,Trust,"credibilidad, transparencia y seguridad",inclusion,crítico,"En credibilidad, transparencia y seguridad, comprobar que la experiencia funciona sin depender de una única capacidad sensorial. Variante 2: el caso debe tener evidencia visible y no una promesa abstracta.",pendiente de auditoría
TR-05-03,Trust,"credibilidad, transparencia y seguridad",inclusion,crítico,"En credibilidad, transparencia y seguridad, comprobar que la experiencia funciona sin depender de una única capacidad sensorial. Variante 3: el caso debe tener evidencia visible y no una promesa abstracta.",pendiente de auditoría
TR-05-04,Trust,"credibilidad, transparencia y seguridad",inclusion,crítico,"En credibilidad, transparencia y seguridad, comprobar que la experiencia funciona sin depender de una única capacidad sensorial. Variante 4: el caso debe tener evidencia visible y no una promesa abstracta.",pendiente de auditoría
TR-05-05,Trust,"credibilidad, transparencia y seguridad",inclusion,crítico,"En credibilidad, transparencia y seguridad, comprobar que la experiencia funciona sin depender de una única capacidad sensorial. Variante 5: el caso debe tener evidencia visible y no una promesa abstracta.",pendiente de auditoría
TR-05-06,Trust,"credibilidad, transparencia y seguridad",inclusion,crítico,"En credibilidad, transparencia y seguridad, comprobar que la experiencia funciona sin depender de una única capacidad sensorial. Variante 6: el caso debe tener evidencia visible y no una promesa abstracta.",pendiente de auditoría
TR-05-07,Trust,"credibilidad, transparencia y seguridad",inclusion,crítico,"En credibilidad, transparencia y seguridad, comprobar que la experiencia funciona sin depender de una única capacidad sensorial. Variante 7: el caso debe tener evidencia visible y no una promesa abstracta.",pendiente de auditoría
TR-05-08,Trust,"credibilidad, transparencia y seguridad",inclusion,crítico,"En credibilidad, transparencia y seguridad, comprobar que la experiencia funciona sin depender de una única capacidad sensorial. Variante 8: el caso debe tener evidencia visible y no una promesa abstracta.",pendiente de auditoría
TR-05-09,Trust,"credibilidad, transparencia y seguridad",inclusion,crítico,"En credibilidad, transparencia y seguridad, comprobar que la experiencia funciona sin depender de una única capacidad sensorial. Variante 9: el caso debe tener evidencia visible y no una promesa abstracta.",pendiente de auditoría
TR-05-10,Trust,"credibilidad, transparencia y seguridad",inclusion,crítico,"En credibilidad, transparencia y seguridad, comprobar que la experiencia funciona sin depender de una única capacidad sensorial. Variante 10: el caso debe tener evidencia visible y no una promesa abstracta.",pendiente de auditoría
TR-06-01,Trust,"credibilidad, transparencia y seguridad",feedback,alto,"En credibilidad, transparencia y seguridad, comprobar que la respuesta del sistema es clara, reversible y observable. Variante 1: el caso debe tener evidencia visible y no una promesa abstracta.",pendiente de auditoría
TR-06-02,Trust,"credibilidad, transparencia y seguridad",feedback,alto,"En credibilidad, transparencia y seguridad, comprobar que la respuesta del sistema es clara, reversible y observable. Variante 2: el caso debe tener evidencia visible y no una promesa abstracta.",pendiente de auditoría
TR-06-03,Trust,"credibilidad, transparencia y seguridad",feedback,alto,"En credibilidad, transparencia y seguridad, comprobar que la respuesta del sistema es clara, reversible y observable. Variante 3: el caso debe tener evidencia visible y no una promesa abstracta.",pendiente de auditoría
TR-06-04,Trust,"credibilidad, transparencia y seguridad",feedback,alto,"En credibilidad, transparencia y seguridad, comprobar que la respuesta del sistema es clara, reversible y observable. Variante 4: el caso debe tener evidencia visible y no una promesa abstracta.",pendiente de auditoría
TR-06-05,Trust,"credibilidad, transparencia y seguridad",feedback,alto,"En credibilidad, transparencia y seguridad, comprobar que la respuesta del sistema es clara, reversible y observable. Variante 5: el caso debe tener evidencia visible y no una promesa abstracta.",pendiente de auditoría
TR-06-06,Trust,"credibilidad, transparencia y seguridad",feedback,alto,"En credibilidad, transparencia y seguridad, comprobar que la respuesta del sistema es clara, reversible y observable. Variante 6: el caso debe tener evidencia visible y no una promesa abstracta.",pendiente de auditoría
TR-06-07,Trust,"credibilidad, transparencia y seguridad",feedback,alto,"En credibilidad, transparencia y seguridad, comprobar que la respuesta del sistema es clara, reversible y observable. Variante 7: el caso debe tener evidencia visible y no una promesa abstracta.",pendiente de auditoría
TR-06-08,Trust,"credibilidad, transparencia y seguridad",feedback,alto,"En credibilidad, transparencia y seguridad, comprobar que la respuesta del sistema es clara, reversible y observable. Variante 8: el caso debe tener evidencia visible y no una promesa abstracta.",pendiente de auditoría
TR-06-09,Trust,"credibilidad, transparencia y seguridad",feedback,alto,"En credibilidad, transparencia y seguridad, comprobar que la respuesta del sistema es clara, reversible y observable. Variante 9: el caso debe tener evidencia visible y no una promesa abstracta.",pendiente de auditoría
TR-06-10,Trust,"credibilidad, transparencia y seguridad",feedback,alto,"En credibilidad, transparencia y seguridad, comprobar que la respuesta del sistema es clara, reversible y observable. Variante 10: el caso debe tener evidencia visible y no una promesa abstracta.",pendiente de auditoría
TR-07-01,Trust,"credibilidad, transparencia y seguridad",performance,crítico,"En credibilidad, transparencia y seguridad, comprobar que la decisión conserva rendimiento y no añade fricción innecesaria. Variante 1: el caso debe tener evidencia visible y no una promesa abstracta.",pendiente de auditoría
TR-07-02,Trust,"credibilidad, transparencia y seguridad",performance,crítico,"En credibilidad, transparencia y seguridad, comprobar que la decisión conserva rendimiento y no añade fricción innecesaria. Variante 2: el caso debe tener evidencia visible y no una promesa abstracta.",pendiente de auditoría
TR-07-03,Trust,"credibilidad, transparencia y seguridad",performance,crítico,"En credibilidad, transparencia y seguridad, comprobar que la decisión conserva rendimiento y no añade fricción innecesaria. Variante 3: el caso debe tener evidencia visible y no una promesa abstracta.",pendiente de auditoría
TR-07-04,Trust,"credibilidad, transparencia y seguridad",performance,crítico,"En credibilidad, transparencia y seguridad, comprobar que la decisión conserva rendimiento y no añade fricción innecesaria. Variante 4: el caso debe tener evidencia visible y no una promesa abstracta.",pendiente de auditoría
TR-07-05,Trust,"credibilidad, transparencia y seguridad",performance,crítico,"En credibilidad, transparencia y seguridad, comprobar que la decisión conserva rendimiento y no añade fricción innecesaria. Variante 5: el caso debe tener evidencia visible y no una promesa abstracta.",pendiente de auditoría
TR-07-06,Trust,"credibilidad, transparencia y seguridad",performance,crítico,"En credibilidad, transparencia y seguridad, comprobar que la decisión conserva rendimiento y no añade fricción innecesaria. Variante 6: el caso debe tener evidencia visible y no una promesa abstracta.",pendiente de auditoría
TR-07-07,Trust,"credibilidad, transparencia y seguridad",performance,crítico,"En credibilidad, transparencia y seguridad, comprobar que la decisión conserva rendimiento y no añade fricción innecesaria. Variante 7: el caso debe tener evidencia visible y no una promesa abstracta.",pendiente de auditoría
TR-07-08,Trust,"credibilidad, transparencia y seguridad",performance,crítico,"En credibilidad, transparencia y seguridad, comprobar que la decisión conserva rendimiento y no añade fricción innecesaria. Variante 8: el caso debe tener evidencia visible y no una promesa abstracta.",pendiente de auditoría
TR-07-09,Trust,"credibilidad, transparencia y seguridad",performance,crítico,"En credibilidad, transparencia y seguridad, comprobar que la decisión conserva rendimiento y no añade fricción innecesaria. Variante 9: el caso debe tener evidencia visible y no una promesa abstracta.",pendiente de auditoría
TR-07-10,Trust,"credibilidad, transparencia y seguridad",performance,crítico,"En credibilidad, transparencia y seguridad, comprobar que la decisión conserva rendimiento y no añade fricción innecesaria. Variante 10: el caso debe tener evidencia visible y no una promesa abstracta.",pendiente de auditoría
TR-08-01,Trust,"credibilidad, transparencia y seguridad",responsive,crítico,"En credibilidad, transparencia y seguridad, comprobar que la implementación se comporta correctamente en distintos tamaños. Variante 1: el caso debe tener evidencia visible y no una promesa abstracta.",pendiente de auditoría
TR-08-02,Trust,"credibilidad, transparencia y seguridad",responsive,crítico,"En credibilidad, transparencia y seguridad, comprobar que la implementación se comporta correctamente en distintos tamaños. Variante 2: el caso debe tener evidencia visible y no una promesa abstracta.",pendiente de auditoría
TR-08-03,Trust,"credibilidad, transparencia y seguridad",responsive,crítico,"En credibilidad, transparencia y seguridad, comprobar que la implementación se comporta correctamente en distintos tamaños. Variante 3: el caso debe tener evidencia visible y no una promesa abstracta.",pendiente de auditoría
TR-08-04,Trust,"credibilidad, transparencia y seguridad",responsive,crítico,"En credibilidad, transparencia y seguridad, comprobar que la implementación se comporta correctamente en distintos tamaños. Variante 4: el caso debe tener evidencia visible y no una promesa abstracta.",pendiente de auditoría
TR-08-05,Trust,"credibilidad, transparencia y seguridad",responsive,crítico,"En credibilidad, transparencia y seguridad, comprobar que la implementación se comporta correctamente en distintos tamaños. Variante 5: el caso debe tener evidencia visible y no una promesa abstracta.",pendiente de auditoría
TR-08-06,Trust,"credibilidad, transparencia y seguridad",responsive,crítico,"En credibilidad, transparencia y seguridad, comprobar que la implementación se comporta correctamente en distintos tamaños. Variante 6: el caso debe tener evidencia visible y no una promesa abstracta.",pendiente de auditoría
TR-08-07,Trust,"credibilidad, transparencia y seguridad",responsive,crítico,"En credibilidad, transparencia y seguridad, comprobar que la implementación se comporta correctamente en distintos tamaños. Variante 7: el caso debe tener evidencia visible y no una promesa abstracta.",pendiente de auditoría
TR-08-08,Trust,"credibilidad, transparencia y seguridad",responsive,crítico,"En credibilidad, transparencia y seguridad, comprobar que la implementación se comporta correctamente en distintos tamaños. Variante 8: el caso debe tener evidencia visible y no una promesa abstracta.",pendiente de auditoría
TR-08-09,Trust,"credibilidad, transparencia y seguridad",responsive,crítico,"En credibilidad, transparencia y seguridad, comprobar que la implementación se comporta correctamente en distintos tamaños. Variante 9: el caso debe tener evidencia visible y no una promesa abstracta.",pendiente de auditoría
TR-08-10,Trust,"credibilidad, transparencia y seguridad",responsive,crítico,"En credibilidad, transparencia y seguridad, comprobar que la implementación se comporta correctamente en distintos tamaños. Variante 10: el caso debe tener evidencia visible y no una promesa abstracta.",pendiente de auditoría
TR-09-01,Trust,"credibilidad, transparencia y seguridad",distinctiveness,alto,"En credibilidad, transparencia y seguridad, comprobar que la solución es suficientemente propia para ser recordada y defendida. Variante 1: el caso debe tener evidencia visible y no una promesa abstracta.",pendiente de auditoría
TR-09-02,Trust,"credibilidad, transparencia y seguridad",distinctiveness,alto,"En credibilidad, transparencia y seguridad, comprobar que la solución es suficientemente propia para ser recordada y defendida. Variante 2: el caso debe tener evidencia visible y no una promesa abstracta.",pendiente de auditoría
TR-09-03,Trust,"credibilidad, transparencia y seguridad",distinctiveness,alto,"En credibilidad, transparencia y seguridad, comprobar que la solución es suficientemente propia para ser recordada y defendida. Variante 3: el caso debe tener evidencia visible y no una promesa abstracta.",pendiente de auditoría
TR-09-04,Trust,"credibilidad, transparencia y seguridad",distinctiveness,alto,"En credibilidad, transparencia y seguridad, comprobar que la solución es suficientemente propia para ser recordada y defendida. Variante 4: el caso debe tener evidencia visible y no una promesa abstracta.",pendiente de auditoría
TR-09-05,Trust,"credibilidad, transparencia y seguridad",distinctiveness,alto,"En credibilidad, transparencia y seguridad, comprobar que la solución es suficientemente propia para ser recordada y defendida. Variante 5: el caso debe tener evidencia visible y no una promesa abstracta.",pendiente de auditoría
TR-09-06,Trust,"credibilidad, transparencia y seguridad",distinctiveness,alto,"En credibilidad, transparencia y seguridad, comprobar que la solución es suficientemente propia para ser recordada y defendida. Variante 6: el caso debe tener evidencia visible y no una promesa abstracta.",pendiente de auditoría
TR-09-07,Trust,"credibilidad, transparencia y seguridad",distinctiveness,alto,"En credibilidad, transparencia y seguridad, comprobar que la solución es suficientemente propia para ser recordada y defendida. Variante 7: el caso debe tener evidencia visible y no una promesa abstracta.",pendiente de auditoría
TR-09-08,Trust,"credibilidad, transparencia y seguridad",distinctiveness,alto,"En credibilidad, transparencia y seguridad, comprobar que la solución es suficientemente propia para ser recordada y defendida. Variante 8: el caso debe tener evidencia visible y no una promesa abstracta.",pendiente de auditoría
TR-09-09,Trust,"credibilidad, transparencia y seguridad",distinctiveness,alto,"En credibilidad, transparencia y seguridad, comprobar que la solución es suficientemente propia para ser recordada y defendida. Variante 9: el caso debe tener evidencia visible y no una promesa abstracta.",pendiente de auditoría
TR-09-10,Trust,"credibilidad, transparencia y seguridad",distinctiveness,alto,"En credibilidad, transparencia y seguridad, comprobar que la solución es suficientemente propia para ser recordada y defendida. Variante 10: el caso debe tener evidencia visible y no una promesa abstracta.",pendiente de auditoría
TR-10-01,Trust,"credibilidad, transparencia y seguridad",verification,crítico,"En credibilidad, transparencia y seguridad, comprobar que el resultado puede validarse con una prueba concreta antes de publicarse. Variante 1: el caso debe tener evidencia visible y no una promesa abstracta.",pendiente de auditoría
TR-10-02,Trust,"credibilidad, transparencia y seguridad",verification,crítico,"En credibilidad, transparencia y seguridad, comprobar que el resultado puede validarse con una prueba concreta antes de publicarse. Variante 2: el caso debe tener evidencia visible y no una promesa abstracta.",pendiente de auditoría
TR-10-03,Trust,"credibilidad, transparencia y seguridad",verification,crítico,"En credibilidad, transparencia y seguridad, comprobar que el resultado puede validarse con una prueba concreta antes de publicarse. Variante 3: el caso debe tener evidencia visible y no una promesa abstracta.",pendiente de auditoría
TR-10-04,Trust,"credibilidad, transparencia y seguridad",verification,crítico,"En credibilidad, transparencia y seguridad, comprobar que el resultado puede validarse con una prueba concreta antes de publicarse. Variante 4: el caso debe tener evidencia visible y no una promesa abstracta.",pendiente de auditoría
TR-10-05,Trust,"credibilidad, transparencia y seguridad",verification,crítico,"En credibilidad, transparencia y seguridad, comprobar que el resultado puede validarse con una prueba concreta antes de publicarse. Variante 5: el caso debe tener evidencia visible y no una promesa abstracta.",pendiente de auditoría
TR-10-06,Trust,"credibilidad, transparencia y seguridad",verification,crítico,"En credibilidad, transparencia y seguridad, comprobar que el resultado puede validarse con una prueba concreta antes de publicarse. Variante 6: el caso debe tener evidencia visible y no una promesa abstracta.",pendiente de auditoría
TR-10-07,Trust,"credibilidad, transparencia y seguridad",verification,crítico,"En credibilidad, transparencia y seguridad, comprobar que el resultado puede validarse con una prueba concreta antes de publicarse. Variante 7: el caso debe tener evidencia visible y no una promesa abstracta.",pendiente de auditoría
TR-10-08,Trust,"credibilidad, transparencia y seguridad",verification,crítico,"En credibilidad, transparencia y seguridad, comprobar que el resultado puede validarse con una prueba concreta antes de publicarse. Variante 8: el caso debe tener evidencia visible y no una promesa abstracta.",pendiente de auditoría
TR-10-09,Trust,"credibilidad, transparencia y seguridad",verification,crítico,"En credibilidad, transparencia y seguridad, comprobar que el resultado puede validarse con una prueba concreta antes de publicarse. Variante 9: el caso debe tener evidencia visible y no una promesa abstracta.",pendiente de auditoría
TR-10-10,Trust,"credibilidad, transparencia y seguridad",verification,crítico,"En credibilidad, transparencia y seguridad, comprobar que el resultado puede validarse con una prueba concreta antes de publicarse. Variante 10: el caso debe tener evidencia visible y no una promesa abstracta.",pendiente de auditoría
LO-01-01,Localization,"idiomas, cultura y escritura multilingüe",intent,estratégico,"En idiomas, cultura y escritura multilingüe, comprobar que existe una intención verificable y no solo una decisión ornamental. Variante 1: el caso debe tener evidencia visible y no una promesa abstracta.",pendiente de auditoría
LO-01-02,Localization,"idiomas, cultura y escritura multilingüe",intent,estratégico,"En idiomas, cultura y escritura multilingüe, comprobar que existe una intención verificable y no solo una decisión ornamental. Variante 2: el caso debe tener evidencia visible y no una promesa abstracta.",pendiente de auditoría
LO-01-03,Localization,"idiomas, cultura y escritura multilingüe",intent,estratégico,"En idiomas, cultura y escritura multilingüe, comprobar que existe una intención verificable y no solo una decisión ornamental. Variante 3: el caso debe tener evidencia visible y no una promesa abstracta.",pendiente de auditoría
LO-01-04,Localization,"idiomas, cultura y escritura multilingüe",intent,estratégico,"En idiomas, cultura y escritura multilingüe, comprobar que existe una intención verificable y no solo una decisión ornamental. Variante 4: el caso debe tener evidencia visible y no una promesa abstracta.",pendiente de auditoría
LO-01-05,Localization,"idiomas, cultura y escritura multilingüe",intent,estratégico,"En idiomas, cultura y escritura multilingüe, comprobar que existe una intención verificable y no solo una decisión ornamental. Variante 5: el caso debe tener evidencia visible y no una promesa abstracta.",pendiente de auditoría
LO-01-06,Localization,"idiomas, cultura y escritura multilingüe",intent,estratégico,"En idiomas, cultura y escritura multilingüe, comprobar que existe una intención verificable y no solo una decisión ornamental. Variante 6: el caso debe tener evidencia visible y no una promesa abstracta.",pendiente de auditoría
LO-01-07,Localization,"idiomas, cultura y escritura multilingüe",intent,estratégico,"En idiomas, cultura y escritura multilingüe, comprobar que existe una intención verificable y no solo una decisión ornamental. Variante 7: el caso debe tener evidencia visible y no una promesa abstracta.",pendiente de auditoría
LO-01-08,Localization,"idiomas, cultura y escritura multilingüe",intent,estratégico,"En idiomas, cultura y escritura multilingüe, comprobar que existe una intención verificable y no solo una decisión ornamental. Variante 8: el caso debe tener evidencia visible y no una promesa abstracta.",pendiente de auditoría
LO-01-09,Localization,"idiomas, cultura y escritura multilingüe",intent,estratégico,"En idiomas, cultura y escritura multilingüe, comprobar que existe una intención verificable y no solo una decisión ornamental. Variante 9: el caso debe tener evidencia visible y no una promesa abstracta.",pendiente de auditoría
LO-01-10,Localization,"idiomas, cultura y escritura multilingüe",intent,estratégico,"En idiomas, cultura y escritura multilingüe, comprobar que existe una intención verificable y no solo una decisión ornamental. Variante 10: el caso debe tener evidencia visible y no una promesa abstracta.",pendiente de auditoría
LO-02-01,Localization,"idiomas, cultura y escritura multilingüe",audience,alto,"En idiomas, cultura y escritura multilingüe, comprobar que la decisión sirve al público objetivo y al contexto de uso. Variante 1: el caso debe tener evidencia visible y no una promesa abstracta.",pendiente de auditoría
LO-02-02,Localization,"idiomas, cultura y escritura multilingüe",audience,alto,"En idiomas, cultura y escritura multilingüe, comprobar que la decisión sirve al público objetivo y al contexto de uso. Variante 2: el caso debe tener evidencia visible y no una promesa abstracta.",pendiente de auditoría
LO-02-03,Localization,"idiomas, cultura y escritura multilingüe",audience,alto,"En idiomas, cultura y escritura multilingüe, comprobar que la decisión sirve al público objetivo y al contexto de uso. Variante 3: el caso debe tener evidencia visible y no una promesa abstracta.",pendiente de auditoría
LO-02-04,Localization,"idiomas, cultura y escritura multilingüe",audience,alto,"En idiomas, cultura y escritura multilingüe, comprobar que la decisión sirve al público objetivo y al contexto de uso. Variante 4: el caso debe tener evidencia visible y no una promesa abstracta.",pendiente de auditoría
LO-02-05,Localization,"idiomas, cultura y escritura multilingüe",audience,alto,"En idiomas, cultura y escritura multilingüe, comprobar que la decisión sirve al público objetivo y al contexto de uso. Variante 5: el caso debe tener evidencia visible y no una promesa abstracta.",pendiente de auditoría
LO-02-06,Localization,"idiomas, cultura y escritura multilingüe",audience,alto,"En idiomas, cultura y escritura multilingüe, comprobar que la decisión sirve al público objetivo y al contexto de uso. Variante 6: el caso debe tener evidencia visible y no una promesa abstracta.",pendiente de auditoría
LO-02-07,Localization,"idiomas, cultura y escritura multilingüe",audience,alto,"En idiomas, cultura y escritura multilingüe, comprobar que la decisión sirve al público objetivo y al contexto de uso. Variante 7: el caso debe tener evidencia visible y no una promesa abstracta.",pendiente de auditoría
LO-02-08,Localization,"idiomas, cultura y escritura multilingüe",audience,alto,"En idiomas, cultura y escritura multilingüe, comprobar que la decisión sirve al público objetivo y al contexto de uso. Variante 8: el caso debe tener evidencia visible y no una promesa abstracta.",pendiente de auditoría
LO-02-09,Localization,"idiomas, cultura y escritura multilingüe",audience,alto,"En idiomas, cultura y escritura multilingüe, comprobar que la decisión sirve al público objetivo y al contexto de uso. Variante 9: el caso debe tener evidencia visible y no una promesa abstracta.",pendiente de auditoría
LO-02-10,Localization,"idiomas, cultura y escritura multilingüe",audience,alto,"En idiomas, cultura y escritura multilingüe, comprobar que la decisión sirve al público objetivo y al contexto de uso. Variante 10: el caso debe tener evidencia visible y no una promesa abstracta.",pendiente de auditoría
LO-03-01,Localization,"idiomas, cultura y escritura multilingüe",hierarchy,alto,"En idiomas, cultura y escritura multilingüe, comprobar que la jerarquía comunica lo importante antes de lo accesorio. Variante 1: el caso debe tener evidencia visible y no una promesa abstracta.",pendiente de auditoría
LO-03-02,Localization,"idiomas, cultura y escritura multilingüe",hierarchy,alto,"En idiomas, cultura y escritura multilingüe, comprobar que la jerarquía comunica lo importante antes de lo accesorio. Variante 2: el caso debe tener evidencia visible y no una promesa abstracta.",pendiente de auditoría
LO-03-03,Localization,"idiomas, cultura y escritura multilingüe",hierarchy,alto,"En idiomas, cultura y escritura multilingüe, comprobar que la jerarquía comunica lo importante antes de lo accesorio. Variante 3: el caso debe tener evidencia visible y no una promesa abstracta.",pendiente de auditoría
LO-03-04,Localization,"idiomas, cultura y escritura multilingüe",hierarchy,alto,"En idiomas, cultura y escritura multilingüe, comprobar que la jerarquía comunica lo importante antes de lo accesorio. Variante 4: el caso debe tener evidencia visible y no una promesa abstracta.",pendiente de auditoría
LO-03-05,Localization,"idiomas, cultura y escritura multilingüe",hierarchy,alto,"En idiomas, cultura y escritura multilingüe, comprobar que la jerarquía comunica lo importante antes de lo accesorio. Variante 5: el caso debe tener evidencia visible y no una promesa abstracta.",pendiente de auditoría
LO-03-06,Localization,"idiomas, cultura y escritura multilingüe",hierarchy,alto,"En idiomas, cultura y escritura multilingüe, comprobar que la jerarquía comunica lo importante antes de lo accesorio. Variante 6: el caso debe tener evidencia visible y no una promesa abstracta.",pendiente de auditoría
LO-03-07,Localization,"idiomas, cultura y escritura multilingüe",hierarchy,alto,"En idiomas, cultura y escritura multilingüe, comprobar que la jerarquía comunica lo importante antes de lo accesorio. Variante 7: el caso debe tener evidencia visible y no una promesa abstracta.",pendiente de auditoría
LO-03-08,Localization,"idiomas, cultura y escritura multilingüe",hierarchy,alto,"En idiomas, cultura y escritura multilingüe, comprobar que la jerarquía comunica lo importante antes de lo accesorio. Variante 8: el caso debe tener evidencia visible y no una promesa abstracta.",pendiente de auditoría
LO-03-09,Localization,"idiomas, cultura y escritura multilingüe",hierarchy,alto,"En idiomas, cultura y escritura multilingüe, comprobar que la jerarquía comunica lo importante antes de lo accesorio. Variante 9: el caso debe tener evidencia visible y no una promesa abstracta.",pendiente de auditoría
LO-03-10,Localization,"idiomas, cultura y escritura multilingüe",hierarchy,alto,"En idiomas, cultura y escritura multilingüe, comprobar que la jerarquía comunica lo importante antes de lo accesorio. Variante 10: el caso debe tener evidencia visible y no una promesa abstracta.",pendiente de auditoría
LO-04-01,Localization,"idiomas, cultura y escritura multilingüe",coherence,alto,"En idiomas, cultura y escritura multilingüe, comprobar que la ejecución mantiene coherencia con el sistema visual completo. Variante 1: el caso debe tener evidencia visible y no una promesa abstracta.",pendiente de auditoría
LO-04-02,Localization,"idiomas, cultura y escritura multilingüe",coherence,alto,"En idiomas, cultura y escritura multilingüe, comprobar que la ejecución mantiene coherencia con el sistema visual completo. Variante 2: el caso debe tener evidencia visible y no una promesa abstracta.",pendiente de auditoría
LO-04-03,Localization,"idiomas, cultura y escritura multilingüe",coherence,alto,"En idiomas, cultura y escritura multilingüe, comprobar que la ejecución mantiene coherencia con el sistema visual completo. Variante 3: el caso debe tener evidencia visible y no una promesa abstracta.",pendiente de auditoría
LO-04-04,Localization,"idiomas, cultura y escritura multilingüe",coherence,alto,"En idiomas, cultura y escritura multilingüe, comprobar que la ejecución mantiene coherencia con el sistema visual completo. Variante 4: el caso debe tener evidencia visible y no una promesa abstracta.",pendiente de auditoría
LO-04-05,Localization,"idiomas, cultura y escritura multilingüe",coherence,alto,"En idiomas, cultura y escritura multilingüe, comprobar que la ejecución mantiene coherencia con el sistema visual completo. Variante 5: el caso debe tener evidencia visible y no una promesa abstracta.",pendiente de auditoría
LO-04-06,Localization,"idiomas, cultura y escritura multilingüe",coherence,alto,"En idiomas, cultura y escritura multilingüe, comprobar que la ejecución mantiene coherencia con el sistema visual completo. Variante 6: el caso debe tener evidencia visible y no una promesa abstracta.",pendiente de auditoría
LO-04-07,Localization,"idiomas, cultura y escritura multilingüe",coherence,alto,"En idiomas, cultura y escritura multilingüe, comprobar que la ejecución mantiene coherencia con el sistema visual completo. Variante 7: el caso debe tener evidencia visible y no una promesa abstracta.",pendiente de auditoría
LO-04-08,Localization,"idiomas, cultura y escritura multilingüe",coherence,alto,"En idiomas, cultura y escritura multilingüe, comprobar que la ejecución mantiene coherencia con el sistema visual completo. Variante 8: el caso debe tener evidencia visible y no una promesa abstracta.",pendiente de auditoría
LO-04-09,Localization,"idiomas, cultura y escritura multilingüe",coherence,alto,"En idiomas, cultura y escritura multilingüe, comprobar que la ejecución mantiene coherencia con el sistema visual completo. Variante 9: el caso debe tener evidencia visible y no una promesa abstracta.",pendiente de auditoría
LO-04-10,Localization,"idiomas, cultura y escritura multilingüe",coherence,alto,"En idiomas, cultura y escritura multilingüe, comprobar que la ejecución mantiene coherencia con el sistema visual completo. Variante 10: el caso debe tener evidencia visible y no una promesa abstracta.",pendiente de auditoría
LO-05-01,Localization,"idiomas, cultura y escritura multilingüe",inclusion,crítico,"En idiomas, cultura y escritura multilingüe, comprobar que la experiencia funciona sin depender de una única capacidad sensorial. Variante 1: el caso debe tener evidencia visible y no una promesa abstracta.",pendiente de auditoría
LO-05-02,Localization,"idiomas, cultura y escritura multilingüe",inclusion,crítico,"En idiomas, cultura y escritura multilingüe, comprobar que la experiencia funciona sin depender de una única capacidad sensorial. Variante 2: el caso debe tener evidencia visible y no una promesa abstracta.",pendiente de auditoría
LO-05-03,Localization,"idiomas, cultura y escritura multilingüe",inclusion,crítico,"En idiomas, cultura y escritura multilingüe, comprobar que la experiencia funciona sin depender de una única capacidad sensorial. Variante 3: el caso debe tener evidencia visible y no una promesa abstracta.",pendiente de auditoría
LO-05-04,Localization,"idiomas, cultura y escritura multilingüe",inclusion,crítico,"En idiomas, cultura y escritura multilingüe, comprobar que la experiencia funciona sin depender de una única capacidad sensorial. Variante 4: el caso debe tener evidencia visible y no una promesa abstracta.",pendiente de auditoría
LO-05-05,Localization,"idiomas, cultura y escritura multilingüe",inclusion,crítico,"En idiomas, cultura y escritura multilingüe, comprobar que la experiencia funciona sin depender de una única capacidad sensorial. Variante 5: el caso debe tener evidencia visible y no una promesa abstracta.",pendiente de auditoría
LO-05-06,Localization,"idiomas, cultura y escritura multilingüe",inclusion,crítico,"En idiomas, cultura y escritura multilingüe, comprobar que la experiencia funciona sin depender de una única capacidad sensorial. Variante 6: el caso debe tener evidencia visible y no una promesa abstracta.",pendiente de auditoría
LO-05-07,Localization,"idiomas, cultura y escritura multilingüe",inclusion,crítico,"En idiomas, cultura y escritura multilingüe, comprobar que la experiencia funciona sin depender de una única capacidad sensorial. Variante 7: el caso debe tener evidencia visible y no una promesa abstracta.",pendiente de auditoría
LO-05-08,Localization,"idiomas, cultura y escritura multilingüe",inclusion,crítico,"En idiomas, cultura y escritura multilingüe, comprobar que la experiencia funciona sin depender de una única capacidad sensorial. Variante 8: el caso debe tener evidencia visible y no una promesa abstracta.",pendiente de auditoría
LO-05-09,Localization,"idiomas, cultura y escritura multilingüe",inclusion,crítico,"En idiomas, cultura y escritura multilingüe, comprobar que la experiencia funciona sin depender de una única capacidad sensorial. Variante 9: el caso debe tener evidencia visible y no una promesa abstracta.",pendiente de auditoría
LO-05-10,Localization,"idiomas, cultura y escritura multilingüe",inclusion,crítico,"En idiomas, cultura y escritura multilingüe, comprobar que la experiencia funciona sin depender de una única capacidad sensorial. Variante 10: el caso debe tener evidencia visible y no una promesa abstracta.",pendiente de auditoría
LO-06-01,Localization,"idiomas, cultura y escritura multilingüe",feedback,alto,"En idiomas, cultura y escritura multilingüe, comprobar que la respuesta del sistema es clara, reversible y observable. Variante 1: el caso debe tener evidencia visible y no una promesa abstracta.",pendiente de auditoría
LO-06-02,Localization,"idiomas, cultura y escritura multilingüe",feedback,alto,"En idiomas, cultura y escritura multilingüe, comprobar que la respuesta del sistema es clara, reversible y observable. Variante 2: el caso debe tener evidencia visible y no una promesa abstracta.",pendiente de auditoría
LO-06-03,Localization,"idiomas, cultura y escritura multilingüe",feedback,alto,"En idiomas, cultura y escritura multilingüe, comprobar que la respuesta del sistema es clara, reversible y observable. Variante 3: el caso debe tener evidencia visible y no una promesa abstracta.",pendiente de auditoría
LO-06-04,Localization,"idiomas, cultura y escritura multilingüe",feedback,alto,"En idiomas, cultura y escritura multilingüe, comprobar que la respuesta del sistema es clara, reversible y observable. Variante 4: el caso debe tener evidencia visible y no una promesa abstracta.",pendiente de auditoría
LO-06-05,Localization,"idiomas, cultura y escritura multilingüe",feedback,alto,"En idiomas, cultura y escritura multilingüe, comprobar que la respuesta del sistema es clara, reversible y observable. Variante 5: el caso debe tener evidencia visible y no una promesa abstracta.",pendiente de auditoría
LO-06-06,Localization,"idiomas, cultura y escritura multilingüe",feedback,alto,"En idiomas, cultura y escritura multilingüe, comprobar que la respuesta del sistema es clara, reversible y observable. Variante 6: el caso debe tener evidencia visible y no una promesa abstracta.",pendiente de auditoría
LO-06-07,Localization,"idiomas, cultura y escritura multilingüe",feedback,alto,"En idiomas, cultura y escritura multilingüe, comprobar que la respuesta del sistema es clara, reversible y observable. Variante 7: el caso debe tener evidencia visible y no una promesa abstracta.",pendiente de auditoría
LO-06-08,Localization,"idiomas, cultura y escritura multilingüe",feedback,alto,"En idiomas, cultura y escritura multilingüe, comprobar que la respuesta del sistema es clara, reversible y observable. Variante 8: el caso debe tener evidencia visible y no una promesa abstracta.",pendiente de auditoría
LO-06-09,Localization,"idiomas, cultura y escritura multilingüe",feedback,alto,"En idiomas, cultura y escritura multilingüe, comprobar que la respuesta del sistema es clara, reversible y observable. Variante 9: el caso debe tener evidencia visible y no una promesa abstracta.",pendiente de auditoría
LO-06-10,Localization,"idiomas, cultura y escritura multilingüe",feedback,alto,"En idiomas, cultura y escritura multilingüe, comprobar que la respuesta del sistema es clara, reversible y observable. Variante 10: el caso debe tener evidencia visible y no una promesa abstracta.",pendiente de auditoría
LO-07-01,Localization,"idiomas, cultura y escritura multilingüe",performance,crítico,"En idiomas, cultura y escritura multilingüe, comprobar que la decisión conserva rendimiento y no añade fricción innecesaria. Variante 1: el caso debe tener evidencia visible y no una promesa abstracta.",pendiente de auditoría
LO-07-02,Localization,"idiomas, cultura y escritura multilingüe",performance,crítico,"En idiomas, cultura y escritura multilingüe, comprobar que la decisión conserva rendimiento y no añade fricción innecesaria. Variante 2: el caso debe tener evidencia visible y no una promesa abstracta.",pendiente de auditoría
LO-07-03,Localization,"idiomas, cultura y escritura multilingüe",performance,crítico,"En idiomas, cultura y escritura multilingüe, comprobar que la decisión conserva rendimiento y no añade fricción innecesaria. Variante 3: el caso debe tener evidencia visible y no una promesa abstracta.",pendiente de auditoría
LO-07-04,Localization,"idiomas, cultura y escritura multilingüe",performance,crítico,"En idiomas, cultura y escritura multilingüe, comprobar que la decisión conserva rendimiento y no añade fricción innecesaria. Variante 4: el caso debe tener evidencia visible y no una promesa abstracta.",pendiente de auditoría
LO-07-05,Localization,"idiomas, cultura y escritura multilingüe",performance,crítico,"En idiomas, cultura y escritura multilingüe, comprobar que la decisión conserva rendimiento y no añade fricción innecesaria. Variante 5: el caso debe tener evidencia visible y no una promesa abstracta.",pendiente de auditoría
LO-07-06,Localization,"idiomas, cultura y escritura multilingüe",performance,crítico,"En idiomas, cultura y escritura multilingüe, comprobar que la decisión conserva rendimiento y no añade fricción innecesaria. Variante 6: el caso debe tener evidencia visible y no una promesa abstracta.",pendiente de auditoría
LO-07-07,Localization,"idiomas, cultura y escritura multilingüe",performance,crítico,"En idiomas, cultura y escritura multilingüe, comprobar que la decisión conserva rendimiento y no añade fricción innecesaria. Variante 7: el caso debe tener evidencia visible y no una promesa abstracta.",pendiente de auditoría
LO-07-08,Localization,"idiomas, cultura y escritura multilingüe",performance,crítico,"En idiomas, cultura y escritura multilingüe, comprobar que la decisión conserva rendimiento y no añade fricción innecesaria. Variante 8: el caso debe tener evidencia visible y no una promesa abstracta.",pendiente de auditoría
LO-07-09,Localization,"idiomas, cultura y escritura multilingüe",performance,crítico,"En idiomas, cultura y escritura multilingüe, comprobar que la decisión conserva rendimiento y no añade fricción innecesaria. Variante 9: el caso debe tener evidencia visible y no una promesa abstracta.",pendiente de auditoría
LO-07-10,Localization,"idiomas, cultura y escritura multilingüe",performance,crítico,"En idiomas, cultura y escritura multilingüe, comprobar que la decisión conserva rendimiento y no añade fricción innecesaria. Variante 10: el caso debe tener evidencia visible y no una promesa abstracta.",pendiente de auditoría
LO-08-01,Localization,"idiomas, cultura y escritura multilingüe",responsive,crítico,"En idiomas, cultura y escritura multilingüe, comprobar que la implementación se comporta correctamente en distintos tamaños. Variante 1: el caso debe tener evidencia visible y no una promesa abstracta.",pendiente de auditoría
LO-08-02,Localization,"idiomas, cultura y escritura multilingüe",responsive,crítico,"En idiomas, cultura y escritura multilingüe, comprobar que la implementación se comporta correctamente en distintos tamaños. Variante 2: el caso debe tener evidencia visible y no una promesa abstracta.",pendiente de auditoría
LO-08-03,Localization,"idiomas, cultura y escritura multilingüe",responsive,crítico,"En idiomas, cultura y escritura multilingüe, comprobar que la implementación se comporta correctamente en distintos tamaños. Variante 3: el caso debe tener evidencia visible y no una promesa abstracta.",pendiente de auditoría
LO-08-04,Localization,"idiomas, cultura y escritura multilingüe",responsive,crítico,"En idiomas, cultura y escritura multilingüe, comprobar que la implementación se comporta correctamente en distintos tamaños. Variante 4: el caso debe tener evidencia visible y no una promesa abstracta.",pendiente de auditoría
LO-08-05,Localization,"idiomas, cultura y escritura multilingüe",responsive,crítico,"En idiomas, cultura y escritura multilingüe, comprobar que la implementación se comporta correctamente en distintos tamaños. Variante 5: el caso debe tener evidencia visible y no una promesa abstracta.",pendiente de auditoría
LO-08-06,Localization,"idiomas, cultura y escritura multilingüe",responsive,crítico,"En idiomas, cultura y escritura multilingüe, comprobar que la implementación se comporta correctamente en distintos tamaños. Variante 6: el caso debe tener evidencia visible y no una promesa abstracta.",pendiente de auditoría
LO-08-07,Localization,"idiomas, cultura y escritura multilingüe",responsive,crítico,"En idiomas, cultura y escritura multilingüe, comprobar que la implementación se comporta correctamente en distintos tamaños. Variante 7: el caso debe tener evidencia visible y no una promesa abstracta.",pendiente de auditoría
LO-08-08,Localization,"idiomas, cultura y escritura multilingüe",responsive,crítico,"En idiomas, cultura y escritura multilingüe, comprobar que la implementación se comporta correctamente en distintos tamaños. Variante 8: el caso debe tener evidencia visible y no una promesa abstracta.",pendiente de auditoría
LO-08-09,Localization,"idiomas, cultura y escritura multilingüe",responsive,crítico,"En idiomas, cultura y escritura multilingüe, comprobar que la implementación se comporta correctamente en distintos tamaños. Variante 9: el caso debe tener evidencia visible y no una promesa abstracta.",pendiente de auditoría
LO-08-10,Localization,"idiomas, cultura y escritura multilingüe",responsive,crítico,"En idiomas, cultura y escritura multilingüe, comprobar que la implementación se comporta correctamente en distintos tamaños. Variante 10: el caso debe tener evidencia visible y no una promesa abstracta.",pendiente de auditoría
LO-09-01,Localization,"idiomas, cultura y escritura multilingüe",distinctiveness,alto,"En idiomas, cultura y escritura multilingüe, comprobar que la solución es suficientemente propia para ser recordada y defendida. Variante 1: el caso debe tener evidencia visible y no una promesa abstracta.",pendiente de auditoría
LO-09-02,Localization,"idiomas, cultura y escritura multilingüe",distinctiveness,alto,"En idiomas, cultura y escritura multilingüe, comprobar que la solución es suficientemente propia para ser recordada y defendida. Variante 2: el caso debe tener evidencia visible y no una promesa abstracta.",pendiente de auditoría
LO-09-03,Localization,"idiomas, cultura y escritura multilingüe",distinctiveness,alto,"En idiomas, cultura y escritura multilingüe, comprobar que la solución es suficientemente propia para ser recordada y defendida. Variante 3: el caso debe tener evidencia visible y no una promesa abstracta.",pendiente de auditoría
LO-09-04,Localization,"idiomas, cultura y escritura multilingüe",distinctiveness,alto,"En idiomas, cultura y escritura multilingüe, comprobar que la solución es suficientemente propia para ser recordada y defendida. Variante 4: el caso debe tener evidencia visible y no una promesa abstracta.",pendiente de auditoría
LO-09-05,Localization,"idiomas, cultura y escritura multilingüe",distinctiveness,alto,"En idiomas, cultura y escritura multilingüe, comprobar que la solución es suficientemente propia para ser recordada y defendida. Variante 5: el caso debe tener evidencia visible y no una promesa abstracta.",pendiente de auditoría
LO-09-06,Localization,"idiomas, cultura y escritura multilingüe",distinctiveness,alto,"En idiomas, cultura y escritura multilingüe, comprobar que la solución es suficientemente propia para ser recordada y defendida. Variante 6: el caso debe tener evidencia visible y no una promesa abstracta.",pendiente de auditoría
LO-09-07,Localization,"idiomas, cultura y escritura multilingüe",distinctiveness,alto,"En idiomas, cultura y escritura multilingüe, comprobar que la solución es suficientemente propia para ser recordada y defendida. Variante 7: el caso debe tener evidencia visible y no una promesa abstracta.",pendiente de auditoría
LO-09-08,Localization,"idiomas, cultura y escritura multilingüe",distinctiveness,alto,"En idiomas, cultura y escritura multilingüe, comprobar que la solución es suficientemente propia para ser recordada y defendida. Variante 8: el caso debe tener evidencia visible y no una promesa abstracta.",pendiente de auditoría
LO-09-09,Localization,"idiomas, cultura y escritura multilingüe",distinctiveness,alto,"En idiomas, cultura y escritura multilingüe, comprobar que la solución es suficientemente propia para ser recordada y defendida. Variante 9: el caso debe tener evidencia visible y no una promesa abstracta.",pendiente de auditoría
LO-09-10,Localization,"idiomas, cultura y escritura multilingüe",distinctiveness,alto,"En idiomas, cultura y escritura multilingüe, comprobar que la solución es suficientemente propia para ser recordada y defendida. Variante 10: el caso debe tener evidencia visible y no una promesa abstracta.",pendiente de auditoría
LO-10-01,Localization,"idiomas, cultura y escritura multilingüe",verification,crítico,"En idiomas, cultura y escritura multilingüe, comprobar que el resultado puede validarse con una prueba concreta antes de publicarse. Variante 1: el caso debe tener evidencia visible y no una promesa abstracta.",pendiente de auditoría
LO-10-02,Localization,"idiomas, cultura y escritura multilingüe",verification,crítico,"En idiomas, cultura y escritura multilingüe, comprobar que el resultado puede validarse con una prueba concreta antes de publicarse. Variante 2: el caso debe tener evidencia visible y no una promesa abstracta.",pendiente de auditoría
LO-10-03,Localization,"idiomas, cultura y escritura multilingüe",verification,crítico,"En idiomas, cultura y escritura multilingüe, comprobar que el resultado puede validarse con una prueba concreta antes de publicarse. Variante 3: el caso debe tener evidencia visible y no una promesa abstracta.",pendiente de auditoría
LO-10-04,Localization,"idiomas, cultura y escritura multilingüe",verification,crítico,"En idiomas, cultura y escritura multilingüe, comprobar que el resultado puede validarse con una prueba concreta antes de publicarse. Variante 4: el caso debe tener evidencia visible y no una promesa abstracta.",pendiente de auditoría
LO-10-05,Localization,"idiomas, cultura y escritura multilingüe",verification,crítico,"En idiomas, cultura y escritura multilingüe, comprobar que el resultado puede validarse con una prueba concreta antes de publicarse. Variante 5: el caso debe tener evidencia visible y no una promesa abstracta.",pendiente de auditoría
LO-10-06,Localization,"idiomas, cultura y escritura multilingüe",verification,crítico,"En idiomas, cultura y escritura multilingüe, comprobar que el resultado puede validarse con una prueba concreta antes de publicarse. Variante 6: el caso debe tener evidencia visible y no una promesa abstracta.",pendiente de auditoría
LO-10-07,Localization,"idiomas, cultura y escritura multilingüe",verification,crítico,"En idiomas, cultura y escritura multilingüe, comprobar que el resultado puede validarse con una prueba concreta antes de publicarse. Variante 7: el caso debe tener evidencia visible y no una promesa abstracta.",pendiente de auditoría
LO-10-08,Localization,"idiomas, cultura y escritura multilingüe",verification,crítico,"En idiomas, cultura y escritura multilingüe, comprobar que el resultado puede validarse con una prueba concreta antes de publicarse. Variante 8: el caso debe tener evidencia visible y no una promesa abstracta.",pendiente de auditoría
LO-10-09,Localization,"idiomas, cultura y escritura multilingüe",verification,crítico,"En idiomas, cultura y escritura multilingüe, comprobar que el resultado puede validarse con una prueba concreta antes de publicarse. Variante 9: el caso debe tener evidencia visible y no una promesa abstracta.",pendiente de auditoría
LO-10-10,Localization,"idiomas, cultura y escritura multilingüe",verification,crítico,"En idiomas, cultura y escritura multilingüe, comprobar que el resultado puede validarse con una prueba concreta antes de publicarse. Variante 10: el caso debe tener evidencia visible y no una promesa abstracta.",pendiente de auditoría
SB-01-01,Submission,"capturas, presentación y cumplimiento",intent,estratégico,"En capturas, presentación y cumplimiento, comprobar que existe una intención verificable y no solo una decisión ornamental. Variante 1: el caso debe tener evidencia visible y no una promesa abstracta.",pendiente de auditoría
SB-01-02,Submission,"capturas, presentación y cumplimiento",intent,estratégico,"En capturas, presentación y cumplimiento, comprobar que existe una intención verificable y no solo una decisión ornamental. Variante 2: el caso debe tener evidencia visible y no una promesa abstracta.",pendiente de auditoría
SB-01-03,Submission,"capturas, presentación y cumplimiento",intent,estratégico,"En capturas, presentación y cumplimiento, comprobar que existe una intención verificable y no solo una decisión ornamental. Variante 3: el caso debe tener evidencia visible y no una promesa abstracta.",pendiente de auditoría
SB-01-04,Submission,"capturas, presentación y cumplimiento",intent,estratégico,"En capturas, presentación y cumplimiento, comprobar que existe una intención verificable y no solo una decisión ornamental. Variante 4: el caso debe tener evidencia visible y no una promesa abstracta.",pendiente de auditoría
SB-01-05,Submission,"capturas, presentación y cumplimiento",intent,estratégico,"En capturas, presentación y cumplimiento, comprobar que existe una intención verificable y no solo una decisión ornamental. Variante 5: el caso debe tener evidencia visible y no una promesa abstracta.",pendiente de auditoría
SB-01-06,Submission,"capturas, presentación y cumplimiento",intent,estratégico,"En capturas, presentación y cumplimiento, comprobar que existe una intención verificable y no solo una decisión ornamental. Variante 6: el caso debe tener evidencia visible y no una promesa abstracta.",pendiente de auditoría
SB-01-07,Submission,"capturas, presentación y cumplimiento",intent,estratégico,"En capturas, presentación y cumplimiento, comprobar que existe una intención verificable y no solo una decisión ornamental. Variante 7: el caso debe tener evidencia visible y no una promesa abstracta.",pendiente de auditoría
SB-01-08,Submission,"capturas, presentación y cumplimiento",intent,estratégico,"En capturas, presentación y cumplimiento, comprobar que existe una intención verificable y no solo una decisión ornamental. Variante 8: el caso debe tener evidencia visible y no una promesa abstracta.",pendiente de auditoría
SB-01-09,Submission,"capturas, presentación y cumplimiento",intent,estratégico,"En capturas, presentación y cumplimiento, comprobar que existe una intención verificable y no solo una decisión ornamental. Variante 9: el caso debe tener evidencia visible y no una promesa abstracta.",pendiente de auditoría
SB-01-10,Submission,"capturas, presentación y cumplimiento",intent,estratégico,"En capturas, presentación y cumplimiento, comprobar que existe una intención verificable y no solo una decisión ornamental. Variante 10: el caso debe tener evidencia visible y no una promesa abstracta.",pendiente de auditoría
SB-02-01,Submission,"capturas, presentación y cumplimiento",audience,alto,"En capturas, presentación y cumplimiento, comprobar que la decisión sirve al público objetivo y al contexto de uso. Variante 1: el caso debe tener evidencia visible y no una promesa abstracta.",pendiente de auditoría
SB-02-02,Submission,"capturas, presentación y cumplimiento",audience,alto,"En capturas, presentación y cumplimiento, comprobar que la decisión sirve al público objetivo y al contexto de uso. Variante 2: el caso debe tener evidencia visible y no una promesa abstracta.",pendiente de auditoría
SB-02-03,Submission,"capturas, presentación y cumplimiento",audience,alto,"En capturas, presentación y cumplimiento, comprobar que la decisión sirve al público objetivo y al contexto de uso. Variante 3: el caso debe tener evidencia visible y no una promesa abstracta.",pendiente de auditoría
SB-02-04,Submission,"capturas, presentación y cumplimiento",audience,alto,"En capturas, presentación y cumplimiento, comprobar que la decisión sirve al público objetivo y al contexto de uso. Variante 4: el caso debe tener evidencia visible y no una promesa abstracta.",pendiente de auditoría
SB-02-05,Submission,"capturas, presentación y cumplimiento",audience,alto,"En capturas, presentación y cumplimiento, comprobar que la decisión sirve al público objetivo y al contexto de uso. Variante 5: el caso debe tener evidencia visible y no una promesa abstracta.",pendiente de auditoría
SB-02-06,Submission,"capturas, presentación y cumplimiento",audience,alto,"En capturas, presentación y cumplimiento, comprobar que la decisión sirve al público objetivo y al contexto de uso. Variante 6: el caso debe tener evidencia visible y no una promesa abstracta.",pendiente de auditoría
SB-02-07,Submission,"capturas, presentación y cumplimiento",audience,alto,"En capturas, presentación y cumplimiento, comprobar que la decisión sirve al público objetivo y al contexto de uso. Variante 7: el caso debe tener evidencia visible y no una promesa abstracta.",pendiente de auditoría
SB-02-08,Submission,"capturas, presentación y cumplimiento",audience,alto,"En capturas, presentación y cumplimiento, comprobar que la decisión sirve al público objetivo y al contexto de uso. Variante 8: el caso debe tener evidencia visible y no una promesa abstracta.",pendiente de auditoría
SB-02-09,Submission,"capturas, presentación y cumplimiento",audience,alto,"En capturas, presentación y cumplimiento, comprobar que la decisión sirve al público objetivo y al contexto de uso. Variante 9: el caso debe tener evidencia visible y no una promesa abstracta.",pendiente de auditoría
SB-02-10,Submission,"capturas, presentación y cumplimiento",audience,alto,"En capturas, presentación y cumplimiento, comprobar que la decisión sirve al público objetivo y al contexto de uso. Variante 10: el caso debe tener evidencia visible y no una promesa abstracta.",pendiente de auditoría
SB-03-01,Submission,"capturas, presentación y cumplimiento",hierarchy,alto,"En capturas, presentación y cumplimiento, comprobar que la jerarquía comunica lo importante antes de lo accesorio. Variante 1: el caso debe tener evidencia visible y no una promesa abstracta.",pendiente de auditoría
SB-03-02,Submission,"capturas, presentación y cumplimiento",hierarchy,alto,"En capturas, presentación y cumplimiento, comprobar que la jerarquía comunica lo importante antes de lo accesorio. Variante 2: el caso debe tener evidencia visible y no una promesa abstracta.",pendiente de auditoría
SB-03-03,Submission,"capturas, presentación y cumplimiento",hierarchy,alto,"En capturas, presentación y cumplimiento, comprobar que la jerarquía comunica lo importante antes de lo accesorio. Variante 3: el caso debe tener evidencia visible y no una promesa abstracta.",pendiente de auditoría
SB-03-04,Submission,"capturas, presentación y cumplimiento",hierarchy,alto,"En capturas, presentación y cumplimiento, comprobar que la jerarquía comunica lo importante antes de lo accesorio. Variante 4: el caso debe tener evidencia visible y no una promesa abstracta.",pendiente de auditoría
SB-03-05,Submission,"capturas, presentación y cumplimiento",hierarchy,alto,"En capturas, presentación y cumplimiento, comprobar que la jerarquía comunica lo importante antes de lo accesorio. Variante 5: el caso debe tener evidencia visible y no una promesa abstracta.",pendiente de auditoría
SB-03-06,Submission,"capturas, presentación y cumplimiento",hierarchy,alto,"En capturas, presentación y cumplimiento, comprobar que la jerarquía comunica lo importante antes de lo accesorio. Variante 6: el caso debe tener evidencia visible y no una promesa abstracta.",pendiente de auditoría
SB-03-07,Submission,"capturas, presentación y cumplimiento",hierarchy,alto,"En capturas, presentación y cumplimiento, comprobar que la jerarquía comunica lo importante antes de lo accesorio. Variante 7: el caso debe tener evidencia visible y no una promesa abstracta.",pendiente de auditoría
SB-03-08,Submission,"capturas, presentación y cumplimiento",hierarchy,alto,"En capturas, presentación y cumplimiento, comprobar que la jerarquía comunica lo importante antes de lo accesorio. Variante 8: el caso debe tener evidencia visible y no una promesa abstracta.",pendiente de auditoría
SB-03-09,Submission,"capturas, presentación y cumplimiento",hierarchy,alto,"En capturas, presentación y cumplimiento, comprobar que la jerarquía comunica lo importante antes de lo accesorio. Variante 9: el caso debe tener evidencia visible y no una promesa abstracta.",pendiente de auditoría
SB-03-10,Submission,"capturas, presentación y cumplimiento",hierarchy,alto,"En capturas, presentación y cumplimiento, comprobar que la jerarquía comunica lo importante antes de lo accesorio. Variante 10: el caso debe tener evidencia visible y no una promesa abstracta.",pendiente de auditoría
SB-04-01,Submission,"capturas, presentación y cumplimiento",coherence,alto,"En capturas, presentación y cumplimiento, comprobar que la ejecución mantiene coherencia con el sistema visual completo. Variante 1: el caso debe tener evidencia visible y no una promesa abstracta.",pendiente de auditoría
SB-04-02,Submission,"capturas, presentación y cumplimiento",coherence,alto,"En capturas, presentación y cumplimiento, comprobar que la ejecución mantiene coherencia con el sistema visual completo. Variante 2: el caso debe tener evidencia visible y no una promesa abstracta.",pendiente de auditoría
SB-04-03,Submission,"capturas, presentación y cumplimiento",coherence,alto,"En capturas, presentación y cumplimiento, comprobar que la ejecución mantiene coherencia con el sistema visual completo. Variante 3: el caso debe tener evidencia visible y no una promesa abstracta.",pendiente de auditoría
SB-04-04,Submission,"capturas, presentación y cumplimiento",coherence,alto,"En capturas, presentación y cumplimiento, comprobar que la ejecución mantiene coherencia con el sistema visual completo. Variante 4: el caso debe tener evidencia visible y no una promesa abstracta.",pendiente de auditoría
SB-04-05,Submission,"capturas, presentación y cumplimiento",coherence,alto,"En capturas, presentación y cumplimiento, comprobar que la ejecución mantiene coherencia con el sistema visual completo. Variante 5: el caso debe tener evidencia visible y no una promesa abstracta.",pendiente de auditoría
SB-04-06,Submission,"capturas, presentación y cumplimiento",coherence,alto,"En capturas, presentación y cumplimiento, comprobar que la ejecución mantiene coherencia con el sistema visual completo. Variante 6: el caso debe tener evidencia visible y no una promesa abstracta.",pendiente de auditoría
SB-04-07,Submission,"capturas, presentación y cumplimiento",coherence,alto,"En capturas, presentación y cumplimiento, comprobar que la ejecución mantiene coherencia con el sistema visual completo. Variante 7: el caso debe tener evidencia visible y no una promesa abstracta.",pendiente de auditoría
SB-04-08,Submission,"capturas, presentación y cumplimiento",coherence,alto,"En capturas, presentación y cumplimiento, comprobar que la ejecución mantiene coherencia con el sistema visual completo. Variante 8: el caso debe tener evidencia visible y no una promesa abstracta.",pendiente de auditoría
SB-04-09,Submission,"capturas, presentación y cumplimiento",coherence,alto,"En capturas, presentación y cumplimiento, comprobar que la ejecución mantiene coherencia con el sistema visual completo. Variante 9: el caso debe tener evidencia visible y no una promesa abstracta.",pendiente de auditoría
SB-04-10,Submission,"capturas, presentación y cumplimiento",coherence,alto,"En capturas, presentación y cumplimiento, comprobar que la ejecución mantiene coherencia con el sistema visual completo. Variante 10: el caso debe tener evidencia visible y no una promesa abstracta.",pendiente de auditoría
SB-05-01,Submission,"capturas, presentación y cumplimiento",inclusion,crítico,"En capturas, presentación y cumplimiento, comprobar que la experiencia funciona sin depender de una única capacidad sensorial. Variante 1: el caso debe tener evidencia visible y no una promesa abstracta.",pendiente de auditoría
SB-05-02,Submission,"capturas, presentación y cumplimiento",inclusion,crítico,"En capturas, presentación y cumplimiento, comprobar que la experiencia funciona sin depender de una única capacidad sensorial. Variante 2: el caso debe tener evidencia visible y no una promesa abstracta.",pendiente de auditoría
SB-05-03,Submission,"capturas, presentación y cumplimiento",inclusion,crítico,"En capturas, presentación y cumplimiento, comprobar que la experiencia funciona sin depender de una única capacidad sensorial. Variante 3: el caso debe tener evidencia visible y no una promesa abstracta.",pendiente de auditoría
SB-05-04,Submission,"capturas, presentación y cumplimiento",inclusion,crítico,"En capturas, presentación y cumplimiento, comprobar que la experiencia funciona sin depender de una única capacidad sensorial. Variante 4: el caso debe tener evidencia visible y no una promesa abstracta.",pendiente de auditoría
SB-05-05,Submission,"capturas, presentación y cumplimiento",inclusion,crítico,"En capturas, presentación y cumplimiento, comprobar que la experiencia funciona sin depender de una única capacidad sensorial. Variante 5: el caso debe tener evidencia visible y no una promesa abstracta.",pendiente de auditoría
SB-05-06,Submission,"capturas, presentación y cumplimiento",inclusion,crítico,"En capturas, presentación y cumplimiento, comprobar que la experiencia funciona sin depender de una única capacidad sensorial. Variante 6: el caso debe tener evidencia visible y no una promesa abstracta.",pendiente de auditoría
SB-05-07,Submission,"capturas, presentación y cumplimiento",inclusion,crítico,"En capturas, presentación y cumplimiento, comprobar que la experiencia funciona sin depender de una única capacidad sensorial. Variante 7: el caso debe tener evidencia visible y no una promesa abstracta.",pendiente de auditoría
SB-05-08,Submission,"capturas, presentación y cumplimiento",inclusion,crítico,"En capturas, presentación y cumplimiento, comprobar que la experiencia funciona sin depender de una única capacidad sensorial. Variante 8: el caso debe tener evidencia visible y no una promesa abstracta.",pendiente de auditoría
SB-05-09,Submission,"capturas, presentación y cumplimiento",inclusion,crítico,"En capturas, presentación y cumplimiento, comprobar que la experiencia funciona sin depender de una única capacidad sensorial. Variante 9: el caso debe tener evidencia visible y no una promesa abstracta.",pendiente de auditoría
SB-05-10,Submission,"capturas, presentación y cumplimiento",inclusion,crítico,"En capturas, presentación y cumplimiento, comprobar que la experiencia funciona sin depender de una única capacidad sensorial. Variante 10: el caso debe tener evidencia visible y no una promesa abstracta.",pendiente de auditoría
SB-06-01,Submission,"capturas, presentación y cumplimiento",feedback,alto,"En capturas, presentación y cumplimiento, comprobar que la respuesta del sistema es clara, reversible y observable. Variante 1: el caso debe tener evidencia visible y no una promesa abstracta.",pendiente de auditoría
SB-06-02,Submission,"capturas, presentación y cumplimiento",feedback,alto,"En capturas, presentación y cumplimiento, comprobar que la respuesta del sistema es clara, reversible y observable. Variante 2: el caso debe tener evidencia visible y no una promesa abstracta.",pendiente de auditoría
SB-06-03,Submission,"capturas, presentación y cumplimiento",feedback,alto,"En capturas, presentación y cumplimiento, comprobar que la respuesta del sistema es clara, reversible y observable. Variante 3: el caso debe tener evidencia visible y no una promesa abstracta.",pendiente de auditoría
SB-06-04,Submission,"capturas, presentación y cumplimiento",feedback,alto,"En capturas, presentación y cumplimiento, comprobar que la respuesta del sistema es clara, reversible y observable. Variante 4: el caso debe tener evidencia visible y no una promesa abstracta.",pendiente de auditoría
SB-06-05,Submission,"capturas, presentación y cumplimiento",feedback,alto,"En capturas, presentación y cumplimiento, comprobar que la respuesta del sistema es clara, reversible y observable. Variante 5: el caso debe tener evidencia visible y no una promesa abstracta.",pendiente de auditoría
SB-06-06,Submission,"capturas, presentación y cumplimiento",feedback,alto,"En capturas, presentación y cumplimiento, comprobar que la respuesta del sistema es clara, reversible y observable. Variante 6: el caso debe tener evidencia visible y no una promesa abstracta.",pendiente de auditoría
SB-06-07,Submission,"capturas, presentación y cumplimiento",feedback,alto,"En capturas, presentación y cumplimiento, comprobar que la respuesta del sistema es clara, reversible y observable. Variante 7: el caso debe tener evidencia visible y no una promesa abstracta.",pendiente de auditoría
SB-06-08,Submission,"capturas, presentación y cumplimiento",feedback,alto,"En capturas, presentación y cumplimiento, comprobar que la respuesta del sistema es clara, reversible y observable. Variante 8: el caso debe tener evidencia visible y no una promesa abstracta.",pendiente de auditoría
SB-06-09,Submission,"capturas, presentación y cumplimiento",feedback,alto,"En capturas, presentación y cumplimiento, comprobar que la respuesta del sistema es clara, reversible y observable. Variante 9: el caso debe tener evidencia visible y no una promesa abstracta.",pendiente de auditoría
SB-06-10,Submission,"capturas, presentación y cumplimiento",feedback,alto,"En capturas, presentación y cumplimiento, comprobar que la respuesta del sistema es clara, reversible y observable. Variante 10: el caso debe tener evidencia visible y no una promesa abstracta.",pendiente de auditoría
SB-07-01,Submission,"capturas, presentación y cumplimiento",performance,crítico,"En capturas, presentación y cumplimiento, comprobar que la decisión conserva rendimiento y no añade fricción innecesaria. Variante 1: el caso debe tener evidencia visible y no una promesa abstracta.",pendiente de auditoría
SB-07-02,Submission,"capturas, presentación y cumplimiento",performance,crítico,"En capturas, presentación y cumplimiento, comprobar que la decisión conserva rendimiento y no añade fricción innecesaria. Variante 2: el caso debe tener evidencia visible y no una promesa abstracta.",pendiente de auditoría
SB-07-03,Submission,"capturas, presentación y cumplimiento",performance,crítico,"En capturas, presentación y cumplimiento, comprobar que la decisión conserva rendimiento y no añade fricción innecesaria. Variante 3: el caso debe tener evidencia visible y no una promesa abstracta.",pendiente de auditoría
SB-07-04,Submission,"capturas, presentación y cumplimiento",performance,crítico,"En capturas, presentación y cumplimiento, comprobar que la decisión conserva rendimiento y no añade fricción innecesaria. Variante 4: el caso debe tener evidencia visible y no una promesa abstracta.",pendiente de auditoría
SB-07-05,Submission,"capturas, presentación y cumplimiento",performance,crítico,"En capturas, presentación y cumplimiento, comprobar que la decisión conserva rendimiento y no añade fricción innecesaria. Variante 5: el caso debe tener evidencia visible y no una promesa abstracta.",pendiente de auditoría
SB-07-06,Submission,"capturas, presentación y cumplimiento",performance,crítico,"En capturas, presentación y cumplimiento, comprobar que la decisión conserva rendimiento y no añade fricción innecesaria. Variante 6: el caso debe tener evidencia visible y no una promesa abstracta.",pendiente de auditoría
SB-07-07,Submission,"capturas, presentación y cumplimiento",performance,crítico,"En capturas, presentación y cumplimiento, comprobar que la decisión conserva rendimiento y no añade fricción innecesaria. Variante 7: el caso debe tener evidencia visible y no una promesa abstracta.",pendiente de auditoría
SB-07-08,Submission,"capturas, presentación y cumplimiento",performance,crítico,"En capturas, presentación y cumplimiento, comprobar que la decisión conserva rendimiento y no añade fricción innecesaria. Variante 8: el caso debe tener evidencia visible y no una promesa abstracta.",pendiente de auditoría
SB-07-09,Submission,"capturas, presentación y cumplimiento",performance,crítico,"En capturas, presentación y cumplimiento, comprobar que la decisión conserva rendimiento y no añade fricción innecesaria. Variante 9: el caso debe tener evidencia visible y no una promesa abstracta.",pendiente de auditoría
SB-07-10,Submission,"capturas, presentación y cumplimiento",performance,crítico,"En capturas, presentación y cumplimiento, comprobar que la decisión conserva rendimiento y no añade fricción innecesaria. Variante 10: el caso debe tener evidencia visible y no una promesa abstracta.",pendiente de auditoría
SB-08-01,Submission,"capturas, presentación y cumplimiento",responsive,crítico,"En capturas, presentación y cumplimiento, comprobar que la implementación se comporta correctamente en distintos tamaños. Variante 1: el caso debe tener evidencia visible y no una promesa abstracta.",pendiente de auditoría
SB-08-02,Submission,"capturas, presentación y cumplimiento",responsive,crítico,"En capturas, presentación y cumplimiento, comprobar que la implementación se comporta correctamente en distintos tamaños. Variante 2: el caso debe tener evidencia visible y no una promesa abstracta.",pendiente de auditoría
SB-08-03,Submission,"capturas, presentación y cumplimiento",responsive,crítico,"En capturas, presentación y cumplimiento, comprobar que la implementación se comporta correctamente en distintos tamaños. Variante 3: el caso debe tener evidencia visible y no una promesa abstracta.",pendiente de auditoría
SB-08-04,Submission,"capturas, presentación y cumplimiento",responsive,crítico,"En capturas, presentación y cumplimiento, comprobar que la implementación se comporta correctamente en distintos tamaños. Variante 4: el caso debe tener evidencia visible y no una promesa abstracta.",pendiente de auditoría
SB-08-05,Submission,"capturas, presentación y cumplimiento",responsive,crítico,"En capturas, presentación y cumplimiento, comprobar que la implementación se comporta correctamente en distintos tamaños. Variante 5: el caso debe tener evidencia visible y no una promesa abstracta.",pendiente de auditoría
SB-08-06,Submission,"capturas, presentación y cumplimiento",responsive,crítico,"En capturas, presentación y cumplimiento, comprobar que la implementación se comporta correctamente en distintos tamaños. Variante 6: el caso debe tener evidencia visible y no una promesa abstracta.",pendiente de auditoría
SB-08-07,Submission,"capturas, presentación y cumplimiento",responsive,crítico,"En capturas, presentación y cumplimiento, comprobar que la implementación se comporta correctamente en distintos tamaños. Variante 7: el caso debe tener evidencia visible y no una promesa abstracta.",pendiente de auditoría
SB-08-08,Submission,"capturas, presentación y cumplimiento",responsive,crítico,"En capturas, presentación y cumplimiento, comprobar que la implementación se comporta correctamente en distintos tamaños. Variante 8: el caso debe tener evidencia visible y no una promesa abstracta.",pendiente de auditoría
SB-08-09,Submission,"capturas, presentación y cumplimiento",responsive,crítico,"En capturas, presentación y cumplimiento, comprobar que la implementación se comporta correctamente en distintos tamaños. Variante 9: el caso debe tener evidencia visible y no una promesa abstracta.",pendiente de auditoría
SB-08-10,Submission,"capturas, presentación y cumplimiento",responsive,crítico,"En capturas, presentación y cumplimiento, comprobar que la implementación se comporta correctamente en distintos tamaños. Variante 10: el caso debe tener evidencia visible y no una promesa abstracta.",pendiente de auditoría
SB-09-01,Submission,"capturas, presentación y cumplimiento",distinctiveness,alto,"En capturas, presentación y cumplimiento, comprobar que la solución es suficientemente propia para ser recordada y defendida. Variante 1: el caso debe tener evidencia visible y no una promesa abstracta.",pendiente de auditoría
SB-09-02,Submission,"capturas, presentación y cumplimiento",distinctiveness,alto,"En capturas, presentación y cumplimiento, comprobar que la solución es suficientemente propia para ser recordada y defendida. Variante 2: el caso debe tener evidencia visible y no una promesa abstracta.",pendiente de auditoría
SB-09-03,Submission,"capturas, presentación y cumplimiento",distinctiveness,alto,"En capturas, presentación y cumplimiento, comprobar que la solución es suficientemente propia para ser recordada y defendida. Variante 3: el caso debe tener evidencia visible y no una promesa abstracta.",pendiente de auditoría
SB-09-04,Submission,"capturas, presentación y cumplimiento",distinctiveness,alto,"En capturas, presentación y cumplimiento, comprobar que la solución es suficientemente propia para ser recordada y defendida. Variante 4: el caso debe tener evidencia visible y no una promesa abstracta.",pendiente de auditoría
SB-09-05,Submission,"capturas, presentación y cumplimiento",distinctiveness,alto,"En capturas, presentación y cumplimiento, comprobar que la solución es suficientemente propia para ser recordada y defendida. Variante 5: el caso debe tener evidencia visible y no una promesa abstracta.",pendiente de auditoría
SB-09-06,Submission,"capturas, presentación y cumplimiento",distinctiveness,alto,"En capturas, presentación y cumplimiento, comprobar que la solución es suficientemente propia para ser recordada y defendida. Variante 6: el caso debe tener evidencia visible y no una promesa abstracta.",pendiente de auditoría
SB-09-07,Submission,"capturas, presentación y cumplimiento",distinctiveness,alto,"En capturas, presentación y cumplimiento, comprobar que la solución es suficientemente propia para ser recordada y defendida. Variante 7: el caso debe tener evidencia visible y no una promesa abstracta.",pendiente de auditoría
SB-09-08,Submission,"capturas, presentación y cumplimiento",distinctiveness,alto,"En capturas, presentación y cumplimiento, comprobar que la solución es suficientemente propia para ser recordada y defendida. Variante 8: el caso debe tener evidencia visible y no una promesa abstracta.",pendiente de auditoría
SB-09-09,Submission,"capturas, presentación y cumplimiento",distinctiveness,alto,"En capturas, presentación y cumplimiento, comprobar que la solución es suficientemente propia para ser recordada y defendida. Variante 9: el caso debe tener evidencia visible y no una promesa abstracta.",pendiente de auditoría
SB-09-10,Submission,"capturas, presentación y cumplimiento",distinctiveness,alto,"En capturas, presentación y cumplimiento, comprobar que la solución es suficientemente propia para ser recordada y defendida. Variante 10: el caso debe tener evidencia visible y no una promesa abstracta.",pendiente de auditoría
SB-10-01,Submission,"capturas, presentación y cumplimiento",verification,crítico,"En capturas, presentación y cumplimiento, comprobar que el resultado puede validarse con una prueba concreta antes de publicarse. Variante 1: el caso debe tener evidencia visible y no una promesa abstracta.",pendiente de auditoría
SB-10-02,Submission,"capturas, presentación y cumplimiento",verification,crítico,"En capturas, presentación y cumplimiento, comprobar que el resultado puede validarse con una prueba concreta antes de publicarse. Variante 2: el caso debe tener evidencia visible y no una promesa abstracta.",pendiente de auditoría
SB-10-03,Submission,"capturas, presentación y cumplimiento",verification,crítico,"En capturas, presentación y cumplimiento, comprobar que el resultado puede validarse con una prueba concreta antes de publicarse. Variante 3: el caso debe tener evidencia visible y no una promesa abstracta.",pendiente de auditoría
SB-10-04,Submission,"capturas, presentación y cumplimiento",verification,crítico,"En capturas, presentación y cumplimiento, comprobar que el resultado puede validarse con una prueba concreta antes de publicarse. Variante 4: el caso debe tener evidencia visible y no una promesa abstracta.",pendiente de auditoría
SB-10-05,Submission,"capturas, presentación y cumplimiento",verification,crítico,"En capturas, presentación y cumplimiento, comprobar que el resultado puede validarse con una prueba concreta antes de publicarse. Variante 5: el caso debe tener evidencia visible y no una promesa abstracta.",pendiente de auditoría
SB-10-06,Submission,"capturas, presentación y cumplimiento",verification,crítico,"En capturas, presentación y cumplimiento, comprobar que el resultado puede validarse con una prueba concreta antes de publicarse. Variante 6: el caso debe tener evidencia visible y no una promesa abstracta.",pendiente de auditoría
SB-10-07,Submission,"capturas, presentación y cumplimiento",verification,crítico,"En capturas, presentación y cumplimiento, comprobar que el resultado puede validarse con una prueba concreta antes de publicarse. Variante 7: el caso debe tener evidencia visible y no una promesa abstracta.",pendiente de auditoría
SB-10-08,Submission,"capturas, presentación y cumplimiento",verification,crítico,"En capturas, presentación y cumplimiento, comprobar que el resultado puede validarse con una prueba concreta antes de publicarse. Variante 8: el caso debe tener evidencia visible y no una promesa abstracta.",pendiente de auditoría
SB-10-09,Submission,"capturas, presentación y cumplimiento",verification,crítico,"En capturas, presentación y cumplimiento, comprobar que el resultado puede validarse con una prueba concreta antes de publicarse. Variante 9: el caso debe tener evidencia visible y no una promesa abstracta.",pendiente de auditoría
SB-10-10,Submission,"capturas, presentación y cumplimiento",verification,crítico,"En capturas, presentación y cumplimiento, comprobar que el resultado puede validarse con una prueba concreta antes de publicarse. Variante 10: el caso debe tener evidencia visible y no una promesa abstracta.",pendiente de auditoría
DI-01-01,Differentiation,"originalidad, innovación y memorabilidad",intent,estratégico,"En originalidad, innovación y memorabilidad, comprobar que existe una intención verificable y no solo una decisión ornamental. Variante 1: el caso debe tener evidencia visible y no una promesa abstracta.",pendiente de auditoría
DI-01-02,Differentiation,"originalidad, innovación y memorabilidad",intent,estratégico,"En originalidad, innovación y memorabilidad, comprobar que existe una intención verificable y no solo una decisión ornamental. Variante 2: el caso debe tener evidencia visible y no una promesa abstracta.",pendiente de auditoría
DI-01-03,Differentiation,"originalidad, innovación y memorabilidad",intent,estratégico,"En originalidad, innovación y memorabilidad, comprobar que existe una intención verificable y no solo una decisión ornamental. Variante 3: el caso debe tener evidencia visible y no una promesa abstracta.",pendiente de auditoría
DI-01-04,Differentiation,"originalidad, innovación y memorabilidad",intent,estratégico,"En originalidad, innovación y memorabilidad, comprobar que existe una intención verificable y no solo una decisión ornamental. Variante 4: el caso debe tener evidencia visible y no una promesa abstracta.",pendiente de auditoría
DI-01-05,Differentiation,"originalidad, innovación y memorabilidad",intent,estratégico,"En originalidad, innovación y memorabilidad, comprobar que existe una intención verificable y no solo una decisión ornamental. Variante 5: el caso debe tener evidencia visible y no una promesa abstracta.",pendiente de auditoría
DI-01-06,Differentiation,"originalidad, innovación y memorabilidad",intent,estratégico,"En originalidad, innovación y memorabilidad, comprobar que existe una intención verificable y no solo una decisión ornamental. Variante 6: el caso debe tener evidencia visible y no una promesa abstracta.",pendiente de auditoría
DI-01-07,Differentiation,"originalidad, innovación y memorabilidad",intent,estratégico,"En originalidad, innovación y memorabilidad, comprobar que existe una intención verificable y no solo una decisión ornamental. Variante 7: el caso debe tener evidencia visible y no una promesa abstracta.",pendiente de auditoría
DI-01-08,Differentiation,"originalidad, innovación y memorabilidad",intent,estratégico,"En originalidad, innovación y memorabilidad, comprobar que existe una intención verificable y no solo una decisión ornamental. Variante 8: el caso debe tener evidencia visible y no una promesa abstracta.",pendiente de auditoría
DI-01-09,Differentiation,"originalidad, innovación y memorabilidad",intent,estratégico,"En originalidad, innovación y memorabilidad, comprobar que existe una intención verificable y no solo una decisión ornamental. Variante 9: el caso debe tener evidencia visible y no una promesa abstracta.",pendiente de auditoría
DI-01-10,Differentiation,"originalidad, innovación y memorabilidad",intent,estratégico,"En originalidad, innovación y memorabilidad, comprobar que existe una intención verificable y no solo una decisión ornamental. Variante 10: el caso debe tener evidencia visible y no una promesa abstracta.",pendiente de auditoría
DI-02-01,Differentiation,"originalidad, innovación y memorabilidad",audience,alto,"En originalidad, innovación y memorabilidad, comprobar que la decisión sirve al público objetivo y al contexto de uso. Variante 1: el caso debe tener evidencia visible y no una promesa abstracta.",pendiente de auditoría
DI-02-02,Differentiation,"originalidad, innovación y memorabilidad",audience,alto,"En originalidad, innovación y memorabilidad, comprobar que la decisión sirve al público objetivo y al contexto de uso. Variante 2: el caso debe tener evidencia visible y no una promesa abstracta.",pendiente de auditoría
DI-02-03,Differentiation,"originalidad, innovación y memorabilidad",audience,alto,"En originalidad, innovación y memorabilidad, comprobar que la decisión sirve al público objetivo y al contexto de uso. Variante 3: el caso debe tener evidencia visible y no una promesa abstracta.",pendiente de auditoría
DI-02-04,Differentiation,"originalidad, innovación y memorabilidad",audience,alto,"En originalidad, innovación y memorabilidad, comprobar que la decisión sirve al público objetivo y al contexto de uso. Variante 4: el caso debe tener evidencia visible y no una promesa abstracta.",pendiente de auditoría
DI-02-05,Differentiation,"originalidad, innovación y memorabilidad",audience,alto,"En originalidad, innovación y memorabilidad, comprobar que la decisión sirve al público objetivo y al contexto de uso. Variante 5: el caso debe tener evidencia visible y no una promesa abstracta.",pendiente de auditoría
DI-02-06,Differentiation,"originalidad, innovación y memorabilidad",audience,alto,"En originalidad, innovación y memorabilidad, comprobar que la decisión sirve al público objetivo y al contexto de uso. Variante 6: el caso debe tener evidencia visible y no una promesa abstracta.",pendiente de auditoría
DI-02-07,Differentiation,"originalidad, innovación y memorabilidad",audience,alto,"En originalidad, innovación y memorabilidad, comprobar que la decisión sirve al público objetivo y al contexto de uso. Variante 7: el caso debe tener evidencia visible y no una promesa abstracta.",pendiente de auditoría
DI-02-08,Differentiation,"originalidad, innovación y memorabilidad",audience,alto,"En originalidad, innovación y memorabilidad, comprobar que la decisión sirve al público objetivo y al contexto de uso. Variante 8: el caso debe tener evidencia visible y no una promesa abstracta.",pendiente de auditoría
DI-02-09,Differentiation,"originalidad, innovación y memorabilidad",audience,alto,"En originalidad, innovación y memorabilidad, comprobar que la decisión sirve al público objetivo y al contexto de uso. Variante 9: el caso debe tener evidencia visible y no una promesa abstracta.",pendiente de auditoría
DI-02-10,Differentiation,"originalidad, innovación y memorabilidad",audience,alto,"En originalidad, innovación y memorabilidad, comprobar que la decisión sirve al público objetivo y al contexto de uso. Variante 10: el caso debe tener evidencia visible y no una promesa abstracta.",pendiente de auditoría
DI-03-01,Differentiation,"originalidad, innovación y memorabilidad",hierarchy,alto,"En originalidad, innovación y memorabilidad, comprobar que la jerarquía comunica lo importante antes de lo accesorio. Variante 1: el caso debe tener evidencia visible y no una promesa abstracta.",pendiente de auditoría
DI-03-02,Differentiation,"originalidad, innovación y memorabilidad",hierarchy,alto,"En originalidad, innovación y memorabilidad, comprobar que la jerarquía comunica lo importante antes de lo accesorio. Variante 2: el caso debe tener evidencia visible y no una promesa abstracta.",pendiente de auditoría
DI-03-03,Differentiation,"originalidad, innovación y memorabilidad",hierarchy,alto,"En originalidad, innovación y memorabilidad, comprobar que la jerarquía comunica lo importante antes de lo accesorio. Variante 3: el caso debe tener evidencia visible y no una promesa abstracta.",pendiente de auditoría
DI-03-04,Differentiation,"originalidad, innovación y memorabilidad",hierarchy,alto,"En originalidad, innovación y memorabilidad, comprobar que la jerarquía comunica lo importante antes de lo accesorio. Variante 4: el caso debe tener evidencia visible y no una promesa abstracta.",pendiente de auditoría
DI-03-05,Differentiation,"originalidad, innovación y memorabilidad",hierarchy,alto,"En originalidad, innovación y memorabilidad, comprobar que la jerarquía comunica lo importante antes de lo accesorio. Variante 5: el caso debe tener evidencia visible y no una promesa abstracta.",pendiente de auditoría
DI-03-06,Differentiation,"originalidad, innovación y memorabilidad",hierarchy,alto,"En originalidad, innovación y memorabilidad, comprobar que la jerarquía comunica lo importante antes de lo accesorio. Variante 6: el caso debe tener evidencia visible y no una promesa abstracta.",pendiente de auditoría
DI-03-07,Differentiation,"originalidad, innovación y memorabilidad",hierarchy,alto,"En originalidad, innovación y memorabilidad, comprobar que la jerarquía comunica lo importante antes de lo accesorio. Variante 7: el caso debe tener evidencia visible y no una promesa abstracta.",pendiente de auditoría
DI-03-08,Differentiation,"originalidad, innovación y memorabilidad",hierarchy,alto,"En originalidad, innovación y memorabilidad, comprobar que la jerarquía comunica lo importante antes de lo accesorio. Variante 8: el caso debe tener evidencia visible y no una promesa abstracta.",pendiente de auditoría
DI-03-09,Differentiation,"originalidad, innovación y memorabilidad",hierarchy,alto,"En originalidad, innovación y memorabilidad, comprobar que la jerarquía comunica lo importante antes de lo accesorio. Variante 9: el caso debe tener evidencia visible y no una promesa abstracta.",pendiente de auditoría
DI-03-10,Differentiation,"originalidad, innovación y memorabilidad",hierarchy,alto,"En originalidad, innovación y memorabilidad, comprobar que la jerarquía comunica lo importante antes de lo accesorio. Variante 10: el caso debe tener evidencia visible y no una promesa abstracta.",pendiente de auditoría
DI-04-01,Differentiation,"originalidad, innovación y memorabilidad",coherence,alto,"En originalidad, innovación y memorabilidad, comprobar que la ejecución mantiene coherencia con el sistema visual completo. Variante 1: el caso debe tener evidencia visible y no una promesa abstracta.",pendiente de auditoría
DI-04-02,Differentiation,"originalidad, innovación y memorabilidad",coherence,alto,"En originalidad, innovación y memorabilidad, comprobar que la ejecución mantiene coherencia con el sistema visual completo. Variante 2: el caso debe tener evidencia visible y no una promesa abstracta.",pendiente de auditoría
DI-04-03,Differentiation,"originalidad, innovación y memorabilidad",coherence,alto,"En originalidad, innovación y memorabilidad, comprobar que la ejecución mantiene coherencia con el sistema visual completo. Variante 3: el caso debe tener evidencia visible y no una promesa abstracta.",pendiente de auditoría
DI-04-04,Differentiation,"originalidad, innovación y memorabilidad",coherence,alto,"En originalidad, innovación y memorabilidad, comprobar que la ejecución mantiene coherencia con el sistema visual completo. Variante 4: el caso debe tener evidencia visible y no una promesa abstracta.",pendiente de auditoría
DI-04-05,Differentiation,"originalidad, innovación y memorabilidad",coherence,alto,"En originalidad, innovación y memorabilidad, comprobar que la ejecución mantiene coherencia con el sistema visual completo. Variante 5: el caso debe tener evidencia visible y no una promesa abstracta.",pendiente de auditoría
DI-04-06,Differentiation,"originalidad, innovación y memorabilidad",coherence,alto,"En originalidad, innovación y memorabilidad, comprobar que la ejecución mantiene coherencia con el sistema visual completo. Variante 6: el caso debe tener evidencia visible y no una promesa abstracta.",pendiente de auditoría
DI-04-07,Differentiation,"originalidad, innovación y memorabilidad",coherence,alto,"En originalidad, innovación y memorabilidad, comprobar que la ejecución mantiene coherencia con el sistema visual completo. Variante 7: el caso debe tener evidencia visible y no una promesa abstracta.",pendiente de auditoría
DI-04-08,Differentiation,"originalidad, innovación y memorabilidad",coherence,alto,"En originalidad, innovación y memorabilidad, comprobar que la ejecución mantiene coherencia con el sistema visual completo. Variante 8: el caso debe tener evidencia visible y no una promesa abstracta.",pendiente de auditoría
DI-04-09,Differentiation,"originalidad, innovación y memorabilidad",coherence,alto,"En originalidad, innovación y memorabilidad, comprobar que la ejecución mantiene coherencia con el sistema visual completo. Variante 9: el caso debe tener evidencia visible y no una promesa abstracta.",pendiente de auditoría
DI-04-10,Differentiation,"originalidad, innovación y memorabilidad",coherence,alto,"En originalidad, innovación y memorabilidad, comprobar que la ejecución mantiene coherencia con el sistema visual completo. Variante 10: el caso debe tener evidencia visible y no una promesa abstracta.",pendiente de auditoría
DI-05-01,Differentiation,"originalidad, innovación y memorabilidad",inclusion,crítico,"En originalidad, innovación y memorabilidad, comprobar que la experiencia funciona sin depender de una única capacidad sensorial. Variante 1: el caso debe tener evidencia visible y no una promesa abstracta.",pendiente de auditoría
DI-05-02,Differentiation,"originalidad, innovación y memorabilidad",inclusion,crítico,"En originalidad, innovación y memorabilidad, comprobar que la experiencia funciona sin depender de una única capacidad sensorial. Variante 2: el caso debe tener evidencia visible y no una promesa abstracta.",pendiente de auditoría
DI-05-03,Differentiation,"originalidad, innovación y memorabilidad",inclusion,crítico,"En originalidad, innovación y memorabilidad, comprobar que la experiencia funciona sin depender de una única capacidad sensorial. Variante 3: el caso debe tener evidencia visible y no una promesa abstracta.",pendiente de auditoría
DI-05-04,Differentiation,"originalidad, innovación y memorabilidad",inclusion,crítico,"En originalidad, innovación y memorabilidad, comprobar que la experiencia funciona sin depender de una única capacidad sensorial. Variante 4: el caso debe tener evidencia visible y no una promesa abstracta.",pendiente de auditoría
DI-05-05,Differentiation,"originalidad, innovación y memorabilidad",inclusion,crítico,"En originalidad, innovación y memorabilidad, comprobar que la experiencia funciona sin depender de una única capacidad sensorial. Variante 5: el caso debe tener evidencia visible y no una promesa abstracta.",pendiente de auditoría
DI-05-06,Differentiation,"originalidad, innovación y memorabilidad",inclusion,crítico,"En originalidad, innovación y memorabilidad, comprobar que la experiencia funciona sin depender de una única capacidad sensorial. Variante 6: el caso debe tener evidencia visible y no una promesa abstracta.",pendiente de auditoría
DI-05-07,Differentiation,"originalidad, innovación y memorabilidad",inclusion,crítico,"En originalidad, innovación y memorabilidad, comprobar que la experiencia funciona sin depender de una única capacidad sensorial. Variante 7: el caso debe tener evidencia visible y no una promesa abstracta.",pendiente de auditoría
DI-05-08,Differentiation,"originalidad, innovación y memorabilidad",inclusion,crítico,"En originalidad, innovación y memorabilidad, comprobar que la experiencia funciona sin depender de una única capacidad sensorial. Variante 8: el caso debe tener evidencia visible y no una promesa abstracta.",pendiente de auditoría
DI-05-09,Differentiation,"originalidad, innovación y memorabilidad",inclusion,crítico,"En originalidad, innovación y memorabilidad, comprobar que la experiencia funciona sin depender de una única capacidad sensorial. Variante 9: el caso debe tener evidencia visible y no una promesa abstracta.",pendiente de auditoría
DI-05-10,Differentiation,"originalidad, innovación y memorabilidad",inclusion,crítico,"En originalidad, innovación y memorabilidad, comprobar que la experiencia funciona sin depender de una única capacidad sensorial. Variante 10: el caso debe tener evidencia visible y no una promesa abstracta.",pendiente de auditoría
DI-06-01,Differentiation,"originalidad, innovación y memorabilidad",feedback,alto,"En originalidad, innovación y memorabilidad, comprobar que la respuesta del sistema es clara, reversible y observable. Variante 1: el caso debe tener evidencia visible y no una promesa abstracta.",pendiente de auditoría
DI-06-02,Differentiation,"originalidad, innovación y memorabilidad",feedback,alto,"En originalidad, innovación y memorabilidad, comprobar que la respuesta del sistema es clara, reversible y observable. Variante 2: el caso debe tener evidencia visible y no una promesa abstracta.",pendiente de auditoría
DI-06-03,Differentiation,"originalidad, innovación y memorabilidad",feedback,alto,"En originalidad, innovación y memorabilidad, comprobar que la respuesta del sistema es clara, reversible y observable. Variante 3: el caso debe tener evidencia visible y no una promesa abstracta.",pendiente de auditoría
DI-06-04,Differentiation,"originalidad, innovación y memorabilidad",feedback,alto,"En originalidad, innovación y memorabilidad, comprobar que la respuesta del sistema es clara, reversible y observable. Variante 4: el caso debe tener evidencia visible y no una promesa abstracta.",pendiente de auditoría
DI-06-05,Differentiation,"originalidad, innovación y memorabilidad",feedback,alto,"En originalidad, innovación y memorabilidad, comprobar que la respuesta del sistema es clara, reversible y observable. Variante 5: el caso debe tener evidencia visible y no una promesa abstracta.",pendiente de auditoría
DI-06-06,Differentiation,"originalidad, innovación y memorabilidad",feedback,alto,"En originalidad, innovación y memorabilidad, comprobar que la respuesta del sistema es clara, reversible y observable. Variante 6: el caso debe tener evidencia visible y no una promesa abstracta.",pendiente de auditoría
DI-06-07,Differentiation,"originalidad, innovación y memorabilidad",feedback,alto,"En originalidad, innovación y memorabilidad, comprobar que la respuesta del sistema es clara, reversible y observable. Variante 7: el caso debe tener evidencia visible y no una promesa abstracta.",pendiente de auditoría
DI-06-08,Differentiation,"originalidad, innovación y memorabilidad",feedback,alto,"En originalidad, innovación y memorabilidad, comprobar que la respuesta del sistema es clara, reversible y observable. Variante 8: el caso debe tener evidencia visible y no una promesa abstracta.",pendiente de auditoría
DI-06-09,Differentiation,"originalidad, innovación y memorabilidad",feedback,alto,"En originalidad, innovación y memorabilidad, comprobar que la respuesta del sistema es clara, reversible y observable. Variante 9: el caso debe tener evidencia visible y no una promesa abstracta.",pendiente de auditoría
DI-06-10,Differentiation,"originalidad, innovación y memorabilidad",feedback,alto,"En originalidad, innovación y memorabilidad, comprobar que la respuesta del sistema es clara, reversible y observable. Variante 10: el caso debe tener evidencia visible y no una promesa abstracta.",pendiente de auditoría
DI-07-01,Differentiation,"originalidad, innovación y memorabilidad",performance,crítico,"En originalidad, innovación y memorabilidad, comprobar que la decisión conserva rendimiento y no añade fricción innecesaria. Variante 1: el caso debe tener evidencia visible y no una promesa abstracta.",pendiente de auditoría
DI-07-02,Differentiation,"originalidad, innovación y memorabilidad",performance,crítico,"En originalidad, innovación y memorabilidad, comprobar que la decisión conserva rendimiento y no añade fricción innecesaria. Variante 2: el caso debe tener evidencia visible y no una promesa abstracta.",pendiente de auditoría
DI-07-03,Differentiation,"originalidad, innovación y memorabilidad",performance,crítico,"En originalidad, innovación y memorabilidad, comprobar que la decisión conserva rendimiento y no añade fricción innecesaria. Variante 3: el caso debe tener evidencia visible y no una promesa abstracta.",pendiente de auditoría
DI-07-04,Differentiation,"originalidad, innovación y memorabilidad",performance,crítico,"En originalidad, innovación y memorabilidad, comprobar que la decisión conserva rendimiento y no añade fricción innecesaria. Variante 4: el caso debe tener evidencia visible y no una promesa abstracta.",pendiente de auditoría
DI-07-05,Differentiation,"originalidad, innovación y memorabilidad",performance,crítico,"En originalidad, innovación y memorabilidad, comprobar que la decisión conserva rendimiento y no añade fricción innecesaria. Variante 5: el caso debe tener evidencia visible y no una promesa abstracta.",pendiente de auditoría
DI-07-06,Differentiation,"originalidad, innovación y memorabilidad",performance,crítico,"En originalidad, innovación y memorabilidad, comprobar que la decisión conserva rendimiento y no añade fricción innecesaria. Variante 6: el caso debe tener evidencia visible y no una promesa abstracta.",pendiente de auditoría
DI-07-07,Differentiation,"originalidad, innovación y memorabilidad",performance,crítico,"En originalidad, innovación y memorabilidad, comprobar que la decisión conserva rendimiento y no añade fricción innecesaria. Variante 7: el caso debe tener evidencia visible y no una promesa abstracta.",pendiente de auditoría
DI-07-08,Differentiation,"originalidad, innovación y memorabilidad",performance,crítico,"En originalidad, innovación y memorabilidad, comprobar que la decisión conserva rendimiento y no añade fricción innecesaria. Variante 8: el caso debe tener evidencia visible y no una promesa abstracta.",pendiente de auditoría
DI-07-09,Differentiation,"originalidad, innovación y memorabilidad",performance,crítico,"En originalidad, innovación y memorabilidad, comprobar que la decisión conserva rendimiento y no añade fricción innecesaria. Variante 9: el caso debe tener evidencia visible y no una promesa abstracta.",pendiente de auditoría
DI-07-10,Differentiation,"originalidad, innovación y memorabilidad",performance,crítico,"En originalidad, innovación y memorabilidad, comprobar que la decisión conserva rendimiento y no añade fricción innecesaria. Variante 10: el caso debe tener evidencia visible y no una promesa abstracta.",pendiente de auditoría
DI-08-01,Differentiation,"originalidad, innovación y memorabilidad",responsive,crítico,"En originalidad, innovación y memorabilidad, comprobar que la implementación se comporta correctamente en distintos tamaños. Variante 1: el caso debe tener evidencia visible y no una promesa abstracta.",pendiente de auditoría
DI-08-02,Differentiation,"originalidad, innovación y memorabilidad",responsive,crítico,"En originalidad, innovación y memorabilidad, comprobar que la implementación se comporta correctamente en distintos tamaños. Variante 2: el caso debe tener evidencia visible y no una promesa abstracta.",pendiente de auditoría
DI-08-03,Differentiation,"originalidad, innovación y memorabilidad",responsive,crítico,"En originalidad, innovación y memorabilidad, comprobar que la implementación se comporta correctamente en distintos tamaños. Variante 3: el caso debe tener evidencia visible y no una promesa abstracta.",pendiente de auditoría
DI-08-04,Differentiation,"originalidad, innovación y memorabilidad",responsive,crítico,"En originalidad, innovación y memorabilidad, comprobar que la implementación se comporta correctamente en distintos tamaños. Variante 4: el caso debe tener evidencia visible y no una promesa abstracta.",pendiente de auditoría
DI-08-05,Differentiation,"originalidad, innovación y memorabilidad",responsive,crítico,"En originalidad, innovación y memorabilidad, comprobar que la implementación se comporta correctamente en distintos tamaños. Variante 5: el caso debe tener evidencia visible y no una promesa abstracta.",pendiente de auditoría
DI-08-06,Differentiation,"originalidad, innovación y memorabilidad",responsive,crítico,"En originalidad, innovación y memorabilidad, comprobar que la implementación se comporta correctamente en distintos tamaños. Variante 6: el caso debe tener evidencia visible y no una promesa abstracta.",pendiente de auditoría
DI-08-07,Differentiation,"originalidad, innovación y memorabilidad",responsive,crítico,"En originalidad, innovación y memorabilidad, comprobar que la implementación se comporta correctamente en distintos tamaños. Variante 7: el caso debe tener evidencia visible y no una promesa abstracta.",pendiente de auditoría
DI-08-08,Differentiation,"originalidad, innovación y memorabilidad",responsive,crítico,"En originalidad, innovación y memorabilidad, comprobar que la implementación se comporta correctamente en distintos tamaños. Variante 8: el caso debe tener evidencia visible y no una promesa abstracta.",pendiente de auditoría
DI-08-09,Differentiation,"originalidad, innovación y memorabilidad",responsive,crítico,"En originalidad, innovación y memorabilidad, comprobar que la implementación se comporta correctamente en distintos tamaños. Variante 9: el caso debe tener evidencia visible y no una promesa abstracta.",pendiente de auditoría
DI-08-10,Differentiation,"originalidad, innovación y memorabilidad",responsive,crítico,"En originalidad, innovación y memorabilidad, comprobar que la implementación se comporta correctamente en distintos tamaños. Variante 10: el caso debe tener evidencia visible y no una promesa abstracta.",pendiente de auditoría
DI-09-01,Differentiation,"originalidad, innovación y memorabilidad",distinctiveness,alto,"En originalidad, innovación y memorabilidad, comprobar que la solución es suficientemente propia para ser recordada y defendida. Variante 1: el caso debe tener evidencia visible y no una promesa abstracta.",pendiente de auditoría
DI-09-02,Differentiation,"originalidad, innovación y memorabilidad",distinctiveness,alto,"En originalidad, innovación y memorabilidad, comprobar que la solución es suficientemente propia para ser recordada y defendida. Variante 2: el caso debe tener evidencia visible y no una promesa abstracta.",pendiente de auditoría
DI-09-03,Differentiation,"originalidad, innovación y memorabilidad",distinctiveness,alto,"En originalidad, innovación y memorabilidad, comprobar que la solución es suficientemente propia para ser recordada y defendida. Variante 3: el caso debe tener evidencia visible y no una promesa abstracta.",pendiente de auditoría
DI-09-04,Differentiation,"originalidad, innovación y memorabilidad",distinctiveness,alto,"En originalidad, innovación y memorabilidad, comprobar que la solución es suficientemente propia para ser recordada y defendida. Variante 4: el caso debe tener evidencia visible y no una promesa abstracta.",pendiente de auditoría
DI-09-05,Differentiation,"originalidad, innovación y memorabilidad",distinctiveness,alto,"En originalidad, innovación y memorabilidad, comprobar que la solución es suficientemente propia para ser recordada y defendida. Variante 5: el caso debe tener evidencia visible y no una promesa abstracta.",pendiente de auditoría
DI-09-06,Differentiation,"originalidad, innovación y memorabilidad",distinctiveness,alto,"En originalidad, innovación y memorabilidad, comprobar que la solución es suficientemente propia para ser recordada y defendida. Variante 6: el caso debe tener evidencia visible y no una promesa abstracta.",pendiente de auditoría
DI-09-07,Differentiation,"originalidad, innovación y memorabilidad",distinctiveness,alto,"En originalidad, innovación y memorabilidad, comprobar que la solución es suficientemente propia para ser recordada y defendida. Variante 7: el caso debe tener evidencia visible y no una promesa abstracta.",pendiente de auditoría
DI-09-08,Differentiation,"originalidad, innovación y memorabilidad",distinctiveness,alto,"En originalidad, innovación y memorabilidad, comprobar que la solución es suficientemente propia para ser recordada y defendida. Variante 8: el caso debe tener evidencia visible y no una promesa abstracta.",pendiente de auditoría
DI-09-09,Differentiation,"originalidad, innovación y memorabilidad",distinctiveness,alto,"En originalidad, innovación y memorabilidad, comprobar que la solución es suficientemente propia para ser recordada y defendida. Variante 9: el caso debe tener evidencia visible y no una promesa abstracta.",pendiente de auditoría
DI-09-10,Differentiation,"originalidad, innovación y memorabilidad",distinctiveness,alto,"En originalidad, innovación y memorabilidad, comprobar que la solución es suficientemente propia para ser recordada y defendida. Variante 10: el caso debe tener evidencia visible y no una promesa abstracta.",pendiente de auditoría
DI-10-01,Differentiation,"originalidad, innovación y memorabilidad",verification,crítico,"En originalidad, innovación y memorabilidad, comprobar que el resultado puede validarse con una prueba concreta antes de publicarse. Variante 1: el caso debe tener evidencia visible y no una promesa abstracta.",pendiente de auditoría
DI-10-02,Differentiation,"originalidad, innovación y memorabilidad",verification,crítico,"En originalidad, innovación y memorabilidad, comprobar que el resultado puede validarse con una prueba concreta antes de publicarse. Variante 2: el caso debe tener evidencia visible y no una promesa abstracta.",pendiente de auditoría
DI-10-03,Differentiation,"originalidad, innovación y memorabilidad",verification,crítico,"En originalidad, innovación y memorabilidad, comprobar que el resultado puede validarse con una prueba concreta antes de publicarse. Variante 3: el caso debe tener evidencia visible y no una promesa abstracta.",pendiente de auditoría
DI-10-04,Differentiation,"originalidad, innovación y memorabilidad",verification,crítico,"En originalidad, innovación y memorabilidad, comprobar que el resultado puede validarse con una prueba concreta antes de publicarse. Variante 4: el caso debe tener evidencia visible y no una promesa abstracta.",pendiente de auditoría
DI-10-05,Differentiation,"originalidad, innovación y memorabilidad",verification,crítico,"En originalidad, innovación y memorabilidad, comprobar que el resultado puede validarse con una prueba concreta antes de publicarse. Variante 5: el caso debe tener evidencia visible y no una promesa abstracta.",pendiente de auditoría
DI-10-06,Differentiation,"originalidad, innovación y memorabilidad",verification,crítico,"En originalidad, innovación y memorabilidad, comprobar que el resultado puede validarse con una prueba concreta antes de publicarse. Variante 6: el caso debe tener evidencia visible y no una promesa abstracta.",pendiente de auditoría
DI-10-07,Differentiation,"originalidad, innovación y memorabilidad",verification,crítico,"En originalidad, innovación y memorabilidad, comprobar que el resultado puede validarse con una prueba concreta antes de publicarse. Variante 7: el caso debe tener evidencia visible y no una promesa abstracta.",pendiente de auditoría
DI-10-08,Differentiation,"originalidad, innovación y memorabilidad",verification,crítico,"En originalidad, innovación y memorabilidad, comprobar que el resultado puede validarse con una prueba concreta antes de publicarse. Variante 8: el caso debe tener evidencia visible y no una promesa abstracta.",pendiente de auditoría
DI-10-09,Differentiation,"originalidad, innovación y memorabilidad",verification,crítico,"En originalidad, innovación y memorabilidad, comprobar que el resultado puede validarse con una prueba concreta antes de publicarse. Variante 9: el caso debe tener evidencia visible y no una promesa abstracta.",pendiente de auditoría
DI-10-10,Differentiation,"originalidad, innovación y memorabilidad",verification,crítico,"En originalidad, innovación y memorabilidad, comprobar que el resultado puede validarse con una prueba concreta antes de publicarse. Variante 10: el caso debe tener evidencia visible y no una promesa abstracta.",pendiente de auditoría
